benchmark,model,index,question,gt,raw,pred,correct
GQA-ru,base,10476,Полотенца белые и грязные?,нет,да,да,False
GQA-ru,base,1824,"Какого цвета свитер, который носит женщина?",синий,оранжевый,оранжевый,False
GQA-ru,base,409,Из какого материала сделан знак стоп на верхушке столба?,металл,из бетонного материала,из,False
GQA-ru,base,12149,Какого цвета брюки?,черные,синие,синие,False
GQA-ru,base,4506,Какие предметы мебели сделаны из дерева?,шкафы,шкафы,шкафы,True
GQA-ru,base,4012,Какой предмет мебели высокий?,полка,стол,стол,False
GQA-ru,base,3657,"Торт, который находится справа от девочки, выглядит коричневым и круглым?",да,да,да,True
GQA-ru,base,2286,Что висит над цветами?,картина,вело,вело,False
GQA-ru,base,12066,На какой стороне изображения находятся книги?,справа,TR nahilalakip nahilalakip nahilalakip nahilalakip nahilalakip nahilalakip nahilalakip nahilalakip nahilalakip,tr,False
GQA-ru,base,1679,Как называется широкий предмет мебели?,стул,TR,tr,False
GQA-ru,base,11087,"За чем находится этот забор, за коровой или за слоном?",за слоном,TRЯAbbiamo слона,trяabbiamo,False
GQA-ru,base,12135,Брюки короткие и темного цвета?,нет,TR nahilalakip nahilalakip nahilalakip nahilalakip nahilalakip nahilalakip nahilalakip nahilalakip nahilalakip,tr,False
GQA-ru,base,8935,"На каком предмете мебели лежит порошок, на кровати или на книжном шкафу?",на кровати,soggior soggior,soggior,False
GQA-ru,base,1424,Блузка в полоску длинного рукава и розового цвета?,нет,TR nahilalakip nahilalakip nahilalakip nahilalakip nahilalakip nahilalakip nahilalakip nahilalakip nahilalakip,tr,False
GQA-ru,base,9674,"Ты думаешь, что дорога грязная?",да,TRUN nahilalakip nahilalakip nahilalakip nahilalakip nahilalakip nahilalakip nahilalakip nahilalakip,trun,False
GQA-ru,base,6912,Имеет ли зеркало на стене серебристый цвет и круглую форму?,нет,TR nahilalakip nahilalakip nahilalakip nahilalakip nahilalakip nahilalakip nahilalakip nahilalakip nahilalakip,tr,False
GQA-ru,base,520,Каковы размеры бетонной тротуарной дорожки?,большие,маленькие,маленькие,False
GQA-ru,base,488,Есть ли лошади перед белым забором?,нет,да,да,False
GQA-ru,base,1535,Какое животное красивое?,лошади,лошадь,лошадь,False
GQA-ru,base,3582,"Какая мебель сделана из такого же материала, как оконная рама, которая выглядит белой?",книжный шкаф,диван,диван,False
GQA-ru,base,3811,"Какой рост у человека, стоящего рядом с другим человеком?",высокий,мало,мало,False
GQA-ru,base,8279,Как называется предмет мебели перед огромным зеркалом?,диван,диван,диван,True
GQA-ru,base,9863,Есть ли бумажные стаканы или тарелки?,да,да,да,True
GQA-ru,base,434,Как называется черный предмет мебели?,книжный шкаф,стол,стол,False
GQA-ru,base,9195,У занавесок и чашек одинаковый цвет?,да,да,да,True
GQA-ru,base,3257,Какая одежда не является нарядной?,рубашка,костюм,костюм,False
GQA-ru,base,11731,Кого преследует мужчина?,женщину,женщина,женщина,False
GQA-ru,base,10647,Салфетка сделана из ткани или бумаги?,бумага,бумага,бумага,True
GQA-ru,base,11490,Какого цвета знак рядом со светофором?,красный,красного,красного,False
GQA-ru,base,8928,"Озеро, которое кажется мокрым, выглядит спокойным?",нет,да,да,False
GQA-ru,base,6873,Какого размера окно?,маленькое,маленькое,маленькое,True
GQA-ru,base,3611,Какое устройство находится справа от колонки?,компьютер,компьютерная мышка,компьютерная,False
GQA-ru,base,7359,"Какой прибор находится справа от контейнера, который меньше пылесоса?",плита,холодильник,холодильник,False
GQA-ru,base,9654,Какой предмет мебели показан?,диван,диван,диван,True
GQA-ru,base,4557,Есть ли шкаф слева от прибора у окна?,нет,нет,нет,True
GQA-ru,base,106,Из чего сделан телефон?,пластик,дерево,дерево,False
GQA-ru,base,2615,Что находится перед белой плиткой?,кран,дван,дван,False
GQA-ru,base,11438,В каком устройстве находится алкоголь?,в блендере,блендер,блендер,False
GQA-ru,base,6924,Этот стол круглый?,нет,нет,нет,True
GQA-ru,base,5574,Что выше трубы?,окно,духовка,духовка,False
GQA-ru,base,4552,"Стоят ли банки справа от кружек, которые стоят на плите?",да,да,да,True
GQA-ru,base,2547,"Что менее здоровое, зефир или малина?",зефир,малина,малина,False
GQA-ru,base,3527,"Вы видите велосипеды или самокаты, которые не серые?",нет,нет,нет,True
GQA-ru,base,5514,Животные разных видов?,нет,да,да,False
GQA-ru,base,1674,Из какого материала сделан черный стул?,металл,из дерева,из,False
GQA-ru,base,1519,Что находится перед улицей?,деревья,забор,забор,False
GQA-ru,base,6224,Девушка слева или справа от серебристого автомобиля?,справа,слева,слева,False
GQA-ru,base,1584,Монитор над клавиатурой серый и маленький?,нет,да,да,False
GQA-ru,base,5881,"Есть ли на этой фотографии и тарелка, и нож?",нет,да,да,False
GQA-ru,base,5635,Какой это предмет мебели?,кровать,кровать,кровать,True
GQA-ru,base,9891,Какой прибор находится справа от контейнера?,духовка,микроволновка,микроволновка,False
GQA-ru,base,4333,Облачно ли на этой фотографии?,да,да,да,True
GQA-ru,base,711,Какого цвета стул справа от женщины?,черный,синий,синий,False
GQA-ru,base,11955,"Пирс, который сделан из дерева, коричневый или, может быть, белый?",коричневый,белый,белый,False
GQA-ru,base,7527,Чего держится спортсмен?,ракетку,ракетка,ракетка,False
GQA-ru,base,8785,Что перед зданием?,деревья,забор,забор,False
GQA-ru,base,2045,Какая погода?,облачно,TRка,trка,False
GQA-ru,base,6201,"Ваза и унитаз, которые выглядят прямоугольными, оба белые?",да,sappi sappi,sappi,False
GQA-ru,base,1291,Какого цвета поле за забором?,коричневый,TRЁMADRID,trёmadrid,False
GQA-ru,base,9044,"Как вы думаете, какая вещь сделана из хлопка?",футболка,TRASH,trash,False
GQA-ru,base,4803,На какой стороне находится аптечка?,справа,TRSPATH,trspath,False
GQA-ru,base,10299,Соус одновременно жидкий и темный?,нет,TR nahilalakip nahilalakip nahilalakip nahilalakip nahilalakip nahilalakip nahilalakip nahilalakip nahilalakip,tr,False
GQA-ru,base,10133,В чём находится вода?,стакан,TRЁ essentielle,trё,False
GQA-ru,base,5925,Какой вид транспортного средства черный?,автобус,TRКА,trка,False
GQA-ru,base,9459,Какое устройство находится справа от стула?,ноутбук,ноутбук,ноутбук,True
GQA-ru,base,3150,Эта девочка под мягкой игрушкой?,нет,да,да,False
GQA-ru,base,11543,"Вы видите дверь, которая не закрыта?",нет,нет,нет,True
GQA-ru,base,1139,Кто держит белую еду внутри холодильника?,женщина,женщина,женщина,True
GQA-ru,base,750,Какой кухонный предмет не тёплый?,лопатка,пиро,пиро,False
GQA-ru,base,10834,Какого размера рубашка?,маленькая,маленькая,маленькая,True
GQA-ru,base,3733,"Какой твёрдости скейтпарк, на котором катается мужчина?",твёрдый,твёрда,твёрда,False
GQA-ru,base,4741,"Как вы думаете, на что смотрит бейсболист перед судьей?",на бейсбольный мяч,на поле,на,False
GQA-ru,base,1307,Серф находится в нижней части или в верхней части изображения?,в верхней,в верхней,в,False
GQA-ru,base,3814,С какой стороны изображения находится арбитр?,слева,слева,слева,True
GQA-ru,base,1654,Какой тип знака установлен на широком тротуаре?,дорожный знак,знакLookAndLookAndLookAndLookAndLookAndLookAndLookAndLookAnd,знакlookandlookandlookandlookandlookandlookandlookandlookand,False
GQA-ru,base,6227,Есть ли на этом изображении черные ракетки или бейсбольные биты?,нет,нет,нет,True
GQA-ru,base,4554,"Как ты думаешь, кто на скейтборде?",мальчик,мальчик,мальчик,True
GQA-ru,base,7428,Выглядит ли велосипед на тротуаре красочным?,да,да,да,True
GQA-ru,base,10415,Рубашка в полоску с длинными рукавами или с короткими?,с короткими,с короткими,с,False
GQA-ru,base,5977,Кто стоит перед пластиковой вывеской?,мужчина,мужчина,мужчина,True
GQA-ru,base,2664,Деревья возле скалы низкие и зелёные?,нет,да,да,False
GQA-ru,base,6065,Кто носит пальто?,дама,женщина,женщина,False
GQA-ru,base,5820,Он носит перчатку?,нет,да,да,False
GQA-ru,base,3432,На чём едет человек?,на мотоцикле,велосипед,велосипед,False
GQA-ru,base,10980,На чем сидит человек справа от бутылки?,на стуле,стул,стул,False
GQA-ru,base,4374,Что использует мужчина?,скейтборд,скейтборд,скейтборд,True
GQA-ru,base,11498,Чистый ли потолок?,да,да,да,True
GQA-ru,base,11199,Есть ли барные стулья или столы?,да,нет,нет,False
GQA-ru,base,10617,Какой предмет мебели изготовлен из пластика?,письменный стол,стол,стол,False
GQA-ru,base,1169,"Трибуны, которые не длинные, сделаны из дерева?",нет,да,да,False
GQA-ru,base,9980,Хвост выглядит треугольным и красным?,да,да,да,True
GQA-ru,base,10403,"Галстук имеет другой цвет, чем туфли?",нет,нет,нет,True
GQA-ru,base,2803,Какого цвета занавеска слева от подушек?,жёлтая,красная,красная,False
GQA-ru,base,8751,"Как называется транспортное средство, изготовленное из того же материала, что и не короткий столб?",фургон,фургон,фургон,True
GQA-ru,base,11946,Коричневая колбаса лежит на тарелке?,да,да,да,True
GQA-ru,base,4010,Что общего у пульта и телефона?,материал,цвет,цвет,False
GQA-ru,base,2677,На что смотрит мужчина?,на двери,компьютер,компьютер,False
GQA-ru,base,7573,С чем он играет?,с контроллером wii,с Wii,с,False
GQA-ru,base,6216,Кто сидит на маленькой кровати?,мальчик,ребенок,ребенок,False
GQA-ru,base,4422,Что это за место?,дорога,дорога,дорога,True
GQA-ru,base,10485,Пляж сухой и каменистый?,нет,да,да,False
GQA-ru,base,11274,Бутылка вина и тостер сделаны из одного и того же материала?,нет,да,да,False
GQA-ru,base,9125,Горшок для растений полный или пустой?,полный,пустой,пустой,False
GQA-ru,base,3598,Есть ли девочки справа от теннисной ракетки?,да,да,да,True
GQA-ru,base,11216,"Что находится перед зеркалом, слева от которого висят картины?",кровать,к картины,к,False
GQA-ru,base,5313,Есть ли забор перед кустами?,нет,нет,нет,True
GQA-ru,base,916,"Где на картинке высокий игрок, слева или справа?",слева,слева,слева,True
GQA-ru,base,3752,Из чего сделано стекло?,из стекла,дерево,дерево,False
GQA-ru,base,525,Пожарная машина на улице выглядит грязной и белой?,нет,да,да,False
GQA-ru,base,5168,Какой предмет мебели находится под прямоугольным устройством?,стул,стул,стул,True
GQA-ru,base,6572,Выглядит ли шоколадный десерт круглым и зеленым?,нет,да,да,False
GQA-ru,base,4386,Флаг выглядит спокойным и синим?,нет,да,да,False
GQA-ru,base,1084,На какой стороне картинки находится молодой человек?,слева,слева,слева,True
GQA-ru,base,3456,Есть ли какие-нибудь лампы над белой стойкой?,нет,нет,нет,True
GQA-ru,base,9292,"Какого цвета волосы у дамы, которая не антикварная?",блонд,белые,белые,False
GQA-ru,base,11762,Кто держит ракетку?,девочка,женщина,женщина,False
GQA-ru,base,5155,Как называется прямоугольный предмет мебели?,письменный стол,стол,стол,False
GQA-ru,base,3483,"Какое животное висит над дорожкой, изображённое на картинке?",жираф,жираф,жираф,True
GQA-ru,base,10738,"Находится ли низкий человек справа или слева от сумки, которая находится под столом?",справа,справа,справа,True
GQA-ru,base,8179,"Мужчина справа или слева от слона, который стоит перед скамейками?",справа,справа,справа,True
GQA-ru,base,6482,Что висит на окне из стекла?,шторы,карман,карман,False
GQA-ru,base,10532,"Как называются овощи, которые лежат на кухонном принадлежности, стоящей на столе?",маринованные огурцы,перец,перец,False
GQA-ru,base,7517,Что общего у книжного шкафа и сумки?,цвет,цвет,цвет,True
GQA-ru,base,2340,"Кто игрок, который присел и смотрит?",бэттер,игрок,игрок,False
GQA-ru,base,4339,Какое это место?,пастбище,какое это место,какое,False
GQA-ru,base,2287,Есть ли у вас серебристые DVD-плееры или ноутбуки?,нет,нет,нет,True
GQA-ru,base,4040,"Сидит ли человек слева от ноутбука рядом с подарком, который находится рядом с мужчиной?",да,да,да,True
GQA-ru,base,12205,К чему привязана веревка?,к пальто,к чемуPřiвязаннаяluß,к,False
GQA-ru,base,9197,Какое устройство находится рядом с компьютерной мышью?,клавиатура,компьютер,компьютер,False
GQA-ru,base,8830,Из чего сделан забор?,из металла,дерево,дерево,False
GQA-ru,base,4304,Какой предмет лежит на журнальном столике?,пульт управления,телефон,телефон,False
GQA-ru,base,9577,Кто наклоняется?,футболист,девочка,девочка,False
GQA-ru,base,7019,"Тележка, которая находится слева от машины, металлическая и черная?",да,да,да,True
GQA-ru,base,9560,"Сидит ли человек, не являющийся женщиной, за партой?",нет,да,да,False
GQA-ru,base,6543,Как называется этот предмет мебели?,полка,полка,полка,True
GQA-ru,base,5930,Какая мебель жёлтая?,кровать,кровать,кровать,True
GQA-ru,base,3593,Печь слева от плиты красная и квадратная?,да,да,да,True
GQA-ru,base,2266,"Как называется еда, которая лежит на белой тарелке рядом с вилкой?",яйца,брокколи,брокколи,False
GQA-ru,base,8348,Цвет подноса и разделочной доски одинаковый?,нет,да,да,False
GQA-ru,base,8085,Диван и вентилятор одного цвета?,нет,да,да,False
GQA-ru,base,1489,Есть ли красные самокаты или скейтборды?,нет,нет,нет,True
GQA-ru,base,771,Шляпа выглядит черно-белой?,да,да,да,True
GQA-ru,base,1796,Что висит на стене?,постер,пост,пост,False
GQA-ru,base,2504,Настольная лампа находится в верхней или нижней части изображения?,в верхней,в верхней,в,False
GQA-ru,base,10280,"Что находится перед рубашкой, которую он носит?",галстук,шляпа,шляпа,False
GQA-ru,base,2621,Роскошное дерево за домом?,нет,да,да,False
GQA-ru,base,11149,На чём стоит часы?,тумбочка,на полке,на,False
GQA-ru,base,6916,Подушки слева от неё квадратные и белые?,нет,да,да,False
GQA-ru,base,9771,Какое это животное?,слон,слон,слон,True
GQA-ru,base,1040,Из какого материала сделан стул?,металл,из пластика,из,False
GQA-ru,base,6304,"Как называется животное, перед которым стоит обувь?",кот,кот,кот,True
GQA-ru,base,6252,"Ковер такого же цвета, как растение?",да,да,да,True
GQA-ru,base,9763,Человек носит шорты?,нет,да,да,False
GQA-ru,base,7668,Перед чем находится забор?,куст,забор,забор,False
GQA-ru,base,8669,Какая мебель неудобная?,журнальный столик,диван,диван,False
GQA-ru,base,4119,На каком предмете мебели сидит мужчина в белом под кадром?,диван,диван,диван,True
GQA-ru,base,9064,Кто носит шляпу?,мальчик,мальчик,мальчик,True
GQA-ru,base,188,Какой прибор стоит перед стеной?,холодильник,телефон,телефон,False
GQA-ru,base,11145,Видишь ли ты какие-нибудь чёрные компьютеры?,да,да,да,True
GQA-ru,base,11808,Какое животное перед зеркалом?,кот,кот,кот,True
GQA-ru,base,1876,"На фотографии есть и окна, и двери?",да,да,да,True
GQA-ru,base,11169,"Какого размера деревянный стол, большой или маленький?",большой,маленький,маленький,False
GQA-ru,base,8797,Что использует женщина за зеркалом?,щётку,маска,маска,False
GQA-ru,base,4371,Что перед бокалом для вина?,столовые приборы,бокал,бокал,False
GQA-ru,base,10501,Что держит человек перед стеной?,бейсбольную биту,биту,биту,False
GQA-ru,base,5573,Что стоит на полке в ванной?,декорация,туPodobка,туpodobка,False
GQA-ru,base,1827,Кто носит кроссовки?,спортсмен,женщина,женщина,False
GQA-ru,base,4808,Отличается ли цвет стола от цвета пола?,нет,да,да,False
GQA-ru,base,7123,"Есть ли какие-нибудь яблоки или апельсины, которые не очищены от кожуры?",нет,нет,нет,True
GQA-ru,base,2591,"Куклы, которые находятся слева от людей, выглядят большими и яркими?",нет,да,да,False
GQA-ru,base,7433,Корова над травой выглядит маленькой?,нет,да,да,False
GQA-ru,base,53,Кто носит браслет?,женщина,женщина,женщина,True
GQA-ru,base,11830,На какой стороне находится женщина?,слева,слева,слева,True
GQA-ru,base,11791,С какой стороны зеркало?,справа,слева,слева,False
GQA-ru,base,4315,Рубашка выглядит бежевой и с короткими рукавами?,нет,да,да,False
GQA-ru,base,8201,Большая бытовая техника белая или темная?,темная,белая,белая,False
GQA-ru,base,2927,Какой предмет мебели находится под светильником?,стул,стул,стул,True
GQA-ru,base,8317,Есть ли забор перед деревьями?,нет,да,да,False
GQA-ru,base,1743,Чего держится скейтер?,скейтборда,скейтер,скейтер,False
GQA-ru,base,10244,Ожерелье выглядит серебристым и длинным?,нет,да,да,False
GQA-ru,base,4889,Какого размера белое сиденье унитаза?,маленькое,маленькое,маленькое,True
GQA-ru,base,10468,Кто носит перчатку?,ловец,игрок,игрок,False
GQA-ru,base,9977,Кто держит весло?,мужчина,мужчина,мужчина,True
GQA-ru,base,3258,Что носит молодой человек?,очки,очки,очки,True
GQA-ru,base,6126,Какое животное находится слева от жирафа?,бизон,биха姆,биха姆,False
GQA-ru,base,2646,Забор находится позади машины?,нет,да,да,False
GQA-ru,base,8837,Что общее между сеткой и битой?,материал,цвет,цвет,False
GQA-ru,base,8689,Какая мебель тяжёлая?,шкаф,шкаф,шкаф,True
GQA-ru,base,9,Что находится вокруг открытого окна?,шторы,растения,растения,False
GQA-ru,base,9813,"Кто стоит рядом с рубашкой, которая кажется сине-белой?",девочка,женщина,женщина,False
GQA-ru,base,5310,Кто идет по пешеходному переходу?,мужчина,мужчина,мужчина,True
GQA-ru,base,8005,"Находятся ли маленькие куклы слева от людей, стоящих за багажом?",да,да,да,True
GQA-ru,base,319,Что носит счастливая женщина?,платье,платье,платье,True
GQA-ru,base,1832,Трава короткая и зелёная?,да,да,да,True
GQA-ru,base,5947,Что находится позади человека слева?,лампа,лыж,лыж,False
GQA-ru,base,5038,"Сколько лет девочке, которая сидит?",молода,мало,мало,False
GQA-ru,base,3923,Какой длины юбка?,длинная,длинные,длинные,False
GQA-ru,base,949,Какое устройство находится справа от мужчины?,экран,ноутбук,ноутбук,False
GQA-ru,base,3946,Какого цвета напиток посередине?,светло-коричневый,красного,красного,False
GQA-ru,base,9295,"Стул, который не полностью черный, белый?",белый,да,да,False
GQA-ru,base,1290,Мужчина носит часы?,да,да,да,True
GQA-ru,base,1403,Отличается ли по цвету домашняя база от ботинка?,нет,да,да,False
GQA-ru,base,11991,"Есть ли холодильники или посудомоечные машины, которые не черные?",нет,нет,нет,True
GQA-ru,base,7962,Какой прибор изображен на этой сцене?,плита,микроволновка,микроволновка,False
GQA-ru,base,1133,Есть ли автобусы или автомобили?,нет,нет,нет,True
GQA-ru,base,8727,Находится ли ноутбук слева?,да,да,да,True
GQA-ru,base,2060,Кто носит брюки?,ребёнок,женщина,женщина,False
GQA-ru,base,2103,Какой длины хвост?,длинный,длинные,длинные,False
GQA-ru,base,10809,Есть ли на фотографии зонт или полотенце?,нет,нет,нет,True
GQA-ru,base,7787,Что отражается в тостере?,бутылка вина,в тостере,в,False
GQA-ru,base,9007,Какого размера письменный стол?,маленький,маленький,маленький,True
GQA-ru,base,2705,На каком предмете мебели стоит ноутбук?,стол,стол,стол,True
GQA-ru,base,4342,У шортов короткая длина?,да,да,да,True
GQA-ru,base,8645,Где стоит человек?,на поле,на траве,на,False
GQA-ru,base,9938,Рубашка белая и с длинными рукавами?,нет,да,да,False
GQA-ru,base,6932,Что находится под картиной?,полотенца,тулка,тулка,False
GQA-ru,base,3470,Кран находится справа?,да,да,да,True
GQA-ru,base,8835,Кто стоит на траве?,футболист,мужчина,мужчина,False
GQA-ru,base,11959,"Что находится на тротуаре, сделанном из бетона?",автобус,подушки,подушки,False
GQA-ru,base,11302,Как называется розовый предмет одежды?,свитер,пальто,пальто,False
GQA-ru,base,3295,"Как называется мясо на тарелке, которое стоит на столе?",индейка,мясо,мясо,False
GQA-ru,base,11680,Кто указывает на розовую вещь слева от бутылки с водой?,девочка,женщина,женщина,False
GQA-ru,base,5107,На чём лежит пончик?,салфетке,на бумаге,на,False
GQA-ru,base,6537,Вы видите картины или заборы?,да,да,да,True
GQA-ru,base,11004,На чем лежит морковь?,разделочная доска,на плите,на,False
GQA-ru,base,6118,Какой длины металлический контейнер?,длинный,длинные,длинные,False
GQA-ru,base,7177,Какое устройство находится под ноутбуком?,клавиатура,компьютер,компьютер,False
GQA-ru,base,8479,Какого цвета грязь?,тёмная,оранжевая,оранжевая,False
GQA-ru,base,7397,Он носит кепку?,да,да,да,True
GQA-ru,base,1982,Этот ковёр кажется красным?,да,да,да,True
GQA-ru,base,4061,Большой транспорт жёлтый или чёрный?,жёлтый,жёлтый,жёлтый,True
GQA-ru,base,3681,Ракетка выглядит металлической и круглой?,да,нет,нет,False
GQA-ru,base,1049,Что лежит на полках?,полотенце,TRК,trк,False
GQA-ru,base,5539,Какая толщина волос?,густые,TRЁ savent,trё,False
GQA-ru,base,344,"И улыбающийся господин перед картиной, и европеец выглядят молодо?",да,sappi sappi,sappi,False
GQA-ru,base,9638,Какой это вид транспорта?,автомобили,TRUCK,truck,False
GQA-ru,base,9075,Какой предмет мебели белый?,компьютерный стол,TRК,trк,False
GQA-ru,base,3770,Какой овощ не круглый?,брокколи,TRЁЁlxt,trёёlxt,False
GQA-ru,base,9641,Какой овощ лежит на твёрдом столе?,цветная капуста,TRвинка,trвинка,False
GQA-ru,base,3608,Что общего у шарика и браслета?,цвет,TRБЛЫ,trблы,False
GQA-ru,base,117,"На чём стоит дозатор для мыла, сделанный из хрома?",на столешнице,двант,двант,False
GQA-ru,base,1163,"Ты думаешь, что эта девушка брюнетка?",да,нет,нет,False
GQA-ru,base,11597,Платье сделано из ткани?,да,да,да,True
GQA-ru,base,10339,"Есть ли парты или пуфы, которые не квадратные?",нет,нет,нет,True
GQA-ru,base,964,Какая мебель стоит перед книжным шкафом?,кровать,полка,полка,False
GQA-ru,base,3750,"Есть ли зонты слева от человека, который находится слева от пальмы?",да,да,да,True
GQA-ru,base,1104,Какое устройство находится справа от миски?,клавиатура,компьютер,компьютер,False
GQA-ru,base,514,"Кажется ли, что она сидит?",да,да,да,True
GQA-ru,base,5413,Сумка рядом с игроком квадратная и красная?,нет,да,да,False
GQA-ru,base,1160,Микроволновая печь серебристая и прямоугольная?,да,нет,нет,False
GQA-ru,base,8423,Какой бытовой прибор прозрачный?,холодильник,нет,нет,False
GQA-ru,base,3899,Каковы размеры высокого жилого здания?,большое,маленькие,маленькие,False
GQA-ru,base,4562,"Вы видите и овец, и коз?",да,да,да,True
GQA-ru,base,10960,Куртка из кожи черная и расстегнута?,да,да,да,True
GQA-ru,base,7953,Какая еда находится на круглой тарелке?,пирог,шоколад,шоколад,False
GQA-ru,base,3510,Из чего сделан кофе?,из пластика,из пластика,из,False
GQA-ru,base,8834,В чём сидит женщина?,складной стул,TRЁMADRID,trёmadrid,False
GQA-ru,base,2167,Какой вид транспорта тяжелый?,автомобили,TRUCK,truck,False
GQA-ru,base,11851,Люди слева или справа от черной машины?,справа,TRС,trс,False
GQA-ru,base,9355,Из чего сделан ящик?,из пластика,TRЁlxt,trёlxt,False
GQA-ru,base,9440,"Мальчик, который справа от другого мальчика, азиатский и молодой?",нет,TR,tr,False
GQA-ru,base,7744,Что общего у автобуса и дерева?,цвет,TRSPATH,trspath,False
GQA-ru,base,3981,"На этом изображении есть и грязь, и трава?",да,TRAVA,trava,False
GQA-ru,base,7749,"Какая мебель находится справа от контроллера, установленного на вертолёте?",стул,affezjgl venuto venuto affezjgl venuto venuto venuto,affezjgl,False
GQA-ru,base,6669,Есть ли на картинке ковры или заборы?,да,да,да,True
GQA-ru,base,3119,"Труба, которая выглядит белой, высокая и тонкая?",да,да,да,True
GQA-ru,base,1545,Перед чем стоит эта статуя?,забор,скамейка,скамейка,False
GQA-ru,base,1588,Из чего сделан контейнер для хранения?,металл,из пластика,из,False
GQA-ru,base,10796,Этот ноутбук кажется белым?,да,да,да,True
GQA-ru,base,7062,"Как называются предметы мебели, в которых лежат сложенные полотенца?",полки,шкафы,шкафы,False
GQA-ru,base,5804,Тумба под телевизор выглядит коричневой и низкой?,да,да,да,True
GQA-ru,base,6939,На какой стороне красный ковер?,слева,слева,слева,True
GQA-ru,base,6735,Что делает мальчик?,отдыхает,отвешен,отвешен,False
GQA-ru,base,7651,Какое животное тёмно-коричневое?,жираф,жираф,жираф,True
GQA-ru,base,11945,Какое устройство находится справа от карандаша?,монитор,компьютер,компьютер,False
GQA-ru,base,887,Какого цвета слова?,золотой,белые,белые,False
GQA-ru,base,11032,Какое животное перед забором?,лошадь,лошадь,лошадь,True
GQA-ru,base,10706,Это воздушный змей или флаг?,флаг,флаг,флаг,True
GQA-ru,base,10587,Этот мальчик слева от скейтборда?,нет,нет,нет,True
GQA-ru,base,1612,Есть ли на изображении диспенсеры для полотенец или игрушки?,нет,нет,нет,True
GQA-ru,base,993,Несет ли мужчина сноуборд?,нет,нет,нет,True
GQA-ru,base,6596,"Какой девайс, по-вашему, держит пожилой человек?",пульт wii,Wii,wii,False
GQA-ru,base,11931,Какое устройство находится под рамкой для картин?,монитор компьютера,компьютер,компьютер,False
GQA-ru,base,5559,У микроволновки цвет отличается от цвета тостера?,нет,да,да,False
GQA-ru,base,1790,Есть ли очки или теннисные мячи?,да,нет,нет,False
GQA-ru,base,4073,Что растет за забором из металла?,сосны,машина,машина,False
GQA-ru,base,3139,Какой прибор стоит на ящике?,блендер,блендер,блендер,True
GQA-ru,base,3116,Какая одежда серая?,носки,костюм,костюм,False
GQA-ru,base,8786,Что находится перед большим зданием?,деревья,забор,забор,False
GQA-ru,base,7350,"Что менее полезно для здоровья, хот-доги или яблоки?",хот-доги,хот-доги,хот-доги,True
GQA-ru,base,2296,Находится ли подстриженный газон рядом с серым гравием?,да,да,да,True
GQA-ru,base,3006,Есть ли бутылки на деревянном столе?,нет,нет,нет,True
GQA-ru,base,4563,Что находится перед мужчиной?,вход,велосипед,велосипед,False
GQA-ru,base,7579,Выглядит ли книжный шкаф из дерева современно?,да,да,да,True
GQA-ru,base,4092,Молодой человек перед скамейкой?,да,да,да,True
GQA-ru,base,1235,Что общего у фольги и бутылки?,форма,цвет,цвет,False
GQA-ru,base,7260,Какая мебель стоит за столом?,шкаф,стул,стул,False
GQA-ru,base,9016,Мужчина перед телевизором?,да,нет,нет,False
GQA-ru,base,1604,На какой стороне изображения находится кран?,слева,слева,слева,True
GQA-ru,base,828,Находится ли морозильник справа или слева от низкого столика у двери?,справа,справа,справа,True
GQA-ru,base,10684,Какое животное находится перед голой стеной?,котенок,кот,кот,False
GQA-ru,base,8856,Что покрыто снегом?,гора,окружение,окружение,False
GQA-ru,base,241,Какого тона пластиковый контейнер?,светлый,мало,мало,False
GQA-ru,base,1528,Есть ли какие-нибудь столы перед стулом под светильником?,да,да,да,True
GQA-ru,base,3872,Есть ли на картине часы?,нет,нет,нет,True
GQA-ru,base,2724,"Транспортное средство, которое не грязное, красное и металлическое?",да,нет,нет,False
GQA-ru,base,6658,У куртки серый цвет и длинная длина?,да,да,да,True
GQA-ru,base,7956,"Что находится под маслом, которое больше, чем вино?",плита,булочка,булочка,False
GQA-ru,base,7886,Рубашка тусклая или яркая?,тусклая,яркая,яркая,False
GQA-ru,base,3502,Какая одежда длинная?,джинсы,рубашка,рубашка,False
GQA-ru,base,6570,Есть ли чистые тарелки или вилки?,да,нет,нет,False
GQA-ru,base,960,Кто играет?,мужчина,мужчина,мужчина,True
GQA-ru,base,2697,Есть ли рядом с раковиной полотенце?,да,да,да,True
GQA-ru,base,6209,Скейтборд одновременно черный и деревянный?,да,нет,нет,False
GQA-ru,base,35,Что окружают занавески?,окно,занавески,занавески,False
GQA-ru,base,6396,Футбольный мяч на поле кажется неподвижным и красным?,да,да,да,True
GQA-ru,base,4345,"Как называется знак, перед которым стоит девушка?",дорожный знак,уличный знак,уличный,False
GQA-ru,base,7454,Что держит взрослый человек?,телефон,телефон,телефон,True
GQA-ru,base,4673,Какой это вид фастфуда?,сосиски в тесте,хот-дог,хот-дог,False
GQA-ru,base,6930,Пальто синее или жёлтое?,жёлтое,жёлтое,жёлтое,True
GQA-ru,base,11412,Узкая река выглядит синей и влажной?,да,да,да,True
GQA-ru,base,11968,На какой стороне прямоугольное устройство?,слева,слева,слева,True
GQA-ru,base,9105,Мужчина находится под зеркалом?,да,да,да,True
GQA-ru,base,10844,Дверь деревянная и открытая?,нет,нет,нет,True
GQA-ru,base,11770,Какого цвета маленькая сумка?,синий,синяя,синяя,False
GQA-ru,base,7973,Дверь и шкаф сделаны из одного и того же материала?,да,да,да,True
GQA-ru,base,2536,Зеркало сверху или снизу?,сверху,сверху,сверху,True
GQA-ru,base,3111,Есть ли здесь высокие мужчины или женщины?,нет,нет,нет,True
GQA-ru,base,4861,"Есть ли либо ноутбук, либо стул, сделанный из пластика?",да,да,да,True
GQA-ru,base,3566,Какая игрушка у маленького человека?,кукла,кукла,кукла,True
GQA-ru,base,958,"Что расположено на краю автобуса, что не является узким?",дверь,автобус,автобус,False
GQA-ru,base,9489,Какой высоты красивые дикие цветы?,высокие,низкие,низкие,False
GQA-ru,base,12054,На каком предмете мебели стоит торт?,на столе,стол,стол,False
GQA-ru,base,8883,Какой вид мебели находится перед мужчиной в джинсах?,журнальный столик,диван,диван,False
GQA-ru,base,998,Какая мебель на фото не маленькая?,стул,стул,стул,True
GQA-ru,base,5138,"Что лежит на подносе, который сделан из дерева?",клавиатура,камень,камень,False
GQA-ru,base,936,"Кофейный столик того, что выглядит немного коричневым или белым?",коричневый,белым,белым,False
GQA-ru,base,821,Есть ли телефоны слева от мужчины под рамкой?,да,да,да,True
GQA-ru,base,9571,Находится ли белая клавиатура справа от пластикового стакана?,нет,да,да,False
GQA-ru,base,7811,На чем сидит женщина?,на стуле,стул,стул,False
GQA-ru,base,8238,Что перед статуей?,забор,скату,скату,False
GQA-ru,base,8701,Люди находятся с правой стороны изображения?,да,да,да,True
GQA-ru,base,2579,Какой компании принадлежит шапка?,nike,очки,очки,False
GQA-ru,base,931,Что летает над землей?,фрисби,фризборд,фризборд,False
GQA-ru,base,8320,Насколько чистая улица?,грязная,чистая,чистая,False
GQA-ru,base,1312,Деревья за пожарной машиной выглядят уродливыми и высокими?,да,да,да,True
GQA-ru,base,3044,Какая мебель находится под столом?,стул,стул,стул,True
GQA-ru,base,1122,"Есть ли бекон справа от блина, который лежит на тарелке?",да,да,да,True
GQA-ru,base,9749,Какая мебель сделана из дерева?,стол,стол,стол,True
GQA-ru,base,1113,Какое животное слева от бутылки?,корова,корова,корова,True
GQA-ru,base,11062,Что делает мужской зритель?,стоит,отвещает,отвещает,False
GQA-ru,base,3853,Какой овощ на столе?,капуста,брокколи,брокколи,False
GQA-ru,base,6615,"Выглядит ли шапка, которая кажется черно-белой, закрытой и Adidas?",нет,sappi sappi casio venuto affezñado affezñado affez,sappi,False
GQA-ru,base,1964,Находится ли невысокий человек за сумкой из кожи?,да,TRUNsetToolTip,trunsettooltip,False
GQA-ru,base,9333,Прибор рядом с туалетом стоит?,да,TR nahilalakip nahilalakip nahilalakip nahilalakip nahilalakip nahilalakip nahilalakip nahilalakip nahilalakip,tr,False
GQA-ru,base,4033,Как называется белая бытовая техника?,плита,TRASH,trash,False
GQA-ru,base,9485,Кто стоит на поле?,женщина,TRЁMADRID,trёmadrid,False
GQA-ru,base,9740,Что находится на полосатом ковре?,стул,TRК,trк,False
GQA-ru,base,651,Она в юбке?,да,TRUNakaian,trunakaian,False
GQA-ru,base,10147,Открытый зонтик красный или серый?,серый,TR culoare,tr,False
GQA-ru,base,1343,Что окружает шаттл?,звезды,одеяло,одеяло,False
GQA-ru,base,6868,"Кажется ли, что пожилые женщины идут пешком?",нет,нет,нет,True
GQA-ru,base,10770,Находятся ли маленькие книги справа или слева от женщины?,справа,справа,справа,True
GQA-ru,base,9562,Эта тарелка выглядит полной и черной?,да,нет,нет,False
GQA-ru,base,9260,Дом стоит рядом с блендером?,нет,да,да,False
GQA-ru,base,8565,На каком кухонном принадлежности лежит картофель?,разделочная доска,на плите,на,False
GQA-ru,base,5183,"На картине есть и еда, и вино?",нет,да,да,False
GQA-ru,base,4272,Что общего у скульптуры и камина?,цвет,цвет,цвет,True
GQA-ru,base,3346,Высокие здания находятся за чистым песком?,да,да,да,True
GQA-ru,base,10972,Человек возле дерева низкий или высокий?,высокий,высокий,высокий,True
GQA-ru,base,11734,Какой это прибор?,тостер,микроволновка,микроволновка,False
GQA-ru,base,5147,Какая одежда белая?,платье,платье,платье,True
GQA-ru,base,3910,В чём растение?,в цветочном горшке,в мике,в,False
GQA-ru,base,4351,Белые штаны короткие или длинные?,короткие,длинные,длинные,False
GQA-ru,base,6484,Белая рубашка без рукавов?,да,да,да,True
GQA-ru,base,2144,Есть ли большие телевизоры или принтеры?,нет,нет,нет,True
GQA-ru,base,10575,Приправы в блендере?,да,да,да,True
GQA-ru,base,4915,Насколько чистая ложка?,чистая,чистая,чистая,True
GQA-ru,base,7491,Рубашка с длинными рукавами и белая?,да,да,да,True
GQA-ru,base,5180,Какого цвета этот диван?,коричневый,серый,серый,False
GQA-ru,base,1188,Какой вид транспорта находится на дороге?,автобус,автобус,автобус,True
GQA-ru,base,152,На чём мальчик?,на велосипеде,велосипед,велосипед,False
GQA-ru,base,7508,Что держит женщина?,сумку,бананы,бананы,False
GQA-ru,base,10177,Какая еда находится на тарелке рядом с вилкой?,блин,камеיתוף,камеיתוף,False
GQA-ru,base,9224,Есть ли какие-нибудь красные воздушные змеи или флаги?,нет,да,да,False
GQA-ru,base,1638,Что внутри кружки?,зубная паста,сушилка,сушилка,False
GQA-ru,base,1200,Что надето на мужчине?,шляпа,очки,очки,False
GQA-ru,base,8808,Одинаковый ли цвет у оливки и у коробки для пиццы?,нет,да,да,False
GQA-ru,base,3492,На чем едет велосипедист?,на мотоцикле,на мотоцикле,на,False
GQA-ru,base,8288,Кто под зонтом?,мужчина,мужчина,мужчина,True
GQA-ru,base,2170,Какое мясо на тарелке?,ветчина,мясо,мясо,False
GQA-ru,base,5718,"На изображении есть и компьютеры, и телефоны?",да,да,да,True
GQA-ru,base,1127,Какие предметы одежды чистые?,брюки,TR puissante,tr,False
GQA-ru,base,4002,Из какого материала сделан скейтборд справа от скейтбордиста?,пластик,sappi sappi,sappi,False
GQA-ru,base,6054,Ручки рядом с котом маленькие и яркие?,да,TRATE attorno a un'scoloa,trate,False
GQA-ru,base,4669,"Где на фотографии находится ноутбук, справа или слева?",слева,TRслева,trслева,False
GQA-ru,base,2584,Какая одежда красная?,пальто,TR Tode,tr,False
GQA-ru,base,7179,Что держит худая женщина?,корзину,TRК,trк,False
GQA-ru,base,8900,Есть ли жёлтые шлемы на изображении?,нет,TR,tr,False
GQA-ru,base,11526,Бумажный пакет слева или справа от неё?,слева,TRслева,trслева,False
GQA-ru,base,4956,Мужчина пьёт или смотрит?,смотрит,смотрит,смотрит,True
GQA-ru,base,10021,Надел ли кэтчер перчатку?,да,да,да,True
GQA-ru,base,10714,Плита отличается по цвету от духовки?,нет,нет,нет,True
GQA-ru,base,8666,"Какого цвета тарелка, стоящая на столе?",тёмно-синий,синяя,синяя,False
GQA-ru,base,128,Пластиковый шлем слева от женщины?,да,да,да,True
GQA-ru,base,10942,"Кто стоит рядом со знаком ""стоп"", сделанным из металла?",мужчина,мужчина,мужчина,True
GQA-ru,base,9086,У дерева и дивана одинаковый цвет?,да,да,да,True
GQA-ru,base,4905,"Из какого материала сделана скамейка слева от лампы, из бетона или железа?",из бетона,бетон,бетон,False
GQA-ru,base,10868,Является ли тяжелый самолет винтажным и металлическим?,нет,TRЯНЫ divertenteльный самолет,trяны,False
GQA-ru,base,1697,Кто сидит наверху ступенек?,женщина,TRЁ maintien,trё,False
GQA-ru,base,2200,Трава мокрая или сухая?,сухая,TRAVA мокрая,trava,False
GQA-ru,base,1891,Они перед квадратной рамой окна?,да,TR nahilalakip nahilalakip nahilalakip nahilalakip nahilalakip nahilalakip nahilalakip nahilalakip nahilalakip,tr,False
GQA-ru,base,1753,Отличается ли блузка по цвету от бейджика?,да,TR nahilalakip nahilalakip nahilalakip nahilalakip nahilalakip nahilalakip nahilalakip nahilalakip nahilalakip,tr,False
GQA-ru,base,12163,"Что находится под шкафом, украшающим кухню?",полки,TRТОМ,trтом,False
GQA-ru,base,2546,"Что находится за мостом, пожарная машина или скорая помощь?",пожарная машина,TRЁЯ МОТОМ,trёя,False
GQA-ru,base,4462,"Вы видите хоть одну бутылку или чашку, которые не сделаны из пластика?",нет,sappi sappi,sappi,False
GQA-ru,base,4616,"Что находится под спортсменом, который в шортах?",песок,скатерть,скатерть,False
GQA-ru,base,9909,"Какова высота мусорного бака, стоящего на полу?",невысокий,высокая,высокая,False
GQA-ru,base,3450,Какая еда на пицце?,колбаса,мясо,мясо,False
GQA-ru,base,11757,Она в шортах?,да,нет,нет,False
GQA-ru,base,5617,Высокие стулья стоят под столешницей?,да,да,да,True
GQA-ru,base,3335,"Что вокруг стола, который находится под потолком?",стулья,стулья,стулья,True
GQA-ru,base,11263,Очки находятся справа или слева от позирующего мужчины?,справа,справа,справа,True
GQA-ru,base,10391,"Выглядит ли счастливым мужчина, стоящий слева от женщины?",да,да,да,True
GQA-ru,base,4325,Какое животное спокойное?,лошадь,лошадь,лошадь,True
GQA-ru,base,8280,"Как выглядит цифровое устройство, которое находится слева от телефона, включено оно или выключено?",выключено,выключено,выключено,True
GQA-ru,base,8004,Тёмный стул на ковре кажется круглым?,нет,да,да,False
GQA-ru,base,4114,Цветной ли сад?,да,нет,нет,False
GQA-ru,base,832,"Что делает человек, который смотрит вверх, катается на коньках или едет?",катается на коньках,катается на коньках,катается,False
GQA-ru,base,1512,Кажутся ли черные брюки длинными?,да,да,да,True
GQA-ru,base,10392,"Кто, по-твоему, держит черную рубашку?",мальчик,мальчик,мальчик,True
GQA-ru,base,4533,Какая мебель широкая?,диван,полка,полка,False
GQA-ru,base,722,"Мягкая подушка слева или справа от мужчины, который носит шорты?",слева,sappi venuto tranquillo venuto tranquillo venuto tranquillo venuto tranquillo,sappi,False
GQA-ru,base,58,Кто носит рубашку?,девочка,TRЁMADRID,trёmadrid,False
GQA-ru,base,5464,Какой предмет мебели находится под телевизором?,тумба под телевизор,TRК,trк,False
GQA-ru,base,2143,Где находится скейтер?,на парковке,TRК,trк,False
GQA-ru,base,10438,Растут ли сосны за забором справа?,да,TR nahilalakip nahilalakip nahilalakip nahilalakip nahilalakip nahilalakip nahilalakip nahilalakip nahilalakip,tr,False
GQA-ru,base,4291,Что находится перед занавеской?,письменный стол,TRASH,trash,False
GQA-ru,base,2647,"В какой части изображения находятся очки, в верхней или нижней?",в верхней,TRUPPER,trupper,False
GQA-ru,base,12144,Похожи ли простыни на голубые или розовые?,голубые,TR poderosa,tr,False
GQA-ru,base,7239,Какое животное несет мужчина?,собаку,TRЁMADRID,trёmadrid,False
GQA-ru,base,9038,Кто держит зонт?,женщина,TRЁMADRID,trёmadrid,False
GQA-ru,base,11561,Зебры перед кустарником кажутся большими и черно-белыми?,да,sappi sappi,sappi,False
GQA-ru,base,7007,Кто смотрит на большую раму для картины?,мужчина,TRДSPATH,trдspath,False
GQA-ru,base,9189,Какое животное маленькое?,котенок,TRК,trк,False
GQA-ru,base,158,Какая еда находится слева от младенца?,зефир,TRASH,trash,False
GQA-ru,base,1232,Кто носит очки?,девочка,TRЁMADRID,trёmadrid,False
GQA-ru,base,11321,Штаны бежевые?,нет,TR nahilalakip nahilalakip nahilalakip nahilalakip nahilalakip nahilalakip nahilalakip nahilalakip nahilalakip,tr,False
GQA-ru,base,2442,"Человек, который не грязный, носит шлем?",нет,нет,нет,True
GQA-ru,base,8938,Он играет с мячом?,нет,нет,нет,True
GQA-ru,base,590,Кто носит рубашку?,мужчина,мужчина,мужчина,True
GQA-ru,base,6049,Какую еду не режут?,морковь,яблоко,яблоко,False
GQA-ru,base,9543,Этот транспортное средство белое и маленькое?,да,нет,нет,False
GQA-ru,base,9052,Что перед горами?,океан,горы,горы,False
GQA-ru,base,2426,Какое это животное?,слон,слон,слон,True
GQA-ru,base,7041,Что делает стоящий человек справа от мужчины?,ждёт,оставит,оставит,False
GQA-ru,base,2088,Что держит человек рядом с подарком?,мобильный телефон,камеру,камеру,False
GQA-ru,base,685,Что находится на телевизоре?,пульт управления,игровой контроллер,игровой,False
GQA-ru,base,5050,Какой высоты стол?,высокий,мало,мало,False
GQA-ru,base,5974,Телевизор и стул сделаны из одного и того же материала?,нет,да,да,False
GQA-ru,base,653,"На этом фото есть и миски, и морковь?",нет,да,да,False
GQA-ru,base,5862,Толстый и сердитый ли мужчина справа от другого мужчины?,нет,нет,нет,True
GQA-ru,base,3441,"Шкафы находятся под шкафчиками, которые показаны на этом изображении?",да,да,да,True
GQA-ru,base,11174,"Находится ли шлем слева или справа от человека, справа от которого находится мотоцикл?",слева,справа,справа,False
GQA-ru,base,4088,Судья справа?,нет,да,да,False
GQA-ru,base,10927,Какая одежда спортивная?,рубашка,очки,очки,False
GQA-ru,base,1684,Какая мебель стоит перед окном?,диван,диван,диван,True
GQA-ru,base,5794,На кого смотрит большое животное?,на ребенка,люди,люди,False
GQA-ru,base,9173,Свеча красная и красивая?,да,да,да,True
GQA-ru,base,10168,"Что больше, чем знак?",логотип,подушки,подушки,False
GQA-ru,base,2532,Над кем висит плакат?,над женщиной,женщина,женщина,False
GQA-ru,base,3878,В каком месте находится это изображение?,во дворе,в парке,в,False
GQA-ru,base,2662,Вы видите какие-либо туалеты слева от ящика?,да,да,да,True
GQA-ru,base,2900,"Что, по вашему мнению, вставлено в розетки, которые сделаны из дерева?",шнуры,вставлено,вставлено,False
GQA-ru,base,6755,"Кажется ли, что мужчина занимается серфингом?",нет,нет,нет,True
GQA-ru,base,406,Стоит ли женщина рядом с мужчиной на кирпичах?,да,да,да,True
GQA-ru,base,2938,Какого цвета хвост у лошади?,чёрный,оранжевый,оранжевый,False
GQA-ru,base,12067,Из чего сделано зеркало?,из стекла,дерево,дерево,False
GQA-ru,base,5442,На чём установлен кран?,на столешнице,на кран,на,False
GQA-ru,base,6745,"Стул, который находится слева от чашек, золотой или черный?",золотой,черный,черный,False
GQA-ru,base,10975,Какой овощ лежит в прямоугольной корзине?,брокколи,брокколи,брокколи,True
GQA-ru,base,12043,Что делает мужчина?,разговаривает,отвешен,отвешен,False
GQA-ru,base,4065,"Обе рубашка, которая выглядит серой, и черная блузка в полоску?",да,да,да,True
GQA-ru,base,2608,"Кто сидит перед подушкой, которая находится слева от контроллера Wii?",мужчина,женщина,женщина,False
GQA-ru,base,11489,"Какое устройство не является цифровым, клавиатура или монитор?",клавиатура,клавиатура,клавиатура,True
GQA-ru,base,1771,"Есть ли на этом изображении стулья, которые не белые?",да,нет,нет,False
GQA-ru,base,6267,Этот туалет металлический и белый?,нет,нет,нет,True
GQA-ru,base,634,Картины находятся справа или слева?,слева,слева,слева,True
GQA-ru,base,7711,Есть ли там какие-нибудь ящики или столы?,нет,нет,нет,True
GQA-ru,base,3644,"Есть ли тарелка слева от салфетки, справа от которой находится сумочка?",нет,нет,нет,True
GQA-ru,base,3269,Лампа белая и высокая?,да,да,да,True
GQA-ru,base,7541,Что находится перед многоквартирным домом?,машина,автобус,автобус,False
GQA-ru,base,5728,Что носит мужчина справа от женщины?,костюм,очки,очки,False
GQA-ru,base,5000,Что делает человек?,играет,бежит,бежит,False
GQA-ru,base,3728,Кисть за лошадьми?,нет,да,да,False
GQA-ru,base,3652,Что делает мужчина?,нагибается,отвешен,отвешен,False
GQA-ru,base,387,"Она справа от дивана, который слева от телевизора?",нет,да,да,False
GQA-ru,base,10813,"Как называется предмет мебели, на котором стоит банка?",полка,шкаф,шкаф,False
GQA-ru,base,3164,Кто носит рубашку?,женщина,мужчина,мужчина,False
GQA-ru,base,6528,Что держит человек?,зонт,зонт,зонт,True
GQA-ru,base,5378,Что прикреплено к стенам?,трубы,книгу,книгу,False
GQA-ru,base,4564,Что находится перед мужчиной?,вход,велосипед,велосипед,False
GQA-ru,base,1137,"Какой прибор находится справа от человека, который стоит перед велосипедом?",блендер,блендер,блендер,True
GQA-ru,base,4573,Какой это знак?,знак стоп,знак над знаком,знак,False
GQA-ru,base,5753,Женщина слева от мужчины сидит?,да,да,да,True
GQA-ru,base,10510,Что находится справа от женщины в брюках?,автомобиль,пиджак,пиджак,False
GQA-ru,base,8346,Из одного и того же материала сделаны стол и сервировочное блюдо?,нет,да,да,False
GQA-ru,base,6548,Маршмеллоу слева от ребенка выглядит белым и мягким?,да,да,да,True
GQA-ru,base,11133,Пожарный гидрант оранжевый и большой?,да,да,да,True
GQA-ru,base,5425,"Какого цвета книга, которая не закрыта?",белый,синяя,синяя,False
GQA-ru,base,452,"На картинке есть и шлем, и мотоцикл?",нет,да,да,False
GQA-ru,base,1889,Какой предмет мебели чистый?,шкаф,стол,стол,False
GQA-ru,base,4279,"Какое устройство изготовлено из того же материала, что и заколка для волос, лежащая на кровати?",мобильный телефон,телефон,телефон,False
GQA-ru,base,2925,"Есть ли стулья под светильником, который сделан из дерева?",да,да,да,True
GQA-ru,base,9512,Вы видите какие-нибудь шарфы или перчатки?,нет,нет,нет,True
GQA-ru,base,4349,"Металлический забор находится перед мужчиной, держащим теннисную ракетку, или за ним?",позади,за him,за,False
GQA-ru,base,626,Трава длинная или короткая?,короткая,длинная,длинная,False
GQA-ru,base,1776,"Есть ли шкафы слева от стоящих людей, находящихся за багажом?",да,нет,нет,False
GQA-ru,base,9774,Какое устройство стоит рядом с курицей?,ноутбук,компьютерная мышка,компьютерная,False
GQA-ru,base,7119,"Облако такого же цвета, как и шарф?",да,нет,нет,False
GQA-ru,base,5663,Дом деревянный и красный?,нет,нет,нет,True
GQA-ru,base,11936,Белая бумага над наклейками?,да,да,да,True
GQA-ru,base,5139,Есть ли тарелка слева от девушки справа на картине?,да,да,да,True
GQA-ru,base,7149,На какой стороне изображения находится зеркало?,слева,слева,слева,True
GQA-ru,base,9932,Кто стоит рядом с ловцом?,бейсболист,игрок,игрок,False
GQA-ru,base,8379,Какая одежда связана?,рубашка,платье,платье,False
GQA-ru,base,1894,Что перед женщинами?,рама окна,пицца,пицца,False
GQA-ru,base,6311,Изготовлены ли окно и дверь из одного и того же материала?,нет,да,да,False
GQA-ru,base,9446,Где суп?,на столе,на тарелке,на,False
GQA-ru,base,3114,Какого цвета майка?,розовая,оранжевая,оранжевая,False
GQA-ru,base,4173,Какая мебель не крупная?,стул,стол,стол,False
GQA-ru,base,727,Какой прибор закрыт?,духовка,газоваяuseppe,газоваяuseppe,False
GQA-ru,base,11612,Из чего сделана черная маска для лица?,из металла,из пластика,из,False
GQA-ru,base,7144,"Какой тип мебели имеет такой же цвет, как рубашка?",стул,стол,стол,False
GQA-ru,base,27,"Какая еда находится слева от младенца, сидящего на женщине?",зефир,суп,суп,False
GQA-ru,base,8518,Она в пальто?,нет,нет,нет,True
GQA-ru,base,8821,"Смотрит ли лыжник, который не низкий, вниз?",да,нет,нет,False
GQA-ru,base,11253,Есть ли черная клавиатура или пульт дистанционного управления?,нет,нет,нет,True
GQA-ru,base,11787,"Мост находится за транспортным средством, которое находится за наклейкой?",да,да,да,True
GQA-ru,base,12156,Какое животное находится справа от зебры?,лошади,козы,козы,False
GQA-ru,base,12075,"Какого размера куртка, маленькая или большая?",маленькая,маленькая,маленькая,True
GQA-ru,base,10987,Какого цвета ковер?,черный,черного,черного,False
GQA-ru,base,3228,"Какого, по вашему мнению, цвета пол?",серый,зелёный,зелёный,False
GQA-ru,base,5967,Какого цвета зубная щётка?,жёлтая,белая,белая,False
GQA-ru,base,7066,"Какого размера стол, на котором стоит чашка?",маленький,маленький,маленький,True
GQA-ru,base,1146,Есть ли в этой картине белая кровать или стол?,нет,нет,нет,True
GQA-ru,base,10882,Находится ли ноутбук слева или справа от мобильного телефона?,слева,слева,слева,True
GQA-ru,base,5409,Кто носит рубашку?,мужчина,мужчина,мужчина,True
GQA-ru,base,10209,"На каком предмете мебели лежит пульт управления, на шкафу или журнальном столике?",журнальный столик,журнальный столик,журнальный,False
GQA-ru,base,5143,На какой стороне круглая еда?,справа,слева,слева,False
GQA-ru,base,2041,Пожилые люди слева или справа?,справа,слева,слева,False
GQA-ru,base,11792,"Клавиатура чёрная или, может быть, серебристая?",серебристая,серебристая,серебристая,True
GQA-ru,base,4920,"Какая еда находится справа от контейнера, который не открыт?",печенье,капуст,капуст,False
GQA-ru,base,8308,Из чего сделан пылесос?,из пластика,из пластика,из,False
GQA-ru,base,5067,Какой тип одежды в полоску?,рубашка,очки,очки,False
GQA-ru,base,10926,Печенья круглые?,да,да,да,True
GQA-ru,base,6691,Европец мужчина и счастлив?,да,нет,нет,False
GQA-ru,base,5344,Что стоит на столешнице?,подставка для столовых приборов,чайник,чайник,False
GQA-ru,base,6592,Раковина сделана из хрома?,нет,да,да,False
GQA-ru,base,11423,Какое устройство находится на столе?,компьютер,компьютер,компьютер,True
GQA-ru,base,4844,Какое это место?,парк,дорога,дорога,False
GQA-ru,base,9083,"Какая мебель имеет такой же цвет, как дерево перед стеной?",диван,стул,стул,False
GQA-ru,base,2085,Какое животное стоит на земле?,слон,медведь,медведь,False
GQA-ru,base,3143,Стоят ли слоны за камнями?,да,да,да,True
GQA-ru,base,6888,Какой транспортное средство серого цвета?,фургон,грузовик,грузовик,False
GQA-ru,base,10894,Какой знак изображён на этой картинке?,знак остановки,"знак ""столь""",знак,False
GQA-ru,base,6211,Полки находятся над миской?,да,да,да,True
GQA-ru,base,11097,Сумка и спальня одного и того же цвета?,нет,да,да,False
GQA-ru,base,2851,Кровать белого цвета выглядит маленькой и мягкой?,нет,да,да,False
GQA-ru,base,10084,Стеклянный контейнер перед бумажными полотенцами сделан из бумаги?,да,да,да,True
GQA-ru,base,9324,"Какая мебель не белая, стул или стол?",стол,стул,стул,False
GQA-ru,base,4930,Полотенце выглядит толстым?,нет,нет,нет,True
GQA-ru,base,6653,Маркер выглядит серым или красным?,серым,красным,красным,False
GQA-ru,base,8977,Мужчина справа от коровы?,нет,нет,нет,True
GQA-ru,base,6,Над чем летит самолёт?,океан,на пляж,на,False
GQA-ru,base,4978,Какая мебель низкая?,кровать,кровать,кровать,True
GQA-ru,base,4700,Зеркало из серебра справа или слева?,справа,справа,справа,True
GQA-ru,base,3443,Какое животное маленькое?,зебра,зебра,зебра,True
GQA-ru,base,7043,Этот стол гладкий и темно-коричневый?,да,нет,нет,False
GQA-ru,base,9502,Это сцена в помещении?,да,да,да,True
GQA-ru,base,9939,Младенец на велосипеде выглядит уродливо?,нет,да,да,False
GQA-ru,base,10726,Кто катается на скейтборде?,мальчик,мальчик,мальчик,True
GQA-ru,base,5279,Лампа рядом с ноутбуком выглядит тонкой и высокой?,да,да,да,True
GQA-ru,base,7618,Кто прикасается к ноутбукам?,мужчина,мальчик,мальчик,False
GQA-ru,base,7238,"Человек справа или слева от сумки, которая лежит на верху шкафа?",слева,sappi sappi,sappi,False
GQA-ru,base,7244,Что перед окном?,шторы,TRASH,trash,False
GQA-ru,base,11069,Клавиатура слева от подноса белая или черная?,белая,TRБșa,trбșa,False
GQA-ru,base,3501,С какой стороны картинки находятся бумаги?,слева,TRSPATH,trspath,False
GQA-ru,base,8375,"Вы видите и кружки, и чашки?",нет,TR,tr,False
GQA-ru,base,7752,Какого цвета статуя?,серая,TRЁMADRID,trёmadrid,False
GQA-ru,base,12057,Что находится перед белыми цветами?,меню,TRБЛЫ,trблы,False
GQA-ru,base,2780,Какая мебель плоская?,стол,TRК,trк,False
GQA-ru,base,10794,Полотенце справа от мыльницы цветное и маленькое?,да,да,да,True
GQA-ru,base,1389,Какой тип воздушного судна находится над океаном?,вертолет,верной самолет,верной,False
GQA-ru,base,4649,На какой стороне находится синяя зубная щетка?,справа,справа,справа,True
GQA-ru,base,8445,"Как называется десерт, имеющий ту же форму, что и большой контейнер?",брауни,десерт,десерт,False
GQA-ru,base,10876,Над чем висит лампа?,стол,дверь,дверь,False
GQA-ru,base,10370,Какая это комната?,спальня,да,да,False
GQA-ru,base,10145,Оранжевый кот слева от лампы?,да,да,да,True
GQA-ru,base,5491,"Что за устройство держит блондинка, стоящая перед столом, контроллер Wii или телефон?",контроллер wii,телефон,телефон,False
GQA-ru,base,1530,Какие предметы мебели находятся под плитой?,шкафы,шкафы,шкафы,True
GQA-ru,base,3848,Выглядит ли книжный шкаф рядом с лампой высоким и пустым?,нет,да,да,False
GQA-ru,base,11023,Каков вес корабля?,тяжёлый,мало,мало,False
GQA-ru,base,5085,"Стол стоит перед рождественской гирляндой, которая на стене?",да,да,да,True
GQA-ru,base,3680,Велосипед слева или справа от человека в куртке?,справа,справа,справа,True
GQA-ru,base,3262,На чём стоит лампа?,на тумбочке,на полке,на,False
GQA-ru,base,2414,Какая мебель находится справа от мужчины?,полки,полка,полка,False
GQA-ru,base,400,Вода волнуется?,нет,нет,нет,True
GQA-ru,base,757,Какой вид кухонного инструмента тёплый?,сковорода,тарелка,тарелка,False
GQA-ru,base,4011,Какого цвета те часы?,розовые,розовые,розовые,True
GQA-ru,base,7784,В каком приборе отражается бутылка вина?,в тостере,микроволновка,микроволновка,False
GQA-ru,base,10015,Лежит ли металлическая лопатка на кофейнике?,нет,нет,нет,True
GQA-ru,base,1193,"Кто смотрит на десерт, который находится на подносе?",девочка,женщина,женщина,False
GQA-ru,base,7461,Какое это место?,парковка,дорога,дорога,False
GQA-ru,base,6790,Брюки выглядят темными и длинными?,да,да,да,True
GQA-ru,base,10318,Корзина открытая зелёная или коричневая?,коричневая,коричневая,коричневая,True
GQA-ru,base,9431,С каким устройством играет мальчик?,с контроллером wii,контроллер,контроллер,False
GQA-ru,base,3185,Есть ли двери?,нет,нет,нет,True
GQA-ru,base,11769,Доска для мела находится над банками?,да,да,да,True
GQA-ru,base,11409,Кто носит шапку?,сноубордист,девочка,девочка,False
GQA-ru,base,6291,Что находится на столе?,тарелки,калонка,калонка,False
GQA-ru,base,8099,Провода выглядят твердыми?,да,да,да,True
GQA-ru,base,6547,Стол коричневого цвета и квадратной формы?,нет,да,да,False
GQA-ru,base,3997,У куртки и подноса разные цвета?,да,да,да,True
GQA-ru,base,2417,Кто перед мальчиком?,бэттер,мальчик,мальчик,False
GQA-ru,base,10748,Какая мебель находится за мужчиной?,стол,стул,стул,False
GQA-ru,base,11266,Есть ли красная тарелка или банка?,нет,нет,нет,True
GQA-ru,base,90,Что стоит на полу?,полка,бутылка,бутылка,False
GQA-ru,base,1746,Что общего у брауни и контейнера?,форма,цвет,цвет,False
GQA-ru,base,6965,Мусорное ведро находится под раковиной?,нет,да,да,False
GQA-ru,base,3585,"Человек, который смотрит, держит теннисную ракетку?",да,да,да,True
GQA-ru,base,2881,Какого цвета контейнер из картона?,белый,синий,синий,False
GQA-ru,base,11401,"Есть ли на этом изображении и шлем, и сноубордист?",да,да,да,True
GQA-ru,base,8486,Стол кажется белым и круглым?,да,да,да,True
GQA-ru,base,7611,Носит ли этот питчер перчатку?,нет,да,да,False
GQA-ru,base,822,Летучая мышь черная и металлическая?,нет,да,да,False
GQA-ru,base,9132,Какой прибор находится перед столом?,плита,холодильник,холодильник,False
GQA-ru,base,4082,На какой стороне изображения находится красная книга?,справа,справа,справа,True
GQA-ru,base,1988,Что делает собака?,играет,отправляет,отправляет,False
GQA-ru,base,7478,Рядом с чем стоит этот стул?,цветы,туPodobtelepülés,туpodobtelepülés,False
GQA-ru,base,2184,Подушки на диване белые и мягкие?,да,да,да,True
GQA-ru,base,7612,Какая мебель сделана из дерева?,письменный стол,стол,стол,False
GQA-ru,base,10937,За каким видом мебели находится книжная полка?,кровать,книжный полк,книжный,False
GQA-ru,base,8702,Какой тип овощей находится слева от круглой еды?,фасоль,морковь,морковь,False
GQA-ru,base,9157,Есть ли какие-нибудь лампы рядом с книгами справа?,да,да,да,True
GQA-ru,base,9755,Есть ли оранжевая сумка или телефон?,да,да,да,True
GQA-ru,base,5198,Есть ли черные стулья или телевизоры?,да,да,да,True
GQA-ru,base,7251,Какого цвета шорты?,серые,розовые,розовые,False
GQA-ru,base,10037,Какое животное смотрит на человека?,кот,кот,кот,True
GQA-ru,base,11784,Капуста справа от другой капусты одновременно лиственная и красная?,нет,да,да,False
GQA-ru,base,8270,"На чем лежит закуска, на книжной полке или на кровати?",на кровати,книжная полке,книжная,False
GQA-ru,base,6991,Как называются эти животные?,козы,коровы,коровы,False
GQA-ru,base,8976,Какой предмет одежды черный?,рубашка,костюм,костюм,False
GQA-ru,base,7305,Чем окружен песок?,деревьями,песок,песок,False
GQA-ru,base,2607,Кто стоит за тортом?,дама,женщина,женщина,False
GQA-ru,base,12184,Рама для картин выглядит деревянной и коричневой?,нет,да,да,False
GQA-ru,base,7777,Какой предмет мебели не коричневый?,диван,кровать,кровать,False
GQA-ru,base,7373,"В какой части фотографии находится ящик, в верхней или нижней?",в верхней,в верхней,в,False
GQA-ru,base,4246,Смотрит ли судья за битой на бейсболиста?,да,да,да,True
GQA-ru,base,4050,Кто носит рубашку?,мужчина,игрок,игрок,False
GQA-ru,base,10447,"Что растёт за забором, который находится за столбом?",сосны,деревья,деревья,False
GQA-ru,base,4543,"Человек, находящийся слева от бутылки с водой, молод и азиат?",да,да,да,True
GQA-ru,base,8540,Есть ли здесь скамейки или бинты?,да,да,да,True
GQA-ru,base,7939,Лук слева от сервировочной тарелки выглядит здоровым и маленьким?,да,да,да,True
GQA-ru,base,10268,Бокал для вина слева или справа от тарелки?,справа,TR справа,tr,False
GQA-ru,base,3919,Что лежит на сковороде?,лопатка,TRпин,trпин,False
GQA-ru,base,4499,"Пол сделан из такого же материала, как и стена?",нет,TRUN nahilalakip nahilalakip nahilalakip nahilalakip nahilalakip nahilalakip nahilalakip nahilalakip,trun,False
GQA-ru,base,7206,Какого размера поднос в центре?,маленький,TRASH,trash,False
GQA-ru,base,1269,"Куртка такого же цвета, как сумка?",нет,TR nahilalakip nahilalakip nahilalakip nahilalakip nahilalakip nahilalakip nahilalakip nahilalakip nahilalakip,tr,False
GQA-ru,base,11690,Волосы светлые и длинные?,да,TRSPATH,trspath,False
GQA-ru,base,4681,Держится ли мужчина слева от очков за зонт справа от очков?,да,sappi sappi,sappi,False
GQA-ru,base,3841,Какой размер у чистого душа возле зеркала?,большой,TRUM CreateTagHelper CreateTagHelper CreateTagHelper CreateTagHelper CreateTagHelper CreateTagHelper CreateTagHelper CreateTagHelper,trum,False
GQA-ru,base,4451,Включенный ноутбук на столе закрыт и прямоугольный?,нет,да,да,False
GQA-ru,base,5502,Есть ли маленькие настольные лампы или заборы?,да,нет,нет,False
GQA-ru,base,5238,Выглядит ли жираф справа от дома худым?,да,да,да,True
GQA-ru,base,8849,У плиты и варочной поверхности одинаковый цвет?,нет,да,да,False
GQA-ru,base,1320,Как называется мягкая еда?,бутерброды,бутерброд,бутерброд,False
GQA-ru,base,2267,Что лежит на джинсах?,скейтборд,книга,книга,False
GQA-ru,base,2471,"Есть ли на полу книги, которые выглядят красными?",нет,нет,нет,True
GQA-ru,base,3788,Какой вид бытовой техники изготовлен из металла?,тостер,микроволновка,микроволновка,False
GQA-ru,base,6275,"Находится ли автомобиль справа от автобуса, рядом с которым находится стрелка?",да,да,да,True
GQA-ru,base,11369,Что находится под телевизором?,тумба для аппаратуры,телефон,телефон,False
GQA-ru,base,2503,Какой транспорт находится позади внедорожника?,грузовик,внедорожник,внедорожник,False
GQA-ru,base,11573,Какого цвета книга?,белый,белая,белая,False
GQA-ru,base,3505,Что лежит на жёлтом столе?,бумага,бутерброд,бутерброд,False
GQA-ru,base,1052,"Какого цвета ручки, которые лежат на кровати?",белые,розовые,розовые,False
GQA-ru,base,6797,Что находится перед экраном?,ноутбук,стол,стол,False
GQA-ru,base,6678,Есть ли коврики перед раковиной?,да,нет,нет,False
GQA-ru,base,5421,Какого размера зонтик в верхней части изображения?,огромный,в верхней,в,False
GQA-ru,base,8890,На какой стороне изображения находится блендер?,слева,слева,слева,True
GQA-ru,base,7633,Брюки и полотенца одного цвета?,нет,да,да,False
GQA-ru,base,6812,Кто носит повязку на голову?,футболист,девочка,девочка,False
GQA-ru,base,1020,Кто носит сандалии?,мужчина,мужчина,мужчина,True
GQA-ru,base,3388,Есть ли на этой фотографии шкафы или стулья?,нет,нет,нет,True
GQA-ru,base,6883,Что находится перед каменным зданием?,дерево,машина,машина,False
GQA-ru,base,6381,Какого цвета столешница?,черная,черного,черного,False
GQA-ru,base,9569,Какого цвета обувь?,белые,оранжевая,оранжевая,False
GQA-ru,base,11395,Сколько лет счастливому мужчине?,пожилой,мало,мало,False
GQA-ru,base,320,Кто носит рубашку?,женщина,женщина,женщина,True
GQA-ru,base,9432,Какой предмет мебели находится справа от журнального столика?,тумбочка,диван,диван,False
GQA-ru,base,6232,Из чего сделан стол?,из металла,из пластика,из,False
GQA-ru,base,7814,"Человек, который не женского пола, носит гидрокостюм?",нет,да,да,False
GQA-ru,base,96,Что лежит на полу?,подарок,снег,снег,False
GQA-ru,base,5763,Что находится перед ковром?,свитшот,стул,стул,False
GQA-ru,base,4892,Какие фрукты коричневые?,яблоки,яблоки,яблоки,True
GQA-ru,base,6389,На какой стороне изображения находится дом?,справа,справа,справа,True
GQA-ru,base,6865,Человек возле туалета выглядит как европеец и мужчина?,нет,да,да,False
GQA-ru,base,8818,Кто носит очки?,джентльмен,мужчина,мужчина,False
GQA-ru,base,12036,Эта майка розовая и без рукавов?,да,нет,нет,False
GQA-ru,base,8947,Кухонный инструмент из дерева имеет прямоугольную форму?,да,да,да,True
GQA-ru,base,9883,"Есть ли велосипедисты или мужчины, которые едут?",да,да,да,True
GQA-ru,base,3613,Как называется транспортное средство слева от скорой помощи?,пожарная машина,грузовик,грузовик,False
GQA-ru,base,7999,Какое мясо под мустардой?,ветчина,мясо,мясо,False
GQA-ru,base,3595,На какой стороне изображения находится пустая коробка?,справа,справа,справа,True
GQA-ru,base,4471,"Кто стоит на скейтборде, который выглядит черным?",скейтбордист,мужчина,мужчина,False
GQA-ru,base,7140,Что находится перед устройством около стекла?,экран,вино,вино,False
GQA-ru,base,475,У шлема синий цвет?,да,да,да,True
GQA-ru,base,6371,На что смотрит человек слева от очков?,океан,на пляж,на,False
GQA-ru,base,5507,Что находится перед стулом?,дверь,яKdyž,яkdyž,False
GQA-ru,base,10958,Кто перед женщиной?,мужчина,мужчина,мужчина,True
GQA-ru,base,11127,"Большой и круглый ли пончик, который слева от человека?",нет,да,да,False
GQA-ru,base,6624,Отличается ли тарелка по цвету от кружки?,нет,да,да,False
GQA-ru,base,11864,Какая мебель находится справа от ноутбука?,стул,стул,стул,True
GQA-ru,base,2704,Грязный ли транспортное средство?,нет,нет,нет,True
GQA-ru,base,7657,Что перевозит вертолёт?,корабль,перевозка,перевозка,False
GQA-ru,base,2091,Какое устройство держит мужчина?,мобильный телефон,телефон,телефон,False
GQA-ru,base,10195,Какая мебель серая?,диван,ящик,ящик,False
GQA-ru,base,441,Имеет ли нож в блоке для ножей черный цвет и короткую длину?,нет,нет,нет,True
GQA-ru,base,6455,Где находится транспортное средство?,на поле,в полеngdoc,в,False
GQA-ru,base,9697,Какие устройства открыты?,ноутбуки,компьютер,компьютер,False
GQA-ru,base,9246,С какой стороны монитор?,справа,справа,справа,True
GQA-ru,base,10862,"Жалюзи и толстые, и плотные?",нет,да,да,False
GQA-ru,base,444,Забор перед скамейкой высокий и серый?,да,да,да,True
GQA-ru,base,1375,Какой тип мебели находится на полу?,тумба под телевизор,диван,диван,False
GQA-ru,base,10530,Куртка легкая и коричневая?,нет,да,да,False
GQA-ru,base,7022,Вы видите там сноуборд или серфборд?,да,нет,нет,False
GQA-ru,base,2223,Отличается ли верёвка по цвету от велосипеда?,да,да,да,True
GQA-ru,base,7564,Кто носит шляпу?,мальчик,мальчик,мальчик,True
GQA-ru,base,2977,"Что больше, чем напиток, который находится сверху?",масло,помидор,помидор,False
GQA-ru,base,823,Находится ли маленькое устройство слева?,нет,да,да,False
GQA-ru,base,4262,Какое это место?,поле,деревья,деревья,False
GQA-ru,base,5363,За каким предметом мебели находится стена?,диван,диван,диван,True
GQA-ru,base,3467,Есть ли туалеты возле стены?,нет,нет,нет,True
GQA-ru,base,7449,Какой предмет держит женщина?,телефон,телефон,телефон,True
GQA-ru,base,5355,За кем идет мужчина?,за женщиной,женщина,женщина,False
GQA-ru,base,5529,На чём лежит коврик для мыши?,на компьютерном столе,стол,стол,False
GQA-ru,base,4558,Кто держит теннисную ракетку жёлто-серого цвета?,игрок,женщина,женщина,False
GQA-ru,base,6906,Мужчина выглядит молодым и высоким?,да,да,да,True
GQA-ru,base,4133,Где находится тот слон?,на поле,дорога,дорога,False
GQA-ru,base,1341,За кем идёт мужчина?,за женщиной,дамой,дамой,False
GQA-ru,base,7705,Есть ли на картинке мячи или скворечники?,нет,нет,нет,True
GQA-ru,base,317,Что делает женщина?,смотрит вниз,оптимизирует Præmiot,оптимизирует,False
GQA-ru,base,853,"Смотрит ли женщина, которая не худая, в мобильный телефон?",нет,да,да,False
GQA-ru,base,5733,"Тарелка такого же цвета, как и занавеска?",да,да,да,True
GQA-ru,base,3673,Эта дверь выглядит тонкой и деревянной?,да,да,да,True
GQA-ru,base,10651,Вы видите пальмы справа от шкафа?,да,да,да,True
GQA-ru,base,1124,Вы видите большое зеркало или стол?,нет,да,да,False
GQA-ru,base,10678,Футболка синяя и чистая?,нет,нет,нет,True
GQA-ru,base,659,На какой стороне фото находится скульптура?,справа,справа,справа,True
GQA-ru,base,508,Из чего сделаны полки?,из металла,дерево,дерево,False
GQA-ru,base,4051,"Забор находится перед деревьями или за деревьями, которые зеленые и коричневые?",позади,за деревьями,за,False
GQA-ru,base,3266,"Как называется предмет одежды, который носят расстёгнутым?",толстовка,рубашка,рубашка,False
GQA-ru,base,333,Что держит полный мужчина?,зонт,зонт,зонт,True
GQA-ru,base,10179,Какая выпечка перед женщиной?,пирог,пончик,пончик,False
GQA-ru,base,2496,"Находится ли бутылка справа или слева от зубной щётки, которая выглядит зелёной и белой?",слева,справа,справа,False
GQA-ru,base,3908,Выглядит ли шина круглой и большой?,нет,да,да,False
GQA-ru,base,2068,Находится ли мусорное ведро под тумбочкой?,нет,да,да,False
GQA-ru,base,7758,Какая мебель висит на стене?,шкафы,шкаф,шкаф,False
GQA-ru,base,10968,Какого цвета горшок для цветов?,коричневый,коричневый,коричневый,True
GQA-ru,base,1874,Какого цвета горы рядом с океаном?,серые,серый,серый,False
GQA-ru,base,9240,Кто носит брюки?,женщина,женщина,женщина,True
GQA-ru,base,3571,Раковина установлена на столешнице?,да,да,да,True
GQA-ru,base,7619,Звезды кажутся яркими и маленькими?,да,да,да,True
GQA-ru,base,11460,Есть ли на картине телефон?,да,да,да,True
GQA-ru,base,4198,"Как выглядит еда слева от верёвки, белая или тёмно-коричневая?",тёмно-коричневая,тёмно-коричневая,тёмно-коричневая,True
GQA-ru,base,6043,Из чего сделана рамка для картины?,из пластика,из пластика,из,False
GQA-ru,base,2749,Какого цвета зонт слева?,розовый,розовый,розовый,True
GQA-ru,base,9926,Дикие цветы фиолетовые?,нет,да,да,False
GQA-ru,base,9949,Какой транспортный средство припарковано возле здания из кирпича?,автобус,автобус,автобус,True
GQA-ru,base,2683,На какой стороне изображения находится коврик?,справа,слева,слева,False
GQA-ru,base,5096,Рубашка-поло оранжевая или белая?,белая,белая,белая,True
GQA-ru,base,9481,Кто катается на коньках по дороге?,женщина,мужчина,мужчина,False
GQA-ru,base,420,Этот автомобиль серебристый?,нет,нет,нет,True
GQA-ru,base,5111,"Корзина, которая коричневая, закрыта или открыта?",открыта,открыта,открыта,True
GQA-ru,base,9433,Носки выглядят жёлтыми?,нет,да,да,False
GQA-ru,base,6149,Есть ли брокколи рядом с круглой едой?,да,да,да,True
GQA-ru,base,6498,Какое животное перед диваном?,собака,собака,собака,True
GQA-ru,base,11714,"Вы видите там доску для серфинга, которая не тонкая?",нет,нет,нет,True
GQA-ru,base,3249,Где сделана эта фотография?,на равнине,в полеngdoc,в,False
GQA-ru,base,1245,Есть ли серебристые краны или заборы?,да,да,да,True
GQA-ru,base,9700,Какая одежда не черная?,платье,платье,платье,True
GQA-ru,base,11315,"Что находится перед транспортным средством, которое выглядит темным?",забор,забор,забор,True
GQA-ru,base,10276,Что находится перед галстуком?,рубашка,пальто,пальто,False
GQA-ru,base,3978,Из одного ли материала сделаны забор и знак?,нет,да,да,False
GQA-ru,base,1669,Кто носит рубашку?,джентльмен,мужчина,мужчина,False
GQA-ru,base,11422,Что за устройство на столе?,компьютер,компьютер,компьютер,True
GQA-ru,base,4941,"Какое животное находится перед счастливым человеком, который стоит перед козой?",овца,коза,коза,False
GQA-ru,base,11210,Какого цвета чистая раковина?,белый,белая,белая,False
GQA-ru,base,9837,"Какой цвет у светофора, который не короткий?",черный,зелёный,зелёный,False
GQA-ru,base,1983,Что находится перед бутылкой?,миска,телефон,телефон,False
GQA-ru,base,9272,Это тостер или миксер?,тостер,миксер,миксер,False
GQA-ru,base,672,Что это за место?,улица,улица,улица,True
GQA-ru,base,5688,На чём стоит растение?,на полке,на столе,на,False
GQA-ru,base,8728,Какие предметы мебели находятся под шкафами?,шкафчики,шкафы,шкафы,False
GQA-ru,base,7018,Выглядит ли играющий над водой мужчина старым?,нет,нет,нет,True
GQA-ru,base,10838,Ковёр под ней мягкий и белый?,нет,да,да,False
GQA-ru,base,6071,С какой стороны находится телевизор?,справа,справа,справа,True
GQA-ru,base,1129,Есть ли маленькие женщины или мужчины?,нет,нет,нет,True
GQA-ru,base,8289,Дверь выглядит деревянной и большой?,да,да,да,True
GQA-ru,base,10609,Находятся ли маленькие книги с правой стороны картинки?,нет,да,да,False
GQA-ru,base,5590,Какое животное молодое?,котенок,кот,кот,False
GQA-ru,base,207,Что находится на столе?,цветы,бутылка,бутылка,False
GQA-ru,base,6882,Маленький обогреватель чистый или грязный?,чистый,грязный,грязный,False
GQA-ru,base,8031,"Какая этническая принадлежность у человека, стоящего рядом с другим человеком?",азиатский,азиатическая,азиатическая,False
GQA-ru,base,1729,Чем закрыто окно рядом с часами?,занавесками,занавеской,занавеской,False
GQA-ru,base,7102,"Материал окна такой же, как у пистолета?",нет,да,да,False
GQA-ru,base,5934,"Какое животное сидит рядом с человеком, который носит пальто?",собака,TRша,trша,False
GQA-ru,base,10413,Отражение каких металлических предметов можно увидеть в чем?,тостер,TRASH nahilalakip nahilalakip nahilalakip nahilalakip nahilalakip nahilalakip nahilalakip nahilalakip,trash,False
GQA-ru,base,7532,"Выглядит ли шляпа, сделанная из ткани, кривой и зелёной?",да,sappi sappi,sappi,False
GQA-ru,base,11588,Шкаф справа от другого шкафа закрыт и маленький?,нет,TR nahilalakip nahilalakip nahilalakip nahilalakip nahilalakip nahilalakip nahilalakip nahilalakip nahilalakip,tr,False
GQA-ru,base,2506,"Есть ли диваны или лампы, которые не розовые?",нет,TRADA,trada,False
GQA-ru,base,7135,Выглядит ли стул слева от чашек низким и золотым?,да,TR nahilalakip nahilalakip nahilalakip nahilalakip nahilalakip nahilalakip nahilalakip nahilalakip nahilalakip,tr,False
GQA-ru,base,2885,На какой стороне синяя сумка?,слева,TR,tr,False
GQA-ru,base,12022,"Устройство, которое выглядит серым, выключено или включено?",включено,TR Tode,tr,False
GQA-ru,base,8548,Какая еда находится справа от блина?,яйца,броден,броден,False
GQA-ru,base,10657,Отличается ли цвет пастбища от цвета дома?,да,да,да,True
GQA-ru,base,4425,За стеной из кирпича есть щенки?,нет,да,да,False
GQA-ru,base,10091,"Скейтбордист, который смотрит вверх, носит кепку?",да,да,да,True
GQA-ru,base,8817,Кто носит пальто?,джентльмен,мужчина,мужчина,False
GQA-ru,base,7921,Какое животное стоит на траве?,олень,жираф,жираф,False
GQA-ru,base,7616,"Что, по-вашему, висит над столешницей?",гроздь бананов,по-вашему,по-вашему,False
GQA-ru,base,7136,Есть ли динамик над тротуаром?,нет,нет,нет,True
GQA-ru,base,11977,Кто катается на скейтборде?,скейтбордист,мужчина,мужчина,False
GQA-ru,base,9707,Какое устройство необычное?,телефон,компьютерная мышка,компьютерная,False
GQA-ru,base,4397,Сумка черного цвета и большого размера?,нет,да,да,False
GQA-ru,base,5280,Её видно сквозь лампу?,нет,да,да,False
GQA-ru,base,4022,Что лежит на горах?,снег,снег,снег,True
GQA-ru,base,1419,Какого цвета мягкий свитер?,черный,красный,красный,False
GQA-ru,base,4569,Есть ли матрасы или тележки?,нет,нет,нет,True
GQA-ru,base,7385,Совпадает ли цвет раковины с цветом рамы картины?,нет,да,да,False
GQA-ru,base,3995,Выглядит ли мусорный бак черно-белым?,да,да,да,True
GQA-ru,base,7613,Подушка неудобная?,нет,нет,нет,True
GQA-ru,base,9336,"Какого цвета светофор, на котором висит дорожный знак?",черный,красный,красный,False
GQA-ru,base,9999,Что перед миской?,клубника,миска,миска,False
GQA-ru,base,10947,Волосы светлые и короткие?,нет,нет,нет,True
GQA-ru,base,5511,"Как называется предмет мебели, на котором стоит коробка?",компьютерный стол,стол,стол,False
GQA-ru,base,470,"Что находится перед зданием, над которым небо?",дорожный знак,забор,забор,False
GQA-ru,base,8098,Что находится перед черными кабелями?,ноутбуки,компьютер,компьютер,False
GQA-ru,base,5325,Эта девушка европеоидной или азиатской расы?,азиатской,азиатской расы,азиатской,True
GQA-ru,base,2979,Кажется ли масло у полки густым или жидким?,густое,густым,густым,False
GQA-ru,base,7988,"Носит ли человек, который не молод, шорты?",нет,нет,нет,True
GQA-ru,base,3475,Что находится перед забором?,скамейка,забор,забор,False
GQA-ru,base,5813,Что находится перед тротуаром?,корзина,грузовик,грузовик,False
GQA-ru,base,4232,Включена ли серебристая раковина?,выключена,да,да,False
GQA-ru,base,5576,Штаны белые и мягкие?,да,да,да,True
GQA-ru,base,4581,Какую форму имеет коробка для салфеток?,прямоугольная,круглая,круглая,False
GQA-ru,base,9767,Какого пола сноубордист?,женский,мужчина,мужчина,False
GQA-ru,base,11488,Какое устройство не цифровое?,клавиатура,компьютер,компьютер,False
GQA-ru,base,4526,Что находится перед телефоном?,компьютер,компьютерная мышка,компьютерная,False
GQA-ru,base,9106,Книга выглядит закрытой?,да,да,да,True
GQA-ru,base,166,Есть ли серебристый ноутбук или DVD-плеер?,нет,нет,нет,True
GQA-ru,base,8464,Погода облачная или ясная?,ясная,ясная,ясная,True
GQA-ru,base,3130,Что находится перед столом?,скамейка,стол,стол,False
GQA-ru,base,1402,Рубашка выглядит белой и с длинными рукавами?,да,да,да,True
GQA-ru,base,3954,Какой предмет мебели металлический?,стул,стул,стул,True
GQA-ru,base,11797,Знак на улице оранжевый и прямоугольный?,да,да,да,True
GQA-ru,base,9096,Что на траве?,фургон,трава,трава,False
GQA-ru,base,3937,Какая это мебель?,стулья,стул,стул,False
GQA-ru,base,11314,Что держит счастливый мужчина?,флаг,камеру,камеру,False
GQA-ru,base,7800,Лошади большие и белые?,нет,да,да,False
GQA-ru,base,10582,Находится ли чёрно-белое изображение в нижней части фотографии?,нет,да,да,False
GQA-ru,base,11662,Скамейка справа от другой скамейки серебристая и волнистая?,да,да,да,True
GQA-ru,base,8041,Какого цвета та куртка?,коричневый,белая,белая,False
GQA-ru,base,7342,Воздушный змей над человеком длинный и лёгкий?,да,да,да,True
GQA-ru,base,282,Выглядит ли бетонная тротуарная дорожка шероховатой и мощеной?,да,да,да,True
GQA-ru,base,1524,Отражается ли бутылка вина из стекла в кофеварке?,нет,да,да,False
GQA-ru,base,4820,Есть ли чёрные духовки или шкафы?,да,да,да,True
GQA-ru,base,3630,Перед чем находится печенье?,скотч,бутылка,бутылка,False
GQA-ru,base,6625,Статуя сделана из камня?,нет,да,да,False
GQA-ru,base,11334,"На изображении есть и столы, и клавиатуры?",нет,нет,нет,True
GQA-ru,base,3986,Этот провод тонкий и серый?,да,TRННScopriм и серый,trннscopriм,False
GQA-ru,base,5016,Лента находится за печеньем?,да,TRAGICK,tragick,False
GQA-ru,base,10878,Что перед сапогами?,стена,TRSPATH,trspath,False
GQA-ru,base,9528,Высокий столб находится за забором?,нет,TR,tr,False
GQA-ru,base,6046,Какая мебель металлическая?,стол,TRASHCAN,trashcan,False
GQA-ru,base,7753,Какая мебель висит на бежевой стене?,шкафчики,TRК,trк,False
GQA-ru,base,9068,Находится ли коврик для мыши на компьютерном столе рядом с бумагами?,да,sappi tranquillo casio venuto sappi tranquillo affezcido casio,sappi,False
GQA-ru,base,8698,Эта метла выглядит темной и длинной?,да,TRENDY,trendy,False
GQA-ru,base,5632,Какой кухонный инструмент находится над горшком с цветком?,сковорода,половник,половник,False
GQA-ru,base,6971,"Что находится перед мужчиной, который стоит перед знаком?",блендер,бутылка,бутылка,False
GQA-ru,base,9017,"Насколько тонким кажется вам светофор, который не короткий?",тонким,тонный,тонный,False
GQA-ru,base,5419,Какого цвета зонт у джентльмена?,жёлтый,оранжевый,оранжевый,False
GQA-ru,base,5764,"Как называется бытовой прибор, который не серый?",духовка,духовка,духовка,True
GQA-ru,base,11515,В каком транспортном средстве сидит коричневая собака?,грузовик,грузовик,грузовик,True
GQA-ru,base,7434,"Как называется предмет мебели, на котором стоит ноутбук?",компьютерный стол,стол,стол,False
GQA-ru,base,4438,Как называется красочное водное судно?,лодки,каноэ,каноэ,False
GQA-ru,base,5023,Какая мебель не белая?,стул,стул,стул,True
GQA-ru,base,4118,Что находится рядом со скамейкой?,камень,скаф,скаф,False
GQA-ru,base,3777,Что находится перед холмом?,небо,дерево,дерево,False
GQA-ru,base,1976,"Какого цвета куртка, которую носит мужчина?",черная,черного,черного,False
GQA-ru,base,11817,Что за еда находится сверху шоколадного десерта?,зефир,сушилка,сушилка,False
GQA-ru,base,3155,Вы видите вилки на белой салфетке?,да,да,да,True
GQA-ru,base,5169,"Как называется предмет мебели, который изготовлен из того же материала, что и пол?",книжный шкаф,полка,полка,False
GQA-ru,base,1958,"Какой формы коврик для мыши, квадратный или круглый?",квадратный,квадратный,квадратный,True
GQA-ru,base,12171,Человек справа от теннисной ракетки в шляпе?,да,да,да,True
GQA-ru,base,8779,"Он слева от фрисби, за которым находятся деревья?",нет,да,да,False
GQA-ru,base,11307,Какое это место?,железная дорога,город,город,False
GQA-ru,base,3033,Вы видите кровать перед белыми занавесками?,нет,да,да,False
GQA-ru,base,3138,Какая чистота грязи возле травы?,грязная,грязная,грязная,True
GQA-ru,base,3545,Что делает арбитр?,стоит,ест,ест,False
GQA-ru,base,12101,Что находится перед лентой?,чашка кофе,компьютер,компьютер,False
GQA-ru,base,7933,Какое животное находится слева от клавиатуры?,собака,собака,собака,True
GQA-ru,base,4530,Земля у леса заснеженная или голая?,заснеженная,голая,голая,False
GQA-ru,base,11871,Ковер находится под диваном?,нет,да,да,False
GQA-ru,base,9659,Какое устройство не серебристое?,клавиатура,компьютер,компьютер,False
GQA-ru,base,8595,Какого размера самолёт?,маленький,маленький,маленький,True
GQA-ru,base,9777,Есть ли чёрный рюкзак или портфель?,нет,нет,нет,True
GQA-ru,base,4636,Из чего сделана чашка?,пластик,из пластика,из,False
GQA-ru,base,1647,Коробка квадратная и коричневая?,да,да,да,True
GQA-ru,base,3180,Где находится бьющий?,на домашней плите,в бейKiedy,в,False
GQA-ru,base,4853,"Какого тона стулья, которые находятся слева на фото?",светлые,максимально,максимально,False
GQA-ru,base,3727,Есть ли красные подушки или одеяла?,нет,нет,нет,True
GQA-ru,base,5912,"Какое устройство включено, ноутбук или клавиатура?",ноутбук,клавиатура,клавиатура,False
GQA-ru,base,2939,Какой формы стеклянное окно?,прямоугольная,кругообразное,кругообразное,False
GQA-ru,base,4952,Как называется светло-синий предмет одежды?,майка,рубашка,рубашка,False
GQA-ru,base,231,Что за большой автомобиль?,грузовик,машина,машина,False
GQA-ru,base,11600,Закрыт или открыт синий зонт?,закрыт,открыт,открыт,False
GQA-ru,base,2073,"Что, по-вашему, покрывает человека, который носит джинсы?",куртка,джинсы,джинсы,False
GQA-ru,base,4494,Слоны мокрые или сухие?,сухие,TRЫQuindi,trыquindi,False
GQA-ru,base,745,Какой предмет мебели находится над столешницей?,шкаф,TREND,trend,False
GQA-ru,base,893,"Есть ли на этой фотографии и пульты дистанционного управления, и компьютерные мыши?",да,sappi sappi,sappi,False
GQA-ru,base,9066,Окно маленькое и серое?,да,TR nahilalakip nahilalakip nahilalakip nahilalakip nahilalakip nahilalakip nahilalakip nahilalakip nahilalakip,tr,False
GQA-ru,base,4786,Кто стоит рядом с домашней плитой?,бэттер,TRSPATH,trspath,False
GQA-ru,base,11426,Какой тип мебели стоит рядом со свежими цветами?,стул,TRТОМ SEDS,trтом,False
GQA-ru,base,10450,Какая мебель коричневая?,книжный шкаф,TRЁМ,trём,False
GQA-ru,base,8042,"Какого цвета деревья, которые не маленькие?",зелёные,TRЁMADRID,trёmadrid,False
GQA-ru,base,1680,Какой предмет мебели находится перед обувью?,стол,тумба,тумба,False
GQA-ru,base,200,"Вы видите забор перед деревом, которое стоит перед школой?",нет,да,да,False
GQA-ru,base,9405,Полка рядом с человеком светло-коричневая или серебристая?,светло-коричневая,светло-коричневая,светло-коричневая,True
GQA-ru,base,4658,"Какой высоты лампа, которая находится справа от компьютера?",невысокая,низкая,низкая,False
GQA-ru,base,7690,Вы видите женщину рядом с белой одеждой?,да,нет,нет,False
GQA-ru,base,7843,Растение стоит на лампе?,нет,да,да,False
GQA-ru,base,7216,Что находится сверху на печи?,плита,подушки,подушки,False
GQA-ru,base,5582,Кто перед окном?,ребенок,мальчик,мальчик,False
GQA-ru,base,3020,Вы видите деревянную дверь или окно?,да,нет,нет,False
GQA-ru,base,841,Какого цвета этот стол?,красный,коричневый,коричневый,False
GQA-ru,base,4136,Есть ли слоны под голубым небом?,да,да,да,True
GQA-ru,base,7827,Трава кажется короткой и светло-коричневой?,да,да,да,True
GQA-ru,base,1869,Кто носит обувь?,мужчина,мужчина,мужчина,True
GQA-ru,base,1070,На что посыпают посыпку?,на кексы,на посыпку,на,False
GQA-ru,base,6565,Компьютер слева или справа от устройства посередине?,справа,слева,слева,False
GQA-ru,base,8056,Что делает большое животное?,смотрит вверх,лежит,лежит,False
GQA-ru,base,1213,Что общего у футбольного мяча и повязки на голову?,форма,цвет,цвет,False
GQA-ru,base,9453,Письменный стол выглядит белым?,да,да,да,True
GQA-ru,base,10312,Подушка находится на диване?,да,нет,нет,False
GQA-ru,base,11246,"Есть ли окна или двери, которые не закрыты?",нет,нет,нет,True
GQA-ru,base,878,Есть ли зубные щетки на этом изображении?,да,да,да,True
GQA-ru,base,2485,У шортов и у обуви одинаковый цвет?,нет,да,да,False
GQA-ru,base,2444,Что носит мужчина?,рубашку,очки,очки,False
GQA-ru,base,9221,Какой прибор находится перед полом?,посудомоечная машина,духовка,духовка,False
GQA-ru,base,1395,"С чего прыгает скейтбордист, не являющийся женщиной?",с тротуара,машина,машина,False
GQA-ru,base,4066,Трава выглядит высокой?,нет,да,да,False
GQA-ru,base,1940,Кто стоит перед рамой из дерева?,мужчина,мужчина,мужчина,True
GQA-ru,base,9143,Шкаф твердый?,да,да,да,True
GQA-ru,base,6818,Какого цвета зубная щетка слева от другой зубной щетки?,синий,синего,синего,False
GQA-ru,base,9933,"Ты думаешь, что бейсбольный мяч плотный?",да,нет,нет,False
GQA-ru,base,9766,"Что находится перед людьми, стоящими справа от кукол?",багаж,тележка,тележка,False
GQA-ru,base,10132,У девушки светлые и длинные волосы?,нет,да,да,False
GQA-ru,base,3697,"Какая мебель не коричневая, полка или стол?",полка,стол,стол,False
GQA-ru,base,8561,Какая погода?,безоблачная,облачно,облачно,False
GQA-ru,base,7381,Какие животные сухие?,слоны,слоны,слоны,True
GQA-ru,base,7253,У кошелька маленький размер?,да,да,да,True
GQA-ru,base,4871,"Ты думаешь, что тот дом синий?",да,да,да,True
GQA-ru,base,9642,Какое устройство не серебристое?,клавиатура,компьютер,компьютер,False
GQA-ru,base,7025,Над кем висит дорожный знак черно-белого цвета?,над мужчиной,дама,дама,False
GQA-ru,base,5003,Кажется ли скамейка шероховатой и деревянной?,да,да,да,True
GQA-ru,base,9316,С какой стороны картины находится мягкий диван?,слева,слева,слева,True
GQA-ru,base,10174,Кто носит брюки?,судья,игрок,игрок,False
GQA-ru,base,986,"Находится ли чёрная машина справа от человека, который наблюдает за футболистом?",да,да,да,True
GQA-ru,base,9988,Широкое небо выше чего?,деревья,дерево,дерево,False
GQA-ru,base,12125,"Шлем, который находится справа от мужчины, белый и твердый?",да,да,да,True
GQA-ru,base,1625,Где стоит худенькая девушка?,на земле,в комнате,в,False
GQA-ru,base,3404,Какой длины шорты?,короткие,длинные,длинные,False
GQA-ru,base,10248,Корзина под другой корзиной выглядит пустой?,да,да,да,True
GQA-ru,base,3457,"Есть ли тарелки или банки, которые не круглые?",нет,нет,нет,True
GQA-ru,base,4335,Какое это место?,пастбище,какое это место,какое,False
GQA-ru,base,10820,Кто носит рубашку?,мужчина,мужчина,мужчина,True
GQA-ru,base,1330,"Кто смотрит на двери, на которых висит рюкзак?",мужчина,мальчик,мальчик,False
GQA-ru,base,2573,Шторы разноцветные?,да,да,да,True
GQA-ru,base,3929,С чего он прыгает?,с травы,скетборд,скетборд,False
GQA-ru,base,2847,Какая еда находится в морозильнике?,сметана,салат,салат,False
GQA-ru,base,9043,Какой предмет одежды белый: шляпа или футболка?,футболка,фляTja,фляtja,False
GQA-ru,base,1229,"Что находится внутри холодильника, который стоит перед стеной?",стаканы,вино,вино,False
GQA-ru,base,2564,Старики слева от машины?,да,да,да,True
GQA-ru,base,43,Этот вертолет включен или выключен?,выключен,выключен,выключен,True
GQA-ru,base,6693,Какая еда находится справа от столового прибора слева на фотографии?,пюре,картофель,картофель,False
GQA-ru,base,11294,Какого цвета этот налокотник?,белый,серый,серый,False
GQA-ru,base,9729,Какая бытовая техника находится слева от плиты?,духовка,духовка,духовка,True
GQA-ru,base,7699,Кто носит шорты?,мальчик,мальчик,мальчик,True
GQA-ru,base,4771,Какое животное внутри грузовика?,собака,собака,собака,True
GQA-ru,tuned,10476,Полотенца белые и грязные?,нет,да,да,False
GQA-ru,tuned,1824,"Какого цвета свитер, который носит женщина?",синий,оранжевый,оранжевый,False
GQA-ru,tuned,409,Из какого материала сделан знак стоп на верхушке столба?,металл,металл,металл,True
GQA-ru,tuned,12149,Какого цвета брюки?,черные,синие,синие,False
GQA-ru,tuned,4506,Какие предметы мебели сделаны из дерева?,шкафы,полки,полки,False
GQA-ru,tuned,4012,Какой предмет мебели высокий?,полка,стол,стол,False
GQA-ru,tuned,3657,"Торт, который находится справа от девочки, выглядит коричневым и круглым?",да,да,да,True
GQA-ru,tuned,2286,Что висит над цветами?,картина,картина,картина,True
GQA-ru,tuned,12066,На какой стороне изображения находятся книги?,справа,**справа,**справа,False
GQA-ru,tuned,1679,Как называется широкий предмет мебели?,стул,**стул,**стул,False
GQA-ru,tuned,11087,"За чем находится этот забор, за коровой или за слоном?",за слоном,**за слоном,**за,False
GQA-ru,tuned,12135,Брюки короткие и темного цвета?,нет,**нет,**нет,False
GQA-ru,tuned,8935,"На каком предмете мебели лежит порошок, на кровати или на книжном шкафу?",на кровати,vicissangulaire,vicissangulaire,False
GQA-ru,tuned,1424,Блузка в полоску длинного рукава и розового цвета?,нет,**нет,**нет,False
GQA-ru,tuned,9674,"Ты думаешь, что дорога грязная?",да,**да,**да,False
GQA-ru,tuned,6912,Имеет ли зеркало на стене серебристый цвет и круглую форму?,нет,**да,**да,False
GQA-ru,tuned,520,Каковы размеры бетонной тротуарной дорожки?,большие,большой,большой,False
GQA-ru,tuned,488,Есть ли лошади перед белым забором?,нет,да,да,False
GQA-ru,tuned,1535,Какое животное красивое?,лошади,лошадь,лошадь,False
GQA-ru,tuned,3582,"Какая мебель сделана из такого же материала, как оконная рама, которая выглядит белой?",книжный шкаф,диван,диван,False
GQA-ru,tuned,3811,"Какой рост у человека, стоящего рядом с другим человеком?",высокий,короткие,короткие,False
GQA-ru,tuned,8279,Как называется предмет мебели перед огромным зеркалом?,диван,диван,диван,True
GQA-ru,tuned,9863,Есть ли бумажные стаканы или тарелки?,да,да,да,True
GQA-ru,tuned,434,Как называется черный предмет мебели?,книжный шкаф,кровать,кровать,False
GQA-ru,tuned,9195,У занавесок и чашек одинаковый цвет?,да,да,да,True
GQA-ru,tuned,3257,Какая одежда не является нарядной?,рубашка,шляпа,шляпа,False
GQA-ru,tuned,11731,Кого преследует мужчина?,женщину,женщину,женщину,True
GQA-ru,tuned,10647,Салфетка сделана из ткани или бумаги?,бумага,ткань,ткань,False
GQA-ru,tuned,11490,Какого цвета знак рядом со светофором?,красный,красного,красного,False
GQA-ru,tuned,8928,"Озеро, которое кажется мокрым, выглядит спокойным?",нет,да,да,False
GQA-ru,tuned,6873,Какого размера окно?,маленькое,большое,большое,False
GQA-ru,tuned,3611,Какое устройство находится справа от колонки?,компьютер,клавиатура,клавиатура,False
GQA-ru,tuned,7359,"Какой прибор находится справа от контейнера, который меньше пылесоса?",плита,холодильник,холодильник,False
GQA-ru,tuned,9654,Какой предмет мебели показан?,диван,диван,диван,True
GQA-ru,tuned,4557,Есть ли шкаф слева от прибора у окна?,нет,нет,нет,True
GQA-ru,tuned,106,Из чего сделан телефон?,пластик,металл,металл,False
GQA-ru,tuned,2615,Что находится перед белой плиткой?,кран,полка,полка,False
GQA-ru,tuned,11438,В каком устройстве находится алкоголь?,в блендере,блендер,блендер,False
GQA-ru,tuned,6924,Этот стол круглый?,нет,нет,нет,True
GQA-ru,tuned,5574,Что выше трубы?,окно,плита,плита,False
GQA-ru,tuned,4552,"Стоят ли банки справа от кружек, которые стоят на плите?",да,да,да,True
GQA-ru,tuned,2547,"Что менее здоровое, зефир или малина?",зефир,малина,малина,False
GQA-ru,tuned,3527,"Вы видите велосипеды или самокаты, которые не серые?",нет,нет,нет,True
GQA-ru,tuned,5514,Животные разных видов?,нет,да,да,False
GQA-ru,tuned,1674,Из какого материала сделан черный стул?,металл,кожа,кожа,False
GQA-ru,tuned,1519,Что находится перед улицей?,деревья,поле,поле,False
GQA-ru,tuned,6224,Девушка слева или справа от серебристого автомобиля?,справа,справа,справа,True
GQA-ru,tuned,1584,Монитор над клавиатурой серый и маленький?,нет,нет,нет,True
GQA-ru,tuned,5881,"Есть ли на этой фотографии и тарелка, и нож?",нет,нет,нет,True
GQA-ru,tuned,5635,Какой это предмет мебели?,кровать,кровать,кровать,True
GQA-ru,tuned,9891,Какой прибор находится справа от контейнера?,духовка,микроволновка,микроволновка,False
GQA-ru,tuned,4333,Облачно ли на этой фотографии?,да,нет,нет,False
GQA-ru,tuned,711,Какого цвета стул справа от женщины?,черный,синий,синий,False
GQA-ru,tuned,11955,"Пирс, который сделан из дерева, коричневый или, может быть, белый?",коричневый,белый,белый,False
GQA-ru,tuned,7527,Чего держится спортсмен?,ракетку,ракетка,ракетка,False
GQA-ru,tuned,8785,Что перед зданием?,деревья,трава,трава,False
GQA-ru,tuned,2045,Какая погода?,облачно,**облачно,**облачно,False
GQA-ru,tuned,6201,"Ваза и унитаз, которые выглядят прямоугольными, оба белые?",да,affez,affez,False
GQA-ru,tuned,1291,Какого цвета поле за забором?,коричневый,**зелёного,**зелёного,False
GQA-ru,tuned,9044,"Как вы думаете, какая вещь сделана из хлопка?",футболка,**шляпа,**шляпа,False
GQA-ru,tuned,4803,На какой стороне находится аптечка?,справа,**слева,**слева,False
GQA-ru,tuned,10299,Соус одновременно жидкий и темный?,нет,**нет,**нет,False
GQA-ru,tuned,10133,В чём находится вода?,стакан,**в стакане,**в,False
GQA-ru,tuned,5925,Какой вид транспортного средства черный?,автобус,**автобус,**автобус,False
GQA-ru,tuned,9459,Какое устройство находится справа от стула?,ноутбук,ноутбук,ноутбук,True
GQA-ru,tuned,3150,Эта девочка под мягкой игрушкой?,нет,да,да,False
GQA-ru,tuned,11543,"Вы видите дверь, которая не закрыта?",нет,нет,нет,True
GQA-ru,tuned,1139,Кто держит белую еду внутри холодильника?,женщина,женщина,женщина,True
GQA-ru,tuned,750,Какой кухонный предмет не тёплый?,лопатка,повязка,повязка,False
GQA-ru,tuned,10834,Какого размера рубашка?,маленькая,маленькая,маленькая,True
GQA-ru,tuned,3733,"Какой твёрдости скейтпарк, на котором катается мужчина?",твёрдый,скейтборд,скейтборд,False
GQA-ru,tuned,4741,"Как вы думаете, на что смотрит бейсболист перед судьей?",на бейсбольный мяч,на мяч,на,False
GQA-ru,tuned,1307,Серф находится в нижней части или в верхней части изображения?,в верхней,в верхней,в,False
GQA-ru,tuned,3814,С какой стороны изображения находится арбитр?,слева,слева,слева,True
GQA-ru,tuned,1654,Какой тип знака установлен на широком тротуаре?,дорожный знак,"знак ""лампа""",знак,False
GQA-ru,tuned,6227,Есть ли на этом изображении черные ракетки или бейсбольные биты?,нет,нет,нет,True
GQA-ru,tuned,4554,"Как ты думаешь, кто на скейтборде?",мальчик,мальчик,мальчик,True
GQA-ru,tuned,7428,Выглядит ли велосипед на тротуаре красочным?,да,да,да,True
GQA-ru,tuned,10415,Рубашка в полоску с длинными рукавами или с короткими?,с короткими,с длинными рукавами,с,False
GQA-ru,tuned,5977,Кто стоит перед пластиковой вывеской?,мужчина,мужчина,мужчина,True
GQA-ru,tuned,2664,Деревья возле скалы низкие и зелёные?,нет,да,да,False
GQA-ru,tuned,6065,Кто носит пальто?,дама,женщина,женщина,False
GQA-ru,tuned,5820,Он носит перчатку?,нет,нет,нет,True
GQA-ru,tuned,3432,На чём едет человек?,на мотоцикле,мотоцикл,мотоцикл,False
GQA-ru,tuned,10980,На чем сидит человек справа от бутылки?,на стуле,на стуле,на,False
GQA-ru,tuned,4374,Что использует мужчина?,скейтборд,скейтборд,скейтборд,True
GQA-ru,tuned,11498,Чистый ли потолок?,да,да,да,True
GQA-ru,tuned,11199,Есть ли барные стулья или столы?,да,нет,нет,False
GQA-ru,tuned,10617,Какой предмет мебели изготовлен из пластика?,письменный стол,стол,стол,False
GQA-ru,tuned,1169,"Трибуны, которые не длинные, сделаны из дерева?",нет,нет,нет,True
GQA-ru,tuned,9980,Хвост выглядит треугольным и красным?,да,да,да,True
GQA-ru,tuned,10403,"Галстук имеет другой цвет, чем туфли?",нет,да,да,False
GQA-ru,tuned,2803,Какого цвета занавеска слева от подушек?,жёлтая,красная,красная,False
GQA-ru,tuned,8751,"Как называется транспортное средство, изготовленное из того же материала, что и не короткий столб?",фургон,фургон,фургон,True
GQA-ru,tuned,11946,Коричневая колбаса лежит на тарелке?,да,да,да,True
GQA-ru,tuned,4010,Что общего у пульта и телефона?,материал,цвет,цвет,False
GQA-ru,tuned,2677,На что смотрит мужчина?,на двери,клавиатура,клавиатура,False
GQA-ru,tuned,7573,С чем он играет?,с контроллером wii,контроллер Wii,контроллер,False
GQA-ru,tuned,6216,Кто сидит на маленькой кровати?,мальчик,ребенок,ребенок,False
GQA-ru,tuned,4422,Что это за место?,дорога,дорога,дорога,True
GQA-ru,tuned,10485,Пляж сухой и каменистый?,нет,нет,нет,True
GQA-ru,tuned,11274,Бутылка вина и тостер сделаны из одного и того же материала?,нет,нет,нет,True
GQA-ru,tuned,9125,Горшок для растений полный или пустой?,полный,полный,полный,True
GQA-ru,tuned,3598,Есть ли девочки справа от теннисной ракетки?,да,да,да,True
GQA-ru,tuned,11216,"Что находится перед зеркалом, слева от которого висят картины?",кровать,кровать,кровать,True
GQA-ru,tuned,5313,Есть ли забор перед кустами?,нет,нет,нет,True
GQA-ru,tuned,916,"Где на картинке высокий игрок, слева или справа?",слева,справа,справа,False
GQA-ru,tuned,3752,Из чего сделано стекло?,из стекла,стекло,стекло,False
GQA-ru,tuned,525,Пожарная машина на улице выглядит грязной и белой?,нет,нет,нет,True
GQA-ru,tuned,5168,Какой предмет мебели находится под прямоугольным устройством?,стул,стул,стул,True
GQA-ru,tuned,6572,Выглядит ли шоколадный десерт круглым и зеленым?,нет,да,да,False
GQA-ru,tuned,4386,Флаг выглядит спокойным и синим?,нет,нет,нет,True
GQA-ru,tuned,1084,На какой стороне картинки находится молодой человек?,слева,справа,справа,False
GQA-ru,tuned,3456,Есть ли какие-нибудь лампы над белой стойкой?,нет,нет,нет,True
GQA-ru,tuned,9292,"Какого цвета волосы у дамы, которая не антикварная?",блонд,белые,белые,False
GQA-ru,tuned,11762,Кто держит ракетку?,девочка,женщина,женщина,False
GQA-ru,tuned,5155,Как называется прямоугольный предмет мебели?,письменный стол,стол,стол,False
GQA-ru,tuned,3483,"Какое животное висит над дорожкой, изображённое на картинке?",жираф,жираф,жираф,True
GQA-ru,tuned,10738,"Находится ли низкий человек справа или слева от сумки, которая находится под столом?",справа,слева,слева,False
GQA-ru,tuned,8179,"Мужчина справа или слева от слона, который стоит перед скамейками?",справа,справа,справа,True
GQA-ru,tuned,6482,Что висит на окне из стекла?,шторы,полотенце,полотенце,False
GQA-ru,tuned,10532,"Как называются овощи, которые лежат на кухонном принадлежности, стоящей на столе?",маринованные огурцы,лук,лук,False
GQA-ru,tuned,7517,Что общего у книжного шкафа и сумки?,цвет,цвет,цвет,True
GQA-ru,tuned,2340,"Кто игрок, который присел и смотрит?",бэттер,игрок,игрок,False
GQA-ru,tuned,4339,Какое это место?,пастбище,поле,поле,False
GQA-ru,tuned,2287,Есть ли у вас серебристые DVD-плееры или ноутбуки?,нет,нет,нет,True
GQA-ru,tuned,4040,"Сидит ли человек слева от ноутбука рядом с подарком, который находится рядом с мужчиной?",да,нет,нет,False
GQA-ru,tuned,12205,К чему привязана веревка?,к пальто,одеяло,одеяло,False
GQA-ru,tuned,9197,Какое устройство находится рядом с компьютерной мышью?,клавиатура,наушники,наушники,False
GQA-ru,tuned,8830,Из чего сделан забор?,из металла,металл,металл,False
GQA-ru,tuned,4304,Какой предмет лежит на журнальном столике?,пульт управления,журналы,журналы,False
GQA-ru,tuned,9577,Кто наклоняется?,футболист,девочка,девочка,False
GQA-ru,tuned,7019,"Тележка, которая находится слева от машины, металлическая и черная?",да,да,да,True
GQA-ru,tuned,9560,"Сидит ли человек, не являющийся женщиной, за партой?",нет,да,да,False
GQA-ru,tuned,6543,Как называется этот предмет мебели?,полка,полка,полка,True
GQA-ru,tuned,5930,Какая мебель жёлтая?,кровать,кровать,кровать,True
GQA-ru,tuned,3593,Печь слева от плиты красная и квадратная?,да,нет,нет,False
GQA-ru,tuned,2266,"Как называется еда, которая лежит на белой тарелке рядом с вилкой?",яйца,блины,блины,False
GQA-ru,tuned,8348,Цвет подноса и разделочной доски одинаковый?,нет,да,да,False
GQA-ru,tuned,8085,Диван и вентилятор одного цвета?,нет,да,да,False
GQA-ru,tuned,1489,Есть ли красные самокаты или скейтборды?,нет,нет,нет,True
GQA-ru,tuned,771,Шляпа выглядит черно-белой?,да,нет,нет,False
GQA-ru,tuned,1796,Что висит на стене?,постер,полотенца,полотенца,False
GQA-ru,tuned,2504,Настольная лампа находится в верхней или нижней части изображения?,в верхней,в верхней,в,False
GQA-ru,tuned,10280,"Что находится перед рубашкой, которую он носит?",галстук,шляпа,шляпа,False
GQA-ru,tuned,2621,Роскошное дерево за домом?,нет,да,да,False
GQA-ru,tuned,11149,На чём стоит часы?,тумбочка,на стене,на,False
GQA-ru,tuned,6916,Подушки слева от неё квадратные и белые?,нет,нет,нет,True
GQA-ru,tuned,9771,Какое это животное?,слон,слон,слон,True
GQA-ru,tuned,1040,Из какого материала сделан стул?,металл,кожа,кожа,False
GQA-ru,tuned,6304,"Как называется животное, перед которым стоит обувь?",кот,кошка,кошка,False
GQA-ru,tuned,6252,"Ковер такого же цвета, как растение?",да,да,да,True
GQA-ru,tuned,9763,Человек носит шорты?,нет,нет,нет,True
GQA-ru,tuned,7668,Перед чем находится забор?,куст,загон,загон,False
GQA-ru,tuned,8669,Какая мебель неудобная?,журнальный столик,диван,диван,False
GQA-ru,tuned,4119,На каком предмете мебели сидит мужчина в белом под кадром?,диван,диван,диван,True
GQA-ru,tuned,9064,Кто носит шляпу?,мальчик,мальчик,мальчик,True
GQA-ru,tuned,188,Какой прибор стоит перед стеной?,холодильник,холодильник,холодильник,True
GQA-ru,tuned,11145,Видишь ли ты какие-нибудь чёрные компьютеры?,да,да,да,True
GQA-ru,tuned,11808,Какое животное перед зеркалом?,кот,кошка,кошка,False
GQA-ru,tuned,1876,"На фотографии есть и окна, и двери?",да,да,да,True
GQA-ru,tuned,11169,"Какого размера деревянный стол, большой или маленький?",большой,большой,большой,True
GQA-ru,tuned,8797,Что использует женщина за зеркалом?,щётку,маска,маска,False
GQA-ru,tuned,4371,Что перед бокалом для вина?,столовые приборы,покрывало,покрывало,False
GQA-ru,tuned,10501,Что держит человек перед стеной?,бейсбольную биту,биту,биту,False
GQA-ru,tuned,5573,Что стоит на полке в ванной?,декорация,подушка,подушка,False
GQA-ru,tuned,1827,Кто носит кроссовки?,спортсмен,женщина,женщина,False
GQA-ru,tuned,4808,Отличается ли цвет стола от цвета пола?,нет,да,да,False
GQA-ru,tuned,7123,"Есть ли какие-нибудь яблоки или апельсины, которые не очищены от кожуры?",нет,нет,нет,True
GQA-ru,tuned,2591,"Куклы, которые находятся слева от людей, выглядят большими и яркими?",нет,да,да,False
GQA-ru,tuned,7433,Корова над травой выглядит маленькой?,нет,да,да,False
GQA-ru,tuned,53,Кто носит браслет?,женщина,женщина,женщина,True
GQA-ru,tuned,11830,На какой стороне находится женщина?,слева,слева,слева,True
GQA-ru,tuned,11791,С какой стороны зеркало?,справа,слева,слева,False
GQA-ru,tuned,4315,Рубашка выглядит бежевой и с короткими рукавами?,нет,да,да,False
GQA-ru,tuned,8201,Большая бытовая техника белая или темная?,темная,белая,белая,False
GQA-ru,tuned,2927,Какой предмет мебели находится под светильником?,стул,стол,стол,False
GQA-ru,tuned,8317,Есть ли забор перед деревьями?,нет,да,да,False
GQA-ru,tuned,1743,Чего держится скейтер?,скейтборда,скейтборд,скейтборд,False
GQA-ru,tuned,10244,Ожерелье выглядит серебристым и длинным?,нет,да,да,False
GQA-ru,tuned,4889,Какого размера белое сиденье унитаза?,маленькое,маленькое,маленькое,True
GQA-ru,tuned,10468,Кто носит перчатку?,ловец,игрок,игрок,False
GQA-ru,tuned,9977,Кто держит весло?,мужчина,мужчина,мужчина,True
GQA-ru,tuned,3258,Что носит молодой человек?,очки,шляпа,шляпа,False
GQA-ru,tuned,6126,Какое животное находится слева от жирафа?,бизон,слон,слон,False
GQA-ru,tuned,2646,Забор находится позади машины?,нет,да,да,False
GQA-ru,tuned,8837,Что общее между сеткой и битой?,материал,цвет,цвет,False
GQA-ru,tuned,8689,Какая мебель тяжёлая?,шкаф,полка,полка,False
GQA-ru,tuned,9,Что находится вокруг открытого окна?,шторы,растение,растение,False
GQA-ru,tuned,9813,"Кто стоит рядом с рубашкой, которая кажется сине-белой?",девочка,женщина,женщина,False
GQA-ru,tuned,5310,Кто идет по пешеходному переходу?,мужчина,мужчина,мужчина,True
GQA-ru,tuned,8005,"Находятся ли маленькие куклы слева от людей, стоящих за багажом?",да,да,да,True
GQA-ru,tuned,319,Что носит счастливая женщина?,платье,платье,платье,True
GQA-ru,tuned,1832,Трава короткая и зелёная?,да,да,да,True
GQA-ru,tuned,5947,Что находится позади человека слева?,лампа,ресторан,ресторан,False
GQA-ru,tuned,5038,"Сколько лет девочке, которая сидит?",молода,мало,мало,False
GQA-ru,tuned,3923,Какой длины юбка?,длинная,длиннаяда,длиннаяда,False
GQA-ru,tuned,949,Какое устройство находится справа от мужчины?,экран,ноутбук,ноутбук,False
GQA-ru,tuned,3946,Какого цвета напиток посередине?,светло-коричневый,красного,красного,False
GQA-ru,tuned,9295,"Стул, который не полностью черный, белый?",белый,нет,нет,False
GQA-ru,tuned,1290,Мужчина носит часы?,да,да,да,True
GQA-ru,tuned,1403,Отличается ли по цвету домашняя база от ботинка?,нет,да,да,False
GQA-ru,tuned,11991,"Есть ли холодильники или посудомоечные машины, которые не черные?",нет,нет,нет,True
GQA-ru,tuned,7962,Какой прибор изображен на этой сцене?,плита,микроволновка,микроволновка,False
GQA-ru,tuned,1133,Есть ли автобусы или автомобили?,нет,нет,нет,True
GQA-ru,tuned,8727,Находится ли ноутбук слева?,да,да,да,True
GQA-ru,tuned,2060,Кто носит брюки?,ребёнок,женщина,женщина,False
GQA-ru,tuned,2103,Какой длины хвост?,длинный,длинный,длинный,True
GQA-ru,tuned,10809,Есть ли на фотографии зонт или полотенце?,нет,нет,нет,True
GQA-ru,tuned,7787,Что отражается в тостере?,бутылка вина,окно,окно,False
GQA-ru,tuned,9007,Какого размера письменный стол?,маленький,большой,большой,False
GQA-ru,tuned,2705,На каком предмете мебели стоит ноутбук?,стол,стол,стол,True
GQA-ru,tuned,4342,У шортов короткая длина?,да,да,да,True
GQA-ru,tuned,8645,Где стоит человек?,на поле,на земле,на,False
GQA-ru,tuned,9938,Рубашка белая и с длинными рукавами?,нет,нет,нет,True
GQA-ru,tuned,6932,Что находится под картиной?,полотенца,полка,полка,False
GQA-ru,tuned,3470,Кран находится справа?,да,да,да,True
GQA-ru,tuned,8835,Кто стоит на траве?,футболист,мальчик,мальчик,False
GQA-ru,tuned,11959,"Что находится на тротуаре, сделанном из бетона?",автобус,поезд,поезд,False
GQA-ru,tuned,11302,Как называется розовый предмет одежды?,свитер,куртка,куртка,False
GQA-ru,tuned,3295,"Как называется мясо на тарелке, которое стоит на столе?",индейка,ветчина,ветчина,False
GQA-ru,tuned,11680,Кто указывает на розовую вещь слева от бутылки с водой?,девочка,ребенок,ребенок,False
GQA-ru,tuned,5107,На чём лежит пончик?,салфетке,на бумаге,на,False
GQA-ru,tuned,6537,Вы видите картины или заборы?,да,да,да,True
GQA-ru,tuned,11004,На чем лежит морковь?,разделочная доска,на разделочной доске,на,False
GQA-ru,tuned,6118,Какой длины металлический контейнер?,длинный,длинный,длинный,True
GQA-ru,tuned,7177,Какое устройство находится под ноутбуком?,клавиатура,клавиатура,клавиатура,True
GQA-ru,tuned,8479,Какого цвета грязь?,тёмная,белого,белого,False
GQA-ru,tuned,7397,Он носит кепку?,да,да,да,True
GQA-ru,tuned,1982,Этот ковёр кажется красным?,да,да,да,True
GQA-ru,tuned,4061,Большой транспорт жёлтый или чёрный?,жёлтый,жёлтый,жёлтый,True
GQA-ru,tuned,3681,Ракетка выглядит металлической и круглой?,да,нет,нет,False
GQA-ru,tuned,1049,Что лежит на полках?,полотенце,**книга,**книга,False
GQA-ru,tuned,5539,Какая толщина волос?,густые,**толстая,**толстая,False
GQA-ru,tuned,344,"И улыбающийся господин перед картиной, и европеец выглядят молодо?",да,affez,affez,False
GQA-ru,tuned,9638,Какой это вид транспорта?,автомобили,**машина,**машина,False
GQA-ru,tuned,9075,Какой предмет мебели белый?,компьютерный стол,**стол,**стол,False
GQA-ru,tuned,3770,Какой овощ не круглый?,брокколи,**лук,**лук,False
GQA-ru,tuned,9641,Какой овощ лежит на твёрдом столе?,цветная капуста,**брокколи,**брокколи,False
GQA-ru,tuned,3608,Что общего у шарика и браслета?,цвет,**цвет,**цвет,False
GQA-ru,tuned,117,"На чём стоит дозатор для мыла, сделанный из хрома?",на столешнице,на стене,на,False
GQA-ru,tuned,1163,"Ты думаешь, что эта девушка брюнетка?",да,нет,нет,False
GQA-ru,tuned,11597,Платье сделано из ткани?,да,нет,нет,False
GQA-ru,tuned,10339,"Есть ли парты или пуфы, которые не квадратные?",нет,нет,нет,True
GQA-ru,tuned,964,Какая мебель стоит перед книжным шкафом?,кровать,кровать,кровать,True
GQA-ru,tuned,3750,"Есть ли зонты слева от человека, который находится слева от пальмы?",да,да,да,True
GQA-ru,tuned,1104,Какое устройство находится справа от миски?,клавиатура,клавиатура,клавиатура,True
GQA-ru,tuned,514,"Кажется ли, что она сидит?",да,да,да,True
GQA-ru,tuned,5413,Сумка рядом с игроком квадратная и красная?,нет,нет,нет,True
GQA-ru,tuned,1160,Микроволновая печь серебристая и прямоугольная?,да,да,да,True
GQA-ru,tuned,8423,Какой бытовой прибор прозрачный?,холодильник,холодильник,холодильник,True
GQA-ru,tuned,3899,Каковы размеры высокого жилого здания?,большое,большой,большой,False
GQA-ru,tuned,4562,"Вы видите и овец, и коз?",да,да,да,True
GQA-ru,tuned,10960,Куртка из кожи черная и расстегнута?,да,да,да,True
GQA-ru,tuned,7953,Какая еда находится на круглой тарелке?,пирог,торт,торт,False
GQA-ru,tuned,3510,Из чего сделан кофе?,из пластика,пластик,пластик,False
GQA-ru,tuned,8834,В чём сидит женщина?,складной стул,**на скамейке,**на,False
GQA-ru,tuned,2167,Какой вид транспорта тяжелый?,автомобили,**машина,**машина,False
GQA-ru,tuned,11851,Люди слева или справа от черной машины?,справа,**справа,**справа,False
GQA-ru,tuned,9355,Из чего сделан ящик?,из пластика,**пластик,**пластик,False
GQA-ru,tuned,9440,"Мальчик, который справа от другого мальчика, азиатский и молодой?",нет,**да,**да,False
GQA-ru,tuned,7744,Что общего у автобуса и дерева?,цвет,**цвет,**цвет,False
GQA-ru,tuned,3981,"На этом изображении есть и грязь, и трава?",да,**нет,**нет,False
GQA-ru,tuned,7749,"Какая мебель находится справа от контроллера, установленного на вертолёте?",стул,affez affez,affez,False
GQA-ru,tuned,6669,Есть ли на картинке ковры или заборы?,да,да,да,True
GQA-ru,tuned,3119,"Труба, которая выглядит белой, высокая и тонкая?",да,да,да,True
GQA-ru,tuned,1545,Перед чем стоит эта статуя?,забор,деревьями,деревьями,False
GQA-ru,tuned,1588,Из чего сделан контейнер для хранения?,металл,пластик,пластик,False
GQA-ru,tuned,10796,Этот ноутбук кажется белым?,да,да,да,True
GQA-ru,tuned,7062,"Как называются предметы мебели, в которых лежат сложенные полотенца?",полки,полки,полки,True
GQA-ru,tuned,5804,Тумба под телевизор выглядит коричневой и низкой?,да,да,да,True
GQA-ru,tuned,6939,На какой стороне красный ковер?,слева,слева,слева,True
GQA-ru,tuned,6735,Что делает мальчик?,отдыхает,ест,ест,False
GQA-ru,tuned,7651,Какое животное тёмно-коричневое?,жираф,жираф,жираф,True
GQA-ru,tuned,11945,Какое устройство находится справа от карандаша?,монитор,клавиатура,клавиатура,False
GQA-ru,tuned,887,Какого цвета слова?,золотой,белые,белые,False
GQA-ru,tuned,11032,Какое животное перед забором?,лошадь,лошадь,лошадь,True
GQA-ru,tuned,10706,Это воздушный змей или флаг?,флаг,флаг,флаг,True
GQA-ru,tuned,10587,Этот мальчик слева от скейтборда?,нет,нет,нет,True
GQA-ru,tuned,1612,Есть ли на изображении диспенсеры для полотенец или игрушки?,нет,нет,нет,True
GQA-ru,tuned,993,Несет ли мужчина сноуборд?,нет,нет,нет,True
GQA-ru,tuned,6596,"Какой девайс, по-вашему, держит пожилой человек?",пульт wii,контроллер Wii,контроллер,False
GQA-ru,tuned,11931,Какое устройство находится под рамкой для картин?,монитор компьютера,ноутбук,ноутбук,False
GQA-ru,tuned,5559,У микроволновки цвет отличается от цвета тостера?,нет,да,да,False
GQA-ru,tuned,1790,Есть ли очки или теннисные мячи?,да,нет,нет,False
GQA-ru,tuned,4073,Что растет за забором из металла?,сосны,лимон,лимон,False
GQA-ru,tuned,3139,Какой прибор стоит на ящике?,блендер,блендер,блендер,True
GQA-ru,tuned,3116,Какая одежда серая?,носки,куртка,куртка,False
GQA-ru,tuned,8786,Что находится перед большим зданием?,деревья,забор,забор,False
GQA-ru,tuned,7350,"Что менее полезно для здоровья, хот-доги или яблоки?",хот-доги,хот-доги,хот-доги,True
GQA-ru,tuned,2296,Находится ли подстриженный газон рядом с серым гравием?,да,да,да,True
GQA-ru,tuned,3006,Есть ли бутылки на деревянном столе?,нет,нет,нет,True
GQA-ru,tuned,4563,Что находится перед мужчиной?,вход,машина,машина,False
GQA-ru,tuned,7579,Выглядит ли книжный шкаф из дерева современно?,да,нет,нет,False
GQA-ru,tuned,4092,Молодой человек перед скамейкой?,да,да,да,True
GQA-ru,tuned,1235,Что общего у фольги и бутылки?,форма,цвет,цвет,False
GQA-ru,tuned,7260,Какая мебель стоит за столом?,шкаф,стул,стул,False
GQA-ru,tuned,9016,Мужчина перед телевизором?,да,нет,нет,False
GQA-ru,tuned,1604,На какой стороне изображения находится кран?,слева,слева,слева,True
GQA-ru,tuned,828,Находится ли морозильник справа или слева от низкого столика у двери?,справа,справа,справа,True
GQA-ru,tuned,10684,Какое животное находится перед голой стеной?,котенок,кошка,кошка,False
GQA-ru,tuned,8856,Что покрыто снегом?,гора,гора,гора,True
GQA-ru,tuned,241,Какого тона пластиковый контейнер?,светлый,маленький,маленький,False
GQA-ru,tuned,1528,Есть ли какие-нибудь столы перед стулом под светильником?,да,да,да,True
GQA-ru,tuned,3872,Есть ли на картине часы?,нет,нет,нет,True
GQA-ru,tuned,2724,"Транспортное средство, которое не грязное, красное и металлическое?",да,нет,нет,False
GQA-ru,tuned,6658,У куртки серый цвет и длинная длина?,да,да,да,True
GQA-ru,tuned,7956,"Что находится под маслом, которое больше, чем вино?",плита,чайник,чайник,False
GQA-ru,tuned,7886,Рубашка тусклая или яркая?,тусклая,ярная,ярная,False
GQA-ru,tuned,3502,Какая одежда длинная?,джинсы,джинсы,джинсы,True
GQA-ru,tuned,6570,Есть ли чистые тарелки или вилки?,да,да,да,True
GQA-ru,tuned,960,Кто играет?,мужчина,женщина,женщина,False
GQA-ru,tuned,2697,Есть ли рядом с раковиной полотенце?,да,да,да,True
GQA-ru,tuned,6209,Скейтборд одновременно черный и деревянный?,да,нет,нет,False
GQA-ru,tuned,35,Что окружают занавески?,окно,окно,окно,True
GQA-ru,tuned,6396,Футбольный мяч на поле кажется неподвижным и красным?,да,да,да,True
GQA-ru,tuned,4345,"Как называется знак, перед которым стоит девушка?",дорожный знак,"знак ""стоп""",знак,False
GQA-ru,tuned,7454,Что держит взрослый человек?,телефон,камера,камера,False
GQA-ru,tuned,4673,Какой это вид фастфуда?,сосиски в тесте,хот-дог,хот-дог,False
GQA-ru,tuned,6930,Пальто синее или жёлтое?,жёлтое,жёлтое,жёлтое,True
GQA-ru,tuned,11412,Узкая река выглядит синей и влажной?,да,да,да,True
GQA-ru,tuned,11968,На какой стороне прямоугольное устройство?,слева,слева,слева,True
GQA-ru,tuned,9105,Мужчина находится под зеркалом?,да,нет,нет,False
GQA-ru,tuned,10844,Дверь деревянная и открытая?,нет,нет,нет,True
GQA-ru,tuned,11770,Какого цвета маленькая сумка?,синий,синяя,синяя,False
GQA-ru,tuned,7973,Дверь и шкаф сделаны из одного и того же материала?,да,нет,нет,False
GQA-ru,tuned,2536,Зеркало сверху или снизу?,сверху,сверху,сверху,True
GQA-ru,tuned,3111,Есть ли здесь высокие мужчины или женщины?,нет,нет,нет,True
GQA-ru,tuned,4861,"Есть ли либо ноутбук, либо стул, сделанный из пластика?",да,да,да,True
GQA-ru,tuned,3566,Какая игрушка у маленького человека?,кукла,плюшевый медведь,плюшевый,False
GQA-ru,tuned,958,"Что расположено на краю автобуса, что не является узким?",дверь,знак,знак,False
GQA-ru,tuned,9489,Какой высоты красивые дикие цветы?,высокие,высокие,высокие,True
GQA-ru,tuned,12054,На каком предмете мебели стоит торт?,на столе,стол,стол,False
GQA-ru,tuned,8883,Какой вид мебели находится перед мужчиной в джинсах?,журнальный столик,диван,диван,False
GQA-ru,tuned,998,Какая мебель на фото не маленькая?,стул,стул,стул,True
GQA-ru,tuned,5138,"Что лежит на подносе, который сделан из дерева?",клавиатура,корова,корова,False
GQA-ru,tuned,936,"Кофейный столик того, что выглядит немного коричневым или белым?",коричневый,коричневый,коричневый,True
GQA-ru,tuned,821,Есть ли телефоны слева от мужчины под рамкой?,да,нет,нет,False
GQA-ru,tuned,9571,Находится ли белая клавиатура справа от пластикового стакана?,нет,да,да,False
GQA-ru,tuned,7811,На чем сидит женщина?,на стуле,стул,стул,False
GQA-ru,tuned,8238,Что перед статуей?,забор,скамейка,скамейка,False
GQA-ru,tuned,8701,Люди находятся с правой стороны изображения?,да,нет,нет,False
GQA-ru,tuned,2579,Какой компании принадлежит шапка?,nike,Nike,nike,True
GQA-ru,tuned,931,Что летает над землей?,фрисби,фрисби,фрисби,True
GQA-ru,tuned,8320,Насколько чистая улица?,грязная,грязная,грязная,True
GQA-ru,tuned,1312,Деревья за пожарной машиной выглядят уродливыми и высокими?,да,да,да,True
GQA-ru,tuned,3044,Какая мебель находится под столом?,стул,стул,стул,True
GQA-ru,tuned,1122,"Есть ли бекон справа от блина, который лежит на тарелке?",да,да,да,True
GQA-ru,tuned,9749,Какая мебель сделана из дерева?,стол,стол,стол,True
GQA-ru,tuned,1113,Какое животное слева от бутылки?,корова,корова,корова,True
GQA-ru,tuned,11062,Что делает мужской зритель?,стоит,стоит,стоит,True
GQA-ru,tuned,3853,Какой овощ на столе?,капуста,брокколи,брокколи,False
GQA-ru,tuned,6615,"Выглядит ли шапка, которая кажется черно-белой, закрытой и Adidas?",нет,affez,affez,False
GQA-ru,tuned,1964,Находится ли невысокий человек за сумкой из кожи?,да,**да,**да,False
GQA-ru,tuned,9333,Прибор рядом с туалетом стоит?,да,**да,**да,False
GQA-ru,tuned,4033,Как называется белая бытовая техника?,плита,**холодильник,**холодильник,False
GQA-ru,tuned,9485,Кто стоит на поле?,женщина,**женщина,**женщина,False
GQA-ru,tuned,9740,Что находится на полосатом ковре?,стул,**коробка,**коробка,False
GQA-ru,tuned,651,Она в юбке?,да,**нет,**нет,False
GQA-ru,tuned,10147,Открытый зонтик красный или серый?,серый,**красный,**красный,False
GQA-ru,tuned,1343,Что окружает шаттл?,звезды,одеяло,одеяло,False
GQA-ru,tuned,6868,"Кажется ли, что пожилые женщины идут пешком?",нет,нет,нет,True
GQA-ru,tuned,10770,Находятся ли маленькие книги справа или слева от женщины?,справа,справа,справа,True
GQA-ru,tuned,9562,Эта тарелка выглядит полной и черной?,да,да,да,True
GQA-ru,tuned,9260,Дом стоит рядом с блендером?,нет,да,да,False
GQA-ru,tuned,8565,На каком кухонном принадлежности лежит картофель?,разделочная доска,на разделочной доске,на,False
GQA-ru,tuned,5183,"На картине есть и еда, и вино?",нет,нет,нет,True
GQA-ru,tuned,4272,Что общего у скульптуры и камина?,цвет,цвет,цвет,True
GQA-ru,tuned,3346,Высокие здания находятся за чистым песком?,да,да,да,True
GQA-ru,tuned,10972,Человек возле дерева низкий или высокий?,высокий,высокий,высокий,True
GQA-ru,tuned,11734,Какой это прибор?,тостер,микроволновка,микроволновка,False
GQA-ru,tuned,5147,Какая одежда белая?,платье,платье,платье,True
GQA-ru,tuned,3910,В чём растение?,в цветочном горшке,в горшке,в,False
GQA-ru,tuned,4351,Белые штаны короткие или длинные?,короткие,длинные,длинные,False
GQA-ru,tuned,6484,Белая рубашка без рукавов?,да,нет,нет,False
GQA-ru,tuned,2144,Есть ли большие телевизоры или принтеры?,нет,нет,нет,True
GQA-ru,tuned,10575,Приправы в блендере?,да,да,да,True
GQA-ru,tuned,4915,Насколько чистая ложка?,чистая,грязная,грязная,False
GQA-ru,tuned,7491,Рубашка с длинными рукавами и белая?,да,нет,нет,False
GQA-ru,tuned,5180,Какого цвета этот диван?,коричневый,коричневый,коричневый,True
GQA-ru,tuned,1188,Какой вид транспорта находится на дороге?,автобус,автобус,автобус,True
GQA-ru,tuned,152,На чём мальчик?,на велосипеде,велосипед,велосипед,False
GQA-ru,tuned,7508,Что держит женщина?,сумку,банан,банан,False
GQA-ru,tuned,10177,Какая еда находится на тарелке рядом с вилкой?,блин,блины,блины,False
GQA-ru,tuned,9224,Есть ли какие-нибудь красные воздушные змеи или флаги?,нет,да,да,False
GQA-ru,tuned,1638,Что внутри кружки?,зубная паста,полотенца,полотенца,False
GQA-ru,tuned,1200,Что надето на мужчине?,шляпа,шляпа,шляпа,True
GQA-ru,tuned,8808,Одинаковый ли цвет у оливки и у коробки для пиццы?,нет,да,да,False
GQA-ru,tuned,3492,На чем едет велосипедист?,на мотоцикле,мотоцикл,мотоцикл,False
GQA-ru,tuned,8288,Кто под зонтом?,мужчина,мужчина,мужчина,True
GQA-ru,tuned,2170,Какое мясо на тарелке?,ветчина,ветчина,ветчина,True
GQA-ru,tuned,5718,"На изображении есть и компьютеры, и телефоны?",да,нет,нет,False
GQA-ru,tuned,1127,Какие предметы одежды чистые?,брюки,**шорты,**шорты,False
GQA-ru,tuned,4002,Из какого материала сделан скейтборд справа от скейтбордиста?,пластик,sappintheticntheticntheticntheticntheticntheticntheticnthetic,sappintheticntheticntheticntheticntheticntheticntheticnthetic,False
GQA-ru,tuned,6054,Ручки рядом с котом маленькие и яркие?,да,**да,**да,False
GQA-ru,tuned,4669,"Где на фотографии находится ноутбук, справа или слева?",слева,**слева,**слева,False
GQA-ru,tuned,2584,Какая одежда красная?,пальто,**куртка,**куртка,False
GQA-ru,tuned,7179,Что держит худая женщина?,корзину,**камера,**камера,False
GQA-ru,tuned,8900,Есть ли жёлтые шлемы на изображении?,нет,**нет,**нет,False
GQA-ru,tuned,11526,Бумажный пакет слева или справа от неё?,слева,**слева,**слева,False
GQA-ru,tuned,4956,Мужчина пьёт или смотрит?,смотрит,смотрит,смотрит,True
GQA-ru,tuned,10021,Надел ли кэтчер перчатку?,да,да,да,True
GQA-ru,tuned,10714,Плита отличается по цвету от духовки?,нет,да,да,False
GQA-ru,tuned,8666,"Какого цвета тарелка, стоящая на столе?",тёмно-синий,белая,белая,False
GQA-ru,tuned,128,Пластиковый шлем слева от женщины?,да,да,да,True
GQA-ru,tuned,10942,"Кто стоит рядом со знаком ""стоп"", сделанным из металла?",мужчина,мужчина,мужчина,True
GQA-ru,tuned,9086,У дерева и дивана одинаковый цвет?,да,да,да,True
GQA-ru,tuned,4905,"Из какого материала сделана скамейка слева от лампы, из бетона или железа?",из бетона,бетон,бетон,False
GQA-ru,tuned,10868,Является ли тяжелый самолет винтажным и металлическим?,нет,**нет,**нет,False
GQA-ru,tuned,1697,Кто сидит наверху ступенек?,женщина,**мужчина,**мужчина,False
GQA-ru,tuned,2200,Трава мокрая или сухая?,сухая,**сухая,**сухая,False
GQA-ru,tuned,1891,Они перед квадратной рамой окна?,да,**да,**да,False
GQA-ru,tuned,1753,Отличается ли блузка по цвету от бейджика?,да,**да,**да,False
GQA-ru,tuned,12163,"Что находится под шкафом, украшающим кухню?",полки,**полка,**полка,False
GQA-ru,tuned,2546,"Что находится за мостом, пожарная машина или скорая помощь?",пожарная машина,**пожарная машина,**пожарная,False
GQA-ru,tuned,4462,"Вы видите хоть одну бутылку или чашку, которые не сделаны из пластика?",нет,affez,affez,False
GQA-ru,tuned,4616,"Что находится под спортсменом, который в шортах?",песок,забор,забор,False
GQA-ru,tuned,9909,"Какова высота мусорного бака, стоящего на полу?",невысокий,низкая,низкая,False
GQA-ru,tuned,3450,Какая еда на пицце?,колбаса,мясо,мясо,False
GQA-ru,tuned,11757,Она в шортах?,да,да,да,True
GQA-ru,tuned,5617,Высокие стулья стоят под столешницей?,да,да,да,True
GQA-ru,tuned,3335,"Что вокруг стола, который находится под потолком?",стулья,стулья,стулья,True
GQA-ru,tuned,11263,Очки находятся справа или слева от позирующего мужчины?,справа,справа,справа,True
GQA-ru,tuned,10391,"Выглядит ли счастливым мужчина, стоящий слева от женщины?",да,да,да,True
GQA-ru,tuned,4325,Какое животное спокойное?,лошадь,лошадь,лошадь,True
GQA-ru,tuned,8280,"Как выглядит цифровое устройство, которое находится слева от телефона, включено оно или выключено?",выключено,выключено,выключено,True
GQA-ru,tuned,8004,Тёмный стул на ковре кажется круглым?,нет,да,да,False
GQA-ru,tuned,4114,Цветной ли сад?,да,да,да,True
GQA-ru,tuned,832,"Что делает человек, который смотрит вверх, катается на коньках или едет?",катается на коньках,катается на коньках,катается,False
GQA-ru,tuned,1512,Кажутся ли черные брюки длинными?,да,да,да,True
GQA-ru,tuned,10392,"Кто, по-твоему, держит черную рубашку?",мальчик,мальчик,мальчик,True
GQA-ru,tuned,4533,Какая мебель широкая?,диван,диван,диван,True
GQA-ru,tuned,722,"Мягкая подушка слева или справа от мужчины, который носит шорты?",слева,ritard sappi,ritard,False
GQA-ru,tuned,58,Кто носит рубашку?,девочка,**девочка,**девочка,False
GQA-ru,tuned,5464,Какой предмет мебели находится под телевизором?,тумба под телевизор,**стол,**стол,False
GQA-ru,tuned,2143,Где находится скейтер?,на парковке,**на дорожке,**на,False
GQA-ru,tuned,10438,Растут ли сосны за забором справа?,да,**да,**да,False
GQA-ru,tuned,4291,Что находится перед занавеской?,письменный стол,**клавиатура,**клавиатура,False
GQA-ru,tuned,2647,"В какой части изображения находятся очки, в верхней или нижней?",в верхней,**в верхней,**в,False
GQA-ru,tuned,12144,Похожи ли простыни на голубые или розовые?,голубые,**розовые,**розовые,False
GQA-ru,tuned,7239,Какое животное несет мужчина?,собаку,**собака,**собака,False
GQA-ru,tuned,9038,Кто держит зонт?,женщина,**женщина,**женщина,False
GQA-ru,tuned,11561,Зебры перед кустарником кажутся большими и черно-белыми?,да,ritard sappi,ritard,False
GQA-ru,tuned,7007,Кто смотрит на большую раму для картины?,мужчина,**мужчина,**мужчина,False
GQA-ru,tuned,9189,Какое животное маленькое?,котенок,**кошка,**кошка,False
GQA-ru,tuned,158,Какая еда находится слева от младенца?,зефир,**суп,**суп,False
GQA-ru,tuned,1232,Кто носит очки?,девочка,**женщина,**женщина,False
GQA-ru,tuned,11321,Штаны бежевые?,нет,**нет,**нет,False
GQA-ru,tuned,2442,"Человек, который не грязный, носит шлем?",нет,нет,нет,True
GQA-ru,tuned,8938,Он играет с мячом?,нет,нет,нет,True
GQA-ru,tuned,590,Кто носит рубашку?,мужчина,мужчина,мужчина,True
GQA-ru,tuned,6049,Какую еду не режут?,морковь,морковь,морковь,True
GQA-ru,tuned,9543,Этот транспортное средство белое и маленькое?,да,нет,нет,False
GQA-ru,tuned,9052,Что перед горами?,океан,воздушного змея,воздушного,False
GQA-ru,tuned,2426,Какое это животное?,слон,слон,слон,True
GQA-ru,tuned,7041,Что делает стоящий человек справа от мужчины?,ждёт,играет,играет,False
GQA-ru,tuned,2088,Что держит человек рядом с подарком?,мобильный телефон,лыжа,лыжа,False
GQA-ru,tuned,685,Что находится на телевизоре?,пульт управления,картина,картина,False
GQA-ru,tuned,5050,Какой высоты стол?,высокий,высокие,высокие,False
GQA-ru,tuned,5974,Телевизор и стул сделаны из одного и того же материала?,нет,нет,нет,True
GQA-ru,tuned,653,"На этом фото есть и миски, и морковь?",нет,да,да,False
GQA-ru,tuned,5862,Толстый и сердитый ли мужчина справа от другого мужчины?,нет,да,да,False
GQA-ru,tuned,3441,"Шкафы находятся под шкафчиками, которые показаны на этом изображении?",да,да,да,True
GQA-ru,tuned,11174,"Находится ли шлем слева или справа от человека, справа от которого находится мотоцикл?",слева,справа,справа,False
GQA-ru,tuned,4088,Судья справа?,нет,да,да,False
GQA-ru,tuned,10927,Какая одежда спортивная?,рубашка,шорты,шорты,False
GQA-ru,tuned,1684,Какая мебель стоит перед окном?,диван,диван,диван,True
GQA-ru,tuned,5794,На кого смотрит большое животное?,на ребенка,люди,люди,False
GQA-ru,tuned,9173,Свеча красная и красивая?,да,да,да,True
GQA-ru,tuned,10168,"Что больше, чем знак?",логотип,посудомоечная машина,посудомоечная,False
GQA-ru,tuned,2532,Над кем висит плакат?,над женщиной,женщиной,женщиной,False
GQA-ru,tuned,3878,В каком месте находится это изображение?,во дворе,на теннисном корте,на,False
GQA-ru,tuned,2662,Вы видите какие-либо туалеты слева от ящика?,да,да,да,True
GQA-ru,tuned,2900,"Что, по вашему мнению, вставлено в розетки, которые сделаны из дерева?",шнуры,пожарный гидрант,пожарный,False
GQA-ru,tuned,6755,"Кажется ли, что мужчина занимается серфингом?",нет,нет,нет,True
GQA-ru,tuned,406,Стоит ли женщина рядом с мужчиной на кирпичах?,да,да,да,True
GQA-ru,tuned,2938,Какого цвета хвост у лошади?,чёрный,красного,красного,False
GQA-ru,tuned,12067,Из чего сделано зеркало?,из стекла,дерево,дерево,False
GQA-ru,tuned,5442,На чём установлен кран?,на столешнице,на унитазе,на,False
GQA-ru,tuned,6745,"Стул, который находится слева от чашек, золотой или черный?",золотой,черный,черный,False
GQA-ru,tuned,10975,Какой овощ лежит в прямоугольной корзине?,брокколи,брокколи,брокколи,True
GQA-ru,tuned,12043,Что делает мужчина?,разговаривает,стоит,стоит,False
GQA-ru,tuned,4065,"Обе рубашка, которая выглядит серой, и черная блузка в полоску?",да,да,да,True
GQA-ru,tuned,2608,"Кто сидит перед подушкой, которая находится слева от контроллера Wii?",мужчина,женщина,женщина,False
GQA-ru,tuned,11489,"Какое устройство не является цифровым, клавиатура или монитор?",клавиатура,клавиатура,клавиатура,True
GQA-ru,tuned,1771,"Есть ли на этом изображении стулья, которые не белые?",да,да,да,True
GQA-ru,tuned,6267,Этот туалет металлический и белый?,нет,нет,нет,True
GQA-ru,tuned,634,Картины находятся справа или слева?,слева,слева,слева,True
GQA-ru,tuned,7711,Есть ли там какие-нибудь ящики или столы?,нет,нет,нет,True
GQA-ru,tuned,3644,"Есть ли тарелка слева от салфетки, справа от которой находится сумочка?",нет,нет,нет,True
GQA-ru,tuned,3269,Лампа белая и высокая?,да,нет,нет,False
GQA-ru,tuned,7541,Что находится перед многоквартирным домом?,машина,автобус,автобус,False
GQA-ru,tuned,5728,Что носит мужчина справа от женщины?,костюм,костюм,костюм,True
GQA-ru,tuned,5000,Что делает человек?,играет,бежит,бежит,False
GQA-ru,tuned,3728,Кисть за лошадьми?,нет,да,да,False
GQA-ru,tuned,3652,Что делает мужчина?,нагибается,стоит,стоит,False
GQA-ru,tuned,387,"Она справа от дивана, который слева от телевизора?",нет,да,да,False
GQA-ru,tuned,10813,"Как называется предмет мебели, на котором стоит банка?",полка,полка,полка,True
GQA-ru,tuned,3164,Кто носит рубашку?,женщина,мужчина,мужчина,False
GQA-ru,tuned,6528,Что держит человек?,зонт,зонт,зонт,True
GQA-ru,tuned,5378,Что прикреплено к стенам?,трубы,картина,картина,False
GQA-ru,tuned,4564,Что находится перед мужчиной?,вход,машина,машина,False
GQA-ru,tuned,1137,"Какой прибор находится справа от человека, который стоит перед велосипедом?",блендер,блендер,блендер,True
GQA-ru,tuned,4573,Какой это знак?,знак стоп,"знак ""стоп""",знак,False
GQA-ru,tuned,5753,Женщина слева от мужчины сидит?,да,да,да,True
GQA-ru,tuned,10510,Что находится справа от женщины в брюках?,автомобиль,хот-дог,хот-дог,False
GQA-ru,tuned,8346,Из одного и того же материала сделаны стол и сервировочное блюдо?,нет,да,да,False
GQA-ru,tuned,6548,Маршмеллоу слева от ребенка выглядит белым и мягким?,да,да,да,True
GQA-ru,tuned,11133,Пожарный гидрант оранжевый и большой?,да,да,да,True
GQA-ru,tuned,5425,"Какого цвета книга, которая не закрыта?",белый,белая,белая,False
GQA-ru,tuned,452,"На картинке есть и шлем, и мотоцикл?",нет,нет,нет,True
GQA-ru,tuned,1889,Какой предмет мебели чистый?,шкаф,стол,стол,False
GQA-ru,tuned,4279,"Какое устройство изготовлено из того же материала, что и заколка для волос, лежащая на кровати?",мобильный телефон,ноутбук,ноутбук,False
GQA-ru,tuned,2925,"Есть ли стулья под светильником, который сделан из дерева?",да,да,да,True
GQA-ru,tuned,9512,Вы видите какие-нибудь шарфы или перчатки?,нет,нет,нет,True
GQA-ru,tuned,4349,"Металлический забор находится перед мужчиной, держащим теннисную ракетку, или за ним?",позади,перед,перед,False
GQA-ru,tuned,626,Трава длинная или короткая?,короткая,длинная,длинная,False
GQA-ru,tuned,1776,"Есть ли шкафы слева от стоящих людей, находящихся за багажом?",да,нет,нет,False
GQA-ru,tuned,9774,Какое устройство стоит рядом с курицей?,ноутбук,ноутбук,ноутбук,True
GQA-ru,tuned,7119,"Облако такого же цвета, как и шарф?",да,да,да,True
GQA-ru,tuned,5663,Дом деревянный и красный?,нет,нет,нет,True
GQA-ru,tuned,11936,Белая бумага над наклейками?,да,да,да,True
GQA-ru,tuned,5139,Есть ли тарелка слева от девушки справа на картине?,да,да,да,True
GQA-ru,tuned,7149,На какой стороне изображения находится зеркало?,слева,слева,слева,True
GQA-ru,tuned,9932,Кто стоит рядом с ловцом?,бейсболист,игрок,игрок,False
GQA-ru,tuned,8379,Какая одежда связана?,рубашка,платье,платье,False
GQA-ru,tuned,1894,Что перед женщинами?,рама окна,пицца,пицца,False
GQA-ru,tuned,6311,Изготовлены ли окно и дверь из одного и того же материала?,нет,нет,нет,True
GQA-ru,tuned,9446,Где суп?,на столе,на тарелке,на,False
GQA-ru,tuned,3114,Какого цвета майка?,розовая,белая,белая,False
GQA-ru,tuned,4173,Какая мебель не крупная?,стул,стол,стол,False
GQA-ru,tuned,727,Какой прибор закрыт?,духовка,плита,плита,False
GQA-ru,tuned,11612,Из чего сделана черная маска для лица?,из металла,металл,металл,False
GQA-ru,tuned,7144,"Какой тип мебели имеет такой же цвет, как рубашка?",стул,стол,стол,False
GQA-ru,tuned,27,"Какая еда находится слева от младенца, сидящего на женщине?",зефир,суп,суп,False
GQA-ru,tuned,8518,Она в пальто?,нет,нет,нет,True
GQA-ru,tuned,8821,"Смотрит ли лыжник, который не низкий, вниз?",да,да,да,True
GQA-ru,tuned,11253,Есть ли черная клавиатура или пульт дистанционного управления?,нет,да,да,False
GQA-ru,tuned,11787,"Мост находится за транспортным средством, которое находится за наклейкой?",да,да,да,True
GQA-ru,tuned,12156,Какое животное находится справа от зебры?,лошади,коза,коза,False
GQA-ru,tuned,12075,"Какого размера куртка, маленькая или большая?",маленькая,маленькая,маленькая,True
GQA-ru,tuned,10987,Какого цвета ковер?,черный,черный,черный,True
GQA-ru,tuned,3228,"Какого, по вашему мнению, цвета пол?",серый,зелёный,зелёный,False
GQA-ru,tuned,5967,Какого цвета зубная щётка?,жёлтая,белая,белая,False
GQA-ru,tuned,7066,"Какого размера стол, на котором стоит чашка?",маленький,большой,большой,False
GQA-ru,tuned,1146,Есть ли в этой картине белая кровать или стол?,нет,да,да,False
GQA-ru,tuned,10882,Находится ли ноутбук слева или справа от мобильного телефона?,слева,слева,слева,True
GQA-ru,tuned,5409,Кто носит рубашку?,мужчина,мальчик,мальчик,False
GQA-ru,tuned,10209,"На каком предмете мебели лежит пульт управления, на шкафу или журнальном столике?",журнальный столик,журнальный столик,журнальный,False
GQA-ru,tuned,5143,На какой стороне круглая еда?,справа,слева,слева,False
GQA-ru,tuned,2041,Пожилые люди слева или справа?,справа,справа,справа,True
GQA-ru,tuned,11792,"Клавиатура чёрная или, может быть, серебристая?",серебристая,черная,черная,False
GQA-ru,tuned,4920,"Какая еда находится справа от контейнера, который не открыт?",печенье,суп,суп,False
GQA-ru,tuned,8308,Из чего сделан пылесос?,из пластика,пластик,пластик,False
GQA-ru,tuned,5067,Какой тип одежды в полоску?,рубашка,рубашка,рубашка,True
GQA-ru,tuned,10926,Печенья круглые?,да,да,да,True
GQA-ru,tuned,6691,Европец мужчина и счастлив?,да,да,да,True
GQA-ru,tuned,5344,Что стоит на столешнице?,подставка для столовых приборов,чайник,чайник,False
GQA-ru,tuned,6592,Раковина сделана из хрома?,нет,да,да,False
GQA-ru,tuned,11423,Какое устройство находится на столе?,компьютер,ноутбук,ноутбук,False
GQA-ru,tuned,4844,Какое это место?,парк,тротуар,тротуар,False
GQA-ru,tuned,9083,"Какая мебель имеет такой же цвет, как дерево перед стеной?",диван,стул,стул,False
GQA-ru,tuned,2085,Какое животное стоит на земле?,слон,медведь,медведь,False
GQA-ru,tuned,3143,Стоят ли слоны за камнями?,да,да,да,True
GQA-ru,tuned,6888,Какой транспортное средство серого цвета?,фургон,грузовик,грузовик,False
GQA-ru,tuned,10894,Какой знак изображён на этой картинке?,знак остановки,"знак ""стоп""",знак,False
GQA-ru,tuned,6211,Полки находятся над миской?,да,да,да,True
GQA-ru,tuned,11097,Сумка и спальня одного и того же цвета?,нет,да,да,False
GQA-ru,tuned,2851,Кровать белого цвета выглядит маленькой и мягкой?,нет,да,да,False
GQA-ru,tuned,10084,Стеклянный контейнер перед бумажными полотенцами сделан из бумаги?,да,да,да,True
GQA-ru,tuned,9324,"Какая мебель не белая, стул или стол?",стол,стул,стул,False
GQA-ru,tuned,4930,Полотенце выглядит толстым?,нет,нет,нет,True
GQA-ru,tuned,6653,Маркер выглядит серым или красным?,серым,серый,серый,False
GQA-ru,tuned,8977,Мужчина справа от коровы?,нет,нет,нет,True
GQA-ru,tuned,6,Над чем летит самолёт?,океан,воздухом,воздухом,False
GQA-ru,tuned,4978,Какая мебель низкая?,кровать,кровать,кровать,True
GQA-ru,tuned,4700,Зеркало из серебра справа или слева?,справа,справа,справа,True
GQA-ru,tuned,3443,Какое животное маленькое?,зебра,зебра,зебра,True
GQA-ru,tuned,7043,Этот стол гладкий и темно-коричневый?,да,нет,нет,False
GQA-ru,tuned,9502,Это сцена в помещении?,да,да,да,True
GQA-ru,tuned,9939,Младенец на велосипеде выглядит уродливо?,нет,да,да,False
GQA-ru,tuned,10726,Кто катается на скейтборде?,мальчик,мальчик,мальчик,True
GQA-ru,tuned,5279,Лампа рядом с ноутбуком выглядит тонкой и высокой?,да,да,да,True
GQA-ru,tuned,7618,Кто прикасается к ноутбукам?,мужчина,мальчик,мальчик,False
GQA-ru,tuned,7238,"Человек справа или слева от сумки, которая лежит на верху шкафа?",слева,ritard sappi,ritard,False
GQA-ru,tuned,7244,Что перед окном?,шторы,**дверь,**дверь,False
GQA-ru,tuned,11069,Клавиатура слева от подноса белая или черная?,белая,**белая,**белая,False
GQA-ru,tuned,3501,С какой стороны картинки находятся бумаги?,слева,**слева,**слева,False
GQA-ru,tuned,8375,"Вы видите и кружки, и чашки?",нет,**нет,**нет,False
GQA-ru,tuned,7752,Какого цвета статуя?,серая,**синяя,**синяя,False
GQA-ru,tuned,12057,Что находится перед белыми цветами?,меню,**картина,**картина,False
GQA-ru,tuned,2780,Какая мебель плоская?,стол,**стол,**стол,False
GQA-ru,tuned,10794,Полотенце справа от мыльницы цветное и маленькое?,да,да,да,True
GQA-ru,tuned,1389,Какой тип воздушного судна находится над океаном?,вертолет,вертолёт,вертолёт,False
GQA-ru,tuned,4649,На какой стороне находится синяя зубная щетка?,справа,справа,справа,True
GQA-ru,tuned,8445,"Как называется десерт, имеющий ту же форму, что и большой контейнер?",брауни,торт,торт,False
GQA-ru,tuned,10876,Над чем висит лампа?,стол,на потолке,на,False
GQA-ru,tuned,10370,Какая это комната?,спальня,гостиная,гостиная,False
GQA-ru,tuned,10145,Оранжевый кот слева от лампы?,да,да,да,True
GQA-ru,tuned,5491,"Что за устройство держит блондинка, стоящая перед столом, контроллер Wii или телефон?",контроллер wii,контроллер Wii,контроллер,False
GQA-ru,tuned,1530,Какие предметы мебели находятся под плитой?,шкафы,шкафы,шкафы,True
GQA-ru,tuned,3848,Выглядит ли книжный шкаф рядом с лампой высоким и пустым?,нет,нет,нет,True
GQA-ru,tuned,11023,Каков вес корабля?,тяжёлый,маленький,маленький,False
GQA-ru,tuned,5085,"Стол стоит перед рождественской гирляндой, которая на стене?",да,да,да,True
GQA-ru,tuned,3680,Велосипед слева или справа от человека в куртке?,справа,справа,справа,True
GQA-ru,tuned,3262,На чём стоит лампа?,на тумбочке,на тумбочке,на,False
GQA-ru,tuned,2414,Какая мебель находится справа от мужчины?,полки,полка,полка,False
GQA-ru,tuned,400,Вода волнуется?,нет,нет,нет,True
GQA-ru,tuned,757,Какой вид кухонного инструмента тёплый?,сковорода,лопатка,лопатка,False
GQA-ru,tuned,4011,Какого цвета те часы?,розовые,серебристые,серебристые,False
GQA-ru,tuned,7784,В каком приборе отражается бутылка вина?,в тостере,микроволновка,микроволновка,False
GQA-ru,tuned,10015,Лежит ли металлическая лопатка на кофейнике?,нет,да,да,False
GQA-ru,tuned,1193,"Кто смотрит на десерт, который находится на подносе?",девочка,женщина,женщина,False
GQA-ru,tuned,7461,Какое это место?,парковка,парк,парк,False
GQA-ru,tuned,6790,Брюки выглядят темными и длинными?,да,да,да,True
GQA-ru,tuned,10318,Корзина открытая зелёная или коричневая?,коричневая,зелёная,зелёная,False
GQA-ru,tuned,9431,С каким устройством играет мальчик?,с контроллером wii,контроллер Wii,контроллер,False
GQA-ru,tuned,3185,Есть ли двери?,нет,нет,нет,True
GQA-ru,tuned,11769,Доска для мела находится над банками?,да,да,да,True
GQA-ru,tuned,11409,Кто носит шапку?,сноубордист,девочка,девочка,False
GQA-ru,tuned,6291,Что находится на столе?,тарелки,посуда,посуда,False
GQA-ru,tuned,8099,Провода выглядят твердыми?,да,нет,нет,False
GQA-ru,tuned,6547,Стол коричневого цвета и квадратной формы?,нет,да,да,False
GQA-ru,tuned,3997,У куртки и подноса разные цвета?,да,да,да,True
GQA-ru,tuned,2417,Кто перед мальчиком?,бэттер,игрок,игрок,False
GQA-ru,tuned,10748,Какая мебель находится за мужчиной?,стол,стул,стул,False
GQA-ru,tuned,11266,Есть ли красная тарелка или банка?,нет,нет,нет,True
GQA-ru,tuned,90,Что стоит на полу?,полка,бутылка,бутылка,False
GQA-ru,tuned,1746,Что общего у брауни и контейнера?,форма,цвет,цвет,False
GQA-ru,tuned,6965,Мусорное ведро находится под раковиной?,нет,да,да,False
GQA-ru,tuned,3585,"Человек, который смотрит, держит теннисную ракетку?",да,да,да,True
GQA-ru,tuned,2881,Какого цвета контейнер из картона?,белый,коричневый,коричневый,False
GQA-ru,tuned,11401,"Есть ли на этом изображении и шлем, и сноубордист?",да,да,да,True
GQA-ru,tuned,8486,Стол кажется белым и круглым?,да,нет,нет,False
GQA-ru,tuned,7611,Носит ли этот питчер перчатку?,нет,да,да,False
GQA-ru,tuned,822,Летучая мышь черная и металлическая?,нет,да,да,False
GQA-ru,tuned,9132,Какой прибор находится перед столом?,плита,холодильник,холодильник,False
GQA-ru,tuned,4082,На какой стороне изображения находится красная книга?,справа,справа,справа,True
GQA-ru,tuned,1988,Что делает собака?,играет,идет,идет,False
GQA-ru,tuned,7478,Рядом с чем стоит этот стул?,цветы,книжный шкаф,книжный,False
GQA-ru,tuned,2184,Подушки на диване белые и мягкие?,да,да,да,True
GQA-ru,tuned,7612,Какая мебель сделана из дерева?,письменный стол,стол,стол,False
GQA-ru,tuned,10937,За каким видом мебели находится книжная полка?,кровать,полка,полка,False
GQA-ru,tuned,8702,Какой тип овощей находится слева от круглой еды?,фасоль,морковь,морковь,False
GQA-ru,tuned,9157,Есть ли какие-нибудь лампы рядом с книгами справа?,да,да,да,True
GQA-ru,tuned,9755,Есть ли оранжевая сумка или телефон?,да,нет,нет,False
GQA-ru,tuned,5198,Есть ли черные стулья или телевизоры?,да,да,да,True
GQA-ru,tuned,7251,Какого цвета шорты?,серые,синие,синие,False
GQA-ru,tuned,10037,Какое животное смотрит на человека?,кот,кошка,кошка,False
GQA-ru,tuned,11784,Капуста справа от другой капусты одновременно лиственная и красная?,нет,нет,нет,True
GQA-ru,tuned,8270,"На чем лежит закуска, на книжной полке или на кровати?",на кровати,книжная полка,книжная,False
GQA-ru,tuned,6991,Как называются эти животные?,козы,коровы,коровы,False
GQA-ru,tuned,8976,Какой предмет одежды черный?,рубашка,куртка,куртка,False
GQA-ru,tuned,7305,Чем окружен песок?,деревьями,домом,домом,False
GQA-ru,tuned,2607,Кто стоит за тортом?,дама,женщина,женщина,False
GQA-ru,tuned,12184,Рама для картин выглядит деревянной и коричневой?,нет,да,да,False
GQA-ru,tuned,7777,Какой предмет мебели не коричневый?,диван,полка,полка,False
GQA-ru,tuned,7373,"В какой части фотографии находится ящик, в верхней или нижней?",в верхней,в нижней,в,False
GQA-ru,tuned,4246,Смотрит ли судья за битой на бейсболиста?,да,да,да,True
GQA-ru,tuned,4050,Кто носит рубашку?,мужчина,мужчина,мужчина,True
GQA-ru,tuned,10447,"Что растёт за забором, который находится за столбом?",сосны,лимон,лимон,False
GQA-ru,tuned,4543,"Человек, находящийся слева от бутылки с водой, молод и азиат?",да,да,да,True
GQA-ru,tuned,8540,Есть ли здесь скамейки или бинты?,да,да,да,True
GQA-ru,tuned,7939,Лук слева от сервировочной тарелки выглядит здоровым и маленьким?,да,да,да,True
GQA-ru,tuned,10268,Бокал для вина слева или справа от тарелки?,справа,**справа,**справа,False
GQA-ru,tuned,3919,Что лежит на сковороде?,лопатка,**пицца,**пицца,False
GQA-ru,tuned,4499,"Пол сделан из такого же материала, как и стена?",нет,**нет,**нет,False
GQA-ru,tuned,7206,Какого размера поднос в центре?,маленький,**большой,**большой,False
GQA-ru,tuned,1269,"Куртка такого же цвета, как сумка?",нет,**нет,**нет,False
GQA-ru,tuned,11690,Волосы светлые и длинные?,да,**нет,**нет,False
GQA-ru,tuned,4681,Держится ли мужчина слева от очков за зонт справа от очков?,да,ritard sappi,ritard,False
GQA-ru,tuned,3841,Какой размер у чистого душа возле зеркала?,большой,**большой,**большой,False
GQA-ru,tuned,4451,Включенный ноутбук на столе закрыт и прямоугольный?,нет,нет,нет,True
GQA-ru,tuned,5502,Есть ли маленькие настольные лампы или заборы?,да,да,да,True
GQA-ru,tuned,5238,Выглядит ли жираф справа от дома худым?,да,да,да,True
GQA-ru,tuned,8849,У плиты и варочной поверхности одинаковый цвет?,нет,да,да,False
GQA-ru,tuned,1320,Как называется мягкая еда?,бутерброды,сэндвич,сэндвич,False
GQA-ru,tuned,2267,Что лежит на джинсах?,скейтборд,одеяло,одеяло,False
GQA-ru,tuned,2471,"Есть ли на полу книги, которые выглядят красными?",нет,нет,нет,True
GQA-ru,tuned,3788,Какой вид бытовой техники изготовлен из металла?,тостер,микроволновка,микроволновка,False
GQA-ru,tuned,6275,"Находится ли автомобиль справа от автобуса, рядом с которым находится стрелка?",да,да,да,True
GQA-ru,tuned,11369,Что находится под телевизором?,тумба для аппаратуры,книга,книга,False
GQA-ru,tuned,2503,Какой транспорт находится позади внедорожника?,грузовик,машина,машина,False
GQA-ru,tuned,11573,Какого цвета книга?,белый,белая,белая,False
GQA-ru,tuned,3505,Что лежит на жёлтом столе?,бумага,чайник,чайник,False
GQA-ru,tuned,1052,"Какого цвета ручки, которые лежат на кровати?",белые,синие,синие,False
GQA-ru,tuned,6797,Что находится перед экраном?,ноутбук,ноутбук,ноутбук,True
GQA-ru,tuned,6678,Есть ли коврики перед раковиной?,да,нет,нет,False
GQA-ru,tuned,5421,Какого размера зонтик в верхней части изображения?,огромный,большой,большой,False
GQA-ru,tuned,8890,На какой стороне изображения находится блендер?,слева,слева,слева,True
GQA-ru,tuned,7633,Брюки и полотенца одного цвета?,нет,да,да,False
GQA-ru,tuned,6812,Кто носит повязку на голову?,футболист,девочка,девочка,False
GQA-ru,tuned,1020,Кто носит сандалии?,мужчина,мужчина,мужчина,True
GQA-ru,tuned,3388,Есть ли на этой фотографии шкафы или стулья?,нет,нет,нет,True
GQA-ru,tuned,6883,Что находится перед каменным зданием?,дерево,мотоцикл,мотоцикл,False
GQA-ru,tuned,6381,Какого цвета столешница?,черная,черного,черного,False
GQA-ru,tuned,9569,Какого цвета обувь?,белые,оранжевого,оранжевого,False
GQA-ru,tuned,11395,Сколько лет счастливому мужчине?,пожилой,мало,мало,False
GQA-ru,tuned,320,Кто носит рубашку?,женщина,женщина,женщина,True
GQA-ru,tuned,9432,Какой предмет мебели находится справа от журнального столика?,тумбочка,диван,диван,False
GQA-ru,tuned,6232,Из чего сделан стол?,из металла,металл,металл,False
GQA-ru,tuned,7814,"Человек, который не женского пола, носит гидрокостюм?",нет,нет,нет,True
GQA-ru,tuned,96,Что лежит на полу?,подарок,снег,снег,False
GQA-ru,tuned,5763,Что находится перед ковром?,свитшот,стол,стол,False
GQA-ru,tuned,4892,Какие фрукты коричневые?,яблоки,яблоко,яблоко,False
GQA-ru,tuned,6389,На какой стороне изображения находится дом?,справа,справа,справа,True
GQA-ru,tuned,6865,Человек возле туалета выглядит как европеец и мужчина?,нет,нет,нет,True
GQA-ru,tuned,8818,Кто носит очки?,джентльмен,мужчина,мужчина,False
GQA-ru,tuned,12036,Эта майка розовая и без рукавов?,да,нет,нет,False
GQA-ru,tuned,8947,Кухонный инструмент из дерева имеет прямоугольную форму?,да,да,да,True
GQA-ru,tuned,9883,"Есть ли велосипедисты или мужчины, которые едут?",да,да,да,True
GQA-ru,tuned,3613,Как называется транспортное средство слева от скорой помощи?,пожарная машина,грузовик,грузовик,False
GQA-ru,tuned,7999,Какое мясо под мустардой?,ветчина,ветчина,ветчина,True
GQA-ru,tuned,3595,На какой стороне изображения находится пустая коробка?,справа,справа,справа,True
GQA-ru,tuned,4471,"Кто стоит на скейтборде, который выглядит черным?",скейтбордист,парень,парень,False
GQA-ru,tuned,7140,Что находится перед устройством около стекла?,экран,ручка,ручка,False
GQA-ru,tuned,475,У шлема синий цвет?,да,да,да,True
GQA-ru,tuned,6371,На что смотрит человек слева от очков?,океан,на воду,на,False
GQA-ru,tuned,5507,Что находится перед стулом?,дверь,полка,полка,False
GQA-ru,tuned,10958,Кто перед женщиной?,мужчина,мужчина,мужчина,True
GQA-ru,tuned,11127,"Большой и круглый ли пончик, который слева от человека?",нет,да,да,False
GQA-ru,tuned,6624,Отличается ли тарелка по цвету от кружки?,нет,да,да,False
GQA-ru,tuned,11864,Какая мебель находится справа от ноутбука?,стул,стул,стул,True
GQA-ru,tuned,2704,Грязный ли транспортное средство?,нет,нет,нет,True
GQA-ru,tuned,7657,Что перевозит вертолёт?,корабль,палубу,палубу,False
GQA-ru,tuned,2091,Какое устройство держит мужчина?,мобильный телефон,камера,камера,False
GQA-ru,tuned,10195,Какая мебель серая?,диван,стол,стол,False
GQA-ru,tuned,441,Имеет ли нож в блоке для ножей черный цвет и короткую длину?,нет,да,да,False
GQA-ru,tuned,6455,Где находится транспортное средство?,на поле,на дороге,на,False
GQA-ru,tuned,9697,Какие устройства открыты?,ноутбуки,ноутбуки,ноутбуки,True
GQA-ru,tuned,9246,С какой стороны монитор?,справа,справа,справа,True
GQA-ru,tuned,10862,"Жалюзи и толстые, и плотные?",нет,нет,нет,True
GQA-ru,tuned,444,Забор перед скамейкой высокий и серый?,да,да,да,True
GQA-ru,tuned,1375,Какой тип мебели находится на полу?,тумба под телевизор,диван,диван,False
GQA-ru,tuned,10530,Куртка легкая и коричневая?,нет,нет,нет,True
GQA-ru,tuned,7022,Вы видите там сноуборд или серфборд?,да,да,да,True
GQA-ru,tuned,2223,Отличается ли верёвка по цвету от велосипеда?,да,да,да,True
GQA-ru,tuned,7564,Кто носит шляпу?,мальчик,мальчик,мальчик,True
GQA-ru,tuned,2977,"Что больше, чем напиток, который находится сверху?",масло,чайник,чайник,False
GQA-ru,tuned,823,Находится ли маленькое устройство слева?,нет,да,да,False
GQA-ru,tuned,4262,Какое это место?,поле,поле,поле,True
GQA-ru,tuned,5363,За каким предметом мебели находится стена?,диван,диван,диван,True
GQA-ru,tuned,3467,Есть ли туалеты возле стены?,нет,нет,нет,True
GQA-ru,tuned,7449,Какой предмет держит женщина?,телефон,камера,камера,False
GQA-ru,tuned,5355,За кем идет мужчина?,за женщиной,женщиной,женщиной,False
GQA-ru,tuned,5529,На чём лежит коврик для мыши?,на компьютерном столе,на ноутбуке,на,False
GQA-ru,tuned,4558,Кто держит теннисную ракетку жёлто-серого цвета?,игрок,женщина,женщина,False
GQA-ru,tuned,6906,Мужчина выглядит молодым и высоким?,да,да,да,True
GQA-ru,tuned,4133,Где находится тот слон?,на поле,на дороге,на,False
GQA-ru,tuned,1341,За кем идёт мужчина?,за женщиной,женщиной,женщиной,False
GQA-ru,tuned,7705,Есть ли на картинке мячи или скворечники?,нет,нет,нет,True
GQA-ru,tuned,317,Что делает женщина?,смотрит вниз,пожаривает,пожаривает,False
GQA-ru,tuned,853,"Смотрит ли женщина, которая не худая, в мобильный телефон?",нет,да,да,False
GQA-ru,tuned,5733,"Тарелка такого же цвета, как и занавеска?",да,да,да,True
GQA-ru,tuned,3673,Эта дверь выглядит тонкой и деревянной?,да,да,да,True
GQA-ru,tuned,10651,Вы видите пальмы справа от шкафа?,да,да,да,True
GQA-ru,tuned,1124,Вы видите большое зеркало или стол?,нет,да,да,False
GQA-ru,tuned,10678,Футболка синяя и чистая?,нет,нет,нет,True
GQA-ru,tuned,659,На какой стороне фото находится скульптура?,справа,справа,справа,True
GQA-ru,tuned,508,Из чего сделаны полки?,из металла,металл,металл,False
GQA-ru,tuned,4051,"Забор находится перед деревьями или за деревьями, которые зеленые и коричневые?",позади,перед,перед,False
GQA-ru,tuned,3266,"Как называется предмет одежды, который носят расстёгнутым?",толстовка,рубашка,рубашка,False
GQA-ru,tuned,333,Что держит полный мужчина?,зонт,зонт,зонт,True
GQA-ru,tuned,10179,Какая выпечка перед женщиной?,пирог,торт,торт,False
GQA-ru,tuned,2496,"Находится ли бутылка справа или слева от зубной щётки, которая выглядит зелёной и белой?",слева,слева,слева,True
GQA-ru,tuned,3908,Выглядит ли шина круглой и большой?,нет,нет,нет,True
GQA-ru,tuned,2068,Находится ли мусорное ведро под тумбочкой?,нет,да,да,False
GQA-ru,tuned,7758,Какая мебель висит на стене?,шкафы,шкаф,шкаф,False
GQA-ru,tuned,10968,Какого цвета горшок для цветов?,коричневый,коричневый,коричневый,True
GQA-ru,tuned,1874,Какого цвета горы рядом с океаном?,серые,коричневого,коричневого,False
GQA-ru,tuned,9240,Кто носит брюки?,женщина,женщина,женщина,True
GQA-ru,tuned,3571,Раковина установлена на столешнице?,да,нет,нет,False
GQA-ru,tuned,7619,Звезды кажутся яркими и маленькими?,да,да,да,True
GQA-ru,tuned,11460,Есть ли на картине телефон?,да,да,да,True
GQA-ru,tuned,4198,"Как выглядит еда слева от верёвки, белая или тёмно-коричневая?",тёмно-коричневая,тёмно-коричневая,тёмно-коричневая,True
GQA-ru,tuned,6043,Из чего сделана рамка для картины?,из пластика,металл,металл,False
GQA-ru,tuned,2749,Какого цвета зонт слева?,розовый,розовый,розовый,True
GQA-ru,tuned,9926,Дикие цветы фиолетовые?,нет,нет,нет,True
GQA-ru,tuned,9949,Какой транспортный средство припарковано возле здания из кирпича?,автобус,автобус,автобус,True
GQA-ru,tuned,2683,На какой стороне изображения находится коврик?,справа,слева,слева,False
GQA-ru,tuned,5096,Рубашка-поло оранжевая или белая?,белая,белая,белая,True
GQA-ru,tuned,9481,Кто катается на коньках по дороге?,женщина,мужчина,мужчина,False
GQA-ru,tuned,420,Этот автомобиль серебристый?,нет,нет,нет,True
GQA-ru,tuned,5111,"Корзина, которая коричневая, закрыта или открыта?",открыта,открыта,открыта,True
GQA-ru,tuned,9433,Носки выглядят жёлтыми?,нет,нет,нет,True
GQA-ru,tuned,6149,Есть ли брокколи рядом с круглой едой?,да,да,да,True
GQA-ru,tuned,6498,Какое животное перед диваном?,собака,собака,собака,True
GQA-ru,tuned,11714,"Вы видите там доску для серфинга, которая не тонкая?",нет,да,да,False
GQA-ru,tuned,3249,Где сделана эта фотография?,на равнине,в поле,в,False
GQA-ru,tuned,1245,Есть ли серебристые краны или заборы?,да,да,да,True
GQA-ru,tuned,9700,Какая одежда не черная?,платье,юбка,юбка,False
GQA-ru,tuned,11315,"Что находится перед транспортным средством, которое выглядит темным?",забор,забор,забор,True
GQA-ru,tuned,10276,Что находится перед галстуком?,рубашка,шляпа,шляпа,False
GQA-ru,tuned,3978,Из одного ли материала сделаны забор и знак?,нет,да,да,False
GQA-ru,tuned,1669,Кто носит рубашку?,джентльмен,мужчина,мужчина,False
GQA-ru,tuned,11422,Что за устройство на столе?,компьютер,ноутбук,ноутбук,False
GQA-ru,tuned,4941,"Какое животное находится перед счастливым человеком, который стоит перед козой?",овца,коза,коза,False
GQA-ru,tuned,11210,Какого цвета чистая раковина?,белый,белая,белая,False
GQA-ru,tuned,9837,"Какой цвет у светофора, который не короткий?",черный,красный,красный,False
GQA-ru,tuned,1983,Что находится перед бутылкой?,миска,клавиатура,клавиатура,False
GQA-ru,tuned,9272,Это тостер или миксер?,тостер,миксер,миксер,False
GQA-ru,tuned,672,Что это за место?,улица,магазин,магазин,False
GQA-ru,tuned,5688,На чём стоит растение?,на полке,на горшке,на,False
GQA-ru,tuned,8728,Какие предметы мебели находятся под шкафами?,шкафчики,шкафы,шкафы,False
GQA-ru,tuned,7018,Выглядит ли играющий над водой мужчина старым?,нет,нет,нет,True
GQA-ru,tuned,10838,Ковёр под ней мягкий и белый?,нет,нет,нет,True
GQA-ru,tuned,6071,С какой стороны находится телевизор?,справа,справа,справа,True
GQA-ru,tuned,1129,Есть ли маленькие женщины или мужчины?,нет,нет,нет,True
GQA-ru,tuned,8289,Дверь выглядит деревянной и большой?,да,нет,нет,False
GQA-ru,tuned,10609,Находятся ли маленькие книги с правой стороны картинки?,нет,да,да,False
GQA-ru,tuned,5590,Какое животное молодое?,котенок,кошка,кошка,False
GQA-ru,tuned,207,Что находится на столе?,цветы,поднос,поднос,False
GQA-ru,tuned,6882,Маленький обогреватель чистый или грязный?,чистый,грязный,грязный,False
GQA-ru,tuned,8031,"Какая этническая принадлежность у человека, стоящего рядом с другим человеком?",азиатский,азиатиаты,азиатиаты,False
GQA-ru,tuned,1729,Чем закрыто окно рядом с часами?,занавесками,занавеской,занавеской,False
GQA-ru,tuned,7102,"Материал окна такой же, как у пистолета?",нет,да,да,False
GQA-ru,tuned,5934,"Какое животное сидит рядом с человеком, который носит пальто?",собака,**собака,**собака,False
GQA-ru,tuned,10413,Отражение каких металлических предметов можно увидеть в чем?,тостер,**посудомоечная машина,**посудомоечная,False
GQA-ru,tuned,7532,"Выглядит ли шляпа, сделанная из ткани, кривой и зелёной?",да,affez,affez,False
GQA-ru,tuned,11588,Шкаф справа от другого шкафа закрыт и маленький?,нет,**нет,**нет,False
GQA-ru,tuned,2506,"Есть ли диваны или лампы, которые не розовые?",нет,**нет,**нет,False
GQA-ru,tuned,7135,Выглядит ли стул слева от чашек низким и золотым?,да,**нет,**нет,False
GQA-ru,tuned,2885,На какой стороне синяя сумка?,слева,**слева,**слева,False
GQA-ru,tuned,12022,"Устройство, которое выглядит серым, выключено или включено?",включено,**выключено,**выключено,False
GQA-ru,tuned,8548,Какая еда находится справа от блина?,яйца,бекон,бекон,False
GQA-ru,tuned,10657,Отличается ли цвет пастбища от цвета дома?,да,да,да,True
GQA-ru,tuned,4425,За стеной из кирпича есть щенки?,нет,нет,нет,True
GQA-ru,tuned,10091,"Скейтбордист, который смотрит вверх, носит кепку?",да,да,да,True
GQA-ru,tuned,8817,Кто носит пальто?,джентльмен,мужчина,мужчина,False
GQA-ru,tuned,7921,Какое животное стоит на траве?,олень,жираф,жираф,False
GQA-ru,tuned,7616,"Что, по-вашему, висит над столешницей?",гроздь бананов,посудомоечная машина,посудомоечная,False
GQA-ru,tuned,7136,Есть ли динамик над тротуаром?,нет,нет,нет,True
GQA-ru,tuned,11977,Кто катается на скейтборде?,скейтбордист,парень,парень,False
GQA-ru,tuned,9707,Какое устройство необычное?,телефон,клавиатура,клавиатура,False
GQA-ru,tuned,4397,Сумка черного цвета и большого размера?,нет,да,да,False
GQA-ru,tuned,5280,Её видно сквозь лампу?,нет,да,да,False
GQA-ru,tuned,4022,Что лежит на горах?,снег,снег,снег,True
GQA-ru,tuned,1419,Какого цвета мягкий свитер?,черный,зелёный,зелёный,False
GQA-ru,tuned,4569,Есть ли матрасы или тележки?,нет,нет,нет,True
GQA-ru,tuned,7385,Совпадает ли цвет раковины с цветом рамы картины?,нет,да,да,False
GQA-ru,tuned,3995,Выглядит ли мусорный бак черно-белым?,да,да,да,True
GQA-ru,tuned,7613,Подушка неудобная?,нет,нет,нет,True
GQA-ru,tuned,9336,"Какого цвета светофор, на котором висит дорожный знак?",черный,красный,красный,False
GQA-ru,tuned,9999,Что перед миской?,клубника,вилка,вилка,False
GQA-ru,tuned,10947,Волосы светлые и короткие?,нет,да,да,False
GQA-ru,tuned,5511,"Как называется предмет мебели, на котором стоит коробка?",компьютерный стол,стол,стол,False
GQA-ru,tuned,470,"Что находится перед зданием, над которым небо?",дорожный знак,забор,забор,False
GQA-ru,tuned,8098,Что находится перед черными кабелями?,ноутбуки,клавиатура,клавиатура,False
GQA-ru,tuned,5325,Эта девушка европеоидной или азиатской расы?,азиатской,азиатской,азиатской,True
GQA-ru,tuned,2979,Кажется ли масло у полки густым или жидким?,густое,густым,густым,False
GQA-ru,tuned,7988,"Носит ли человек, который не молод, шорты?",нет,нет,нет,True
GQA-ru,tuned,3475,Что находится перед забором?,скамейка,песок,песок,False
GQA-ru,tuned,5813,Что находится перед тротуаром?,корзина,грузовик,грузовик,False
GQA-ru,tuned,4232,Включена ли серебристая раковина?,выключена,нет,нет,False
GQA-ru,tuned,5576,Штаны белые и мягкие?,да,нет,нет,False
GQA-ru,tuned,4581,Какую форму имеет коробка для салфеток?,прямоугольная,круглая,круглая,False
GQA-ru,tuned,9767,Какого пола сноубордист?,женский,девочка,девочка,False
GQA-ru,tuned,11488,Какое устройство не цифровое?,клавиатура,компьютерная мышь,компьютерная,False
GQA-ru,tuned,4526,Что находится перед телефоном?,компьютер,клавиатура,клавиатура,False
GQA-ru,tuned,9106,Книга выглядит закрытой?,да,нет,нет,False
GQA-ru,tuned,166,Есть ли серебристый ноутбук или DVD-плеер?,нет,нет,нет,True
GQA-ru,tuned,8464,Погода облачная или ясная?,ясная,облачная,облачная,False
GQA-ru,tuned,3130,Что находится перед столом?,скамейка,стул,стул,False
GQA-ru,tuned,1402,Рубашка выглядит белой и с длинными рукавами?,да,да,да,True
GQA-ru,tuned,3954,Какой предмет мебели металлический?,стул,стол,стол,False
GQA-ru,tuned,11797,Знак на улице оранжевый и прямоугольный?,да,нет,нет,False
GQA-ru,tuned,9096,Что на траве?,фургон,забор,забор,False
GQA-ru,tuned,3937,Какая это мебель?,стулья,стул,стул,False
GQA-ru,tuned,11314,Что держит счастливый мужчина?,флаг,пистолет,пистолет,False
GQA-ru,tuned,7800,Лошади большие и белые?,нет,нет,нет,True
GQA-ru,tuned,10582,Находится ли чёрно-белое изображение в нижней части фотографии?,нет,да,да,False
GQA-ru,tuned,11662,Скамейка справа от другой скамейки серебристая и волнистая?,да,да,да,True
GQA-ru,tuned,8041,Какого цвета та куртка?,коричневый,белая,белая,False
GQA-ru,tuned,7342,Воздушный змей над человеком длинный и лёгкий?,да,да,да,True
GQA-ru,tuned,282,Выглядит ли бетонная тротуарная дорожка шероховатой и мощеной?,да,да,да,True
GQA-ru,tuned,1524,Отражается ли бутылка вина из стекла в кофеварке?,нет,да,да,False
GQA-ru,tuned,4820,Есть ли чёрные духовки или шкафы?,да,нет,нет,False
GQA-ru,tuned,3630,Перед чем находится печенье?,скотч,бумаги,бумаги,False
GQA-ru,tuned,6625,Статуя сделана из камня?,нет,да,да,False
GQA-ru,tuned,11334,"На изображении есть и столы, и клавиатуры?",нет,нет,нет,True
GQA-ru,tuned,3986,Этот провод тонкий и серый?,да,**нет,**нет,False
GQA-ru,tuned,5016,Лента находится за печеньем?,да,**да,**да,False
GQA-ru,tuned,10878,Что перед сапогами?,стена,**телевизор,**телевизор,False
GQA-ru,tuned,9528,Высокий столб находится за забором?,нет,**да,**да,False
GQA-ru,tuned,6046,Какая мебель металлическая?,стол,**стол,**стол,False
GQA-ru,tuned,7753,Какая мебель висит на бежевой стене?,шкафчики,**шкаф,**шкаф,False
GQA-ru,tuned,9068,Находится ли коврик для мыши на компьютерном столе рядом с бумагами?,да,affez,affez,False
GQA-ru,tuned,8698,Эта метла выглядит темной и длинной?,да,**да,**да,False
GQA-ru,tuned,5632,Какой кухонный инструмент находится над горшком с цветком?,сковорода,блендер,блендер,False
GQA-ru,tuned,6971,"Что находится перед мужчиной, который стоит перед знаком?",блендер,ящик,ящик,False
GQA-ru,tuned,9017,"Насколько тонким кажется вам светофор, который не короткий?",тонким,толстый,толстый,False
GQA-ru,tuned,5419,Какого цвета зонт у джентльмена?,жёлтый,жёлтый,жёлтый,True
GQA-ru,tuned,5764,"Как называется бытовой прибор, который не серый?",духовка,микроволновка,микроволновка,False
GQA-ru,tuned,11515,В каком транспортном средстве сидит коричневая собака?,грузовик,грузовик,грузовик,True
GQA-ru,tuned,7434,"Как называется предмет мебели, на котором стоит ноутбук?",компьютерный стол,стол,стол,False
GQA-ru,tuned,4438,Как называется красочное водное судно?,лодки,лодки,лодки,True
GQA-ru,tuned,5023,Какая мебель не белая?,стул,стол,стол,False
GQA-ru,tuned,4118,Что находится рядом со скамейкой?,камень,столб,столб,False
GQA-ru,tuned,3777,Что находится перед холмом?,небо,дерево,дерево,False
GQA-ru,tuned,1976,"Какого цвета куртка, которую носит мужчина?",черная,черного,черного,False
GQA-ru,tuned,11817,Что за еда находится сверху шоколадного десерта?,зефир,посуда,посуда,False
GQA-ru,tuned,3155,Вы видите вилки на белой салфетке?,да,да,да,True
GQA-ru,tuned,5169,"Как называется предмет мебели, который изготовлен из того же материала, что и пол?",книжный шкаф,кровать,кровать,False
GQA-ru,tuned,1958,"Какой формы коврик для мыши, квадратный или круглый?",квадратный,квадратный,квадратный,True
GQA-ru,tuned,12171,Человек справа от теннисной ракетки в шляпе?,да,да,да,True
GQA-ru,tuned,8779,"Он слева от фрисби, за которым находятся деревья?",нет,да,да,False
GQA-ru,tuned,11307,Какое это место?,железная дорога,река,река,False
GQA-ru,tuned,3033,Вы видите кровать перед белыми занавесками?,нет,нет,нет,True
GQA-ru,tuned,3138,Какая чистота грязи возле травы?,грязная,грязная,грязная,True
GQA-ru,tuned,3545,Что делает арбитр?,стоит,стоит,стоит,True
GQA-ru,tuned,12101,Что находится перед лентой?,чашка кофе,клавиатура,клавиатура,False
GQA-ru,tuned,7933,Какое животное находится слева от клавиатуры?,собака,собака,собака,True
GQA-ru,tuned,4530,Земля у леса заснеженная или голая?,заснеженная,заснеженная,заснеженная,True
GQA-ru,tuned,11871,Ковер находится под диваном?,нет,да,да,False
GQA-ru,tuned,9659,Какое устройство не серебристое?,клавиатура,экран,экран,False
GQA-ru,tuned,8595,Какого размера самолёт?,маленький,большой,большой,False
GQA-ru,tuned,9777,Есть ли чёрный рюкзак или портфель?,нет,нет,нет,True
GQA-ru,tuned,4636,Из чего сделана чашка?,пластик,пластик,пластик,True
GQA-ru,tuned,1647,Коробка квадратная и коричневая?,да,да,да,True
GQA-ru,tuned,3180,Где находится бьющий?,на домашней плите,на домашней базе,на,False
GQA-ru,tuned,4853,"Какого тона стулья, которые находятся слева на фото?",светлые,маленький,маленький,False
GQA-ru,tuned,3727,Есть ли красные подушки или одеяла?,нет,нет,нет,True
GQA-ru,tuned,5912,"Какое устройство включено, ноутбук или клавиатура?",ноутбук,клавиатура,клавиатура,False
GQA-ru,tuned,2939,Какой формы стеклянное окно?,прямоугольная,круглое,круглое,False
GQA-ru,tuned,4952,Как называется светло-синий предмет одежды?,майка,рубашка,рубашка,False
GQA-ru,tuned,231,Что за большой автомобиль?,грузовик,машина,машина,False
GQA-ru,tuned,11600,Закрыт или открыт синий зонт?,закрыт,открыт,открыт,False
GQA-ru,tuned,2073,"Что, по-вашему, покрывает человека, который носит джинсы?",куртка,шляпа,шляпа,False
GQA-ru,tuned,4494,Слоны мокрые или сухие?,сухие,**сухие,**сухие,False
GQA-ru,tuned,745,Какой предмет мебели находится над столешницей?,шкаф,**стул,**стул,False
GQA-ru,tuned,893,"Есть ли на этой фотографии и пульты дистанционного управления, и компьютерные мыши?",да,affez,affez,False
GQA-ru,tuned,9066,Окно маленькое и серое?,да,**нет,**нет,False
GQA-ru,tuned,4786,Кто стоит рядом с домашней плитой?,бэттер,**игрок,**игрок,False
GQA-ru,tuned,11426,Какой тип мебели стоит рядом со свежими цветами?,стул,**стул,**стул,False
GQA-ru,tuned,10450,Какая мебель коричневая?,книжный шкаф,**диван,**диван,False
GQA-ru,tuned,8042,"Какого цвета деревья, которые не маленькие?",зелёные,**коричневые,**коричневые,False
GQA-ru,tuned,1680,Какой предмет мебели находится перед обувью?,стол,полка,полка,False
GQA-ru,tuned,200,"Вы видите забор перед деревом, которое стоит перед школой?",нет,нет,нет,True
GQA-ru,tuned,9405,Полка рядом с человеком светло-коричневая или серебристая?,светло-коричневая,светло-коричневая,светло-коричневая,True
GQA-ru,tuned,4658,"Какой высоты лампа, которая находится справа от компьютера?",невысокая,низкая,низкая,False
GQA-ru,tuned,7690,Вы видите женщину рядом с белой одеждой?,да,да,да,True
GQA-ru,tuned,7843,Растение стоит на лампе?,нет,нет,нет,True
GQA-ru,tuned,7216,Что находится сверху на печи?,плита,чайник,чайник,False
GQA-ru,tuned,5582,Кто перед окном?,ребенок,мальчик,мальчик,False
GQA-ru,tuned,3020,Вы видите деревянную дверь или окно?,да,да,да,True
GQA-ru,tuned,841,Какого цвета этот стол?,красный,коричневый,коричневый,False
GQA-ru,tuned,4136,Есть ли слоны под голубым небом?,да,да,да,True
GQA-ru,tuned,7827,Трава кажется короткой и светло-коричневой?,да,да,да,True
GQA-ru,tuned,1869,Кто носит обувь?,мужчина,мужчина,мужчина,True
GQA-ru,tuned,1070,На что посыпают посыпку?,на кексы,пончик,пончик,False
GQA-ru,tuned,6565,Компьютер слева или справа от устройства посередине?,справа,слева,слева,False
GQA-ru,tuned,8056,Что делает большое животное?,смотрит вверх,стоит,стоит,False
GQA-ru,tuned,1213,Что общего у футбольного мяча и повязки на голову?,форма,цвет,цвет,False
GQA-ru,tuned,9453,Письменный стол выглядит белым?,да,да,да,True
GQA-ru,tuned,10312,Подушка находится на диване?,да,да,да,True
GQA-ru,tuned,11246,"Есть ли окна или двери, которые не закрыты?",нет,нет,нет,True
GQA-ru,tuned,878,Есть ли зубные щетки на этом изображении?,да,да,да,True
GQA-ru,tuned,2485,У шортов и у обуви одинаковый цвет?,нет,да,да,False
GQA-ru,tuned,2444,Что носит мужчина?,рубашку,шляпа,шляпа,False
GQA-ru,tuned,9221,Какой прибор находится перед полом?,посудомоечная машина,духовка,духовка,False
GQA-ru,tuned,1395,"С чего прыгает скейтбордист, не являющийся женщиной?",с тротуара,поезд,поезд,False
GQA-ru,tuned,4066,Трава выглядит высокой?,нет,нет,нет,True
GQA-ru,tuned,1940,Кто стоит перед рамой из дерева?,мужчина,мужчина,мужчина,True
GQA-ru,tuned,9143,Шкаф твердый?,да,нет,нет,False
GQA-ru,tuned,6818,Какого цвета зубная щетка слева от другой зубной щетки?,синий,синяя,синяя,False
GQA-ru,tuned,9933,"Ты думаешь, что бейсбольный мяч плотный?",да,нет,нет,False
GQA-ru,tuned,9766,"Что находится перед людьми, стоящими справа от кукол?",багаж,тележка,тележка,False
GQA-ru,tuned,10132,У девушки светлые и длинные волосы?,нет,да,да,False
GQA-ru,tuned,3697,"Какая мебель не коричневая, полка или стол?",полка,стол,стол,False
GQA-ru,tuned,8561,Какая погода?,безоблачная,облачно,облачно,False
GQA-ru,tuned,7381,Какие животные сухие?,слоны,слоны,слоны,True
GQA-ru,tuned,7253,У кошелька маленький размер?,да,да,да,True
GQA-ru,tuned,4871,"Ты думаешь, что тот дом синий?",да,нет,нет,False
GQA-ru,tuned,9642,Какое устройство не серебристое?,клавиатура,экран,экран,False
GQA-ru,tuned,7025,Над кем висит дорожный знак черно-белого цвета?,над мужчиной,мужчина,мужчина,False
GQA-ru,tuned,5003,Кажется ли скамейка шероховатой и деревянной?,да,да,да,True
GQA-ru,tuned,9316,С какой стороны картины находится мягкий диван?,слева,слева,слева,True
GQA-ru,tuned,10174,Кто носит брюки?,судья,игрок,игрок,False
GQA-ru,tuned,986,"Находится ли чёрная машина справа от человека, который наблюдает за футболистом?",да,да,да,True
GQA-ru,tuned,9988,Широкое небо выше чего?,деревья,дерево,дерево,False
GQA-ru,tuned,12125,"Шлем, который находится справа от мужчины, белый и твердый?",да,да,да,True
GQA-ru,tuned,1625,Где стоит худенькая девушка?,на земле,на полу,на,False
GQA-ru,tuned,3404,Какой длины шорты?,короткие,длинные,длинные,False
GQA-ru,tuned,10248,Корзина под другой корзиной выглядит пустой?,да,да,да,True
GQA-ru,tuned,3457,"Есть ли тарелки или банки, которые не круглые?",нет,нет,нет,True
GQA-ru,tuned,4335,Какое это место?,пастбище,поле,поле,False
GQA-ru,tuned,10820,Кто носит рубашку?,мужчина,мужчина,мужчина,True
GQA-ru,tuned,1330,"Кто смотрит на двери, на которых висит рюкзак?",мужчина,мальчик,мальчик,False
GQA-ru,tuned,2573,Шторы разноцветные?,да,да,да,True
GQA-ru,tuned,3929,С чего он прыгает?,с травы,скейтборд,скейтборд,False
GQA-ru,tuned,2847,Какая еда находится в морозильнике?,сметана,салат,салат,False
GQA-ru,tuned,9043,Какой предмет одежды белый: шляпа или футболка?,футболка,шляпа,шляпа,False
GQA-ru,tuned,1229,"Что находится внутри холодильника, который стоит перед стеной?",стаканы,виноград,виноград,False
GQA-ru,tuned,2564,Старики слева от машины?,да,да,да,True
GQA-ru,tuned,43,Этот вертолет включен или выключен?,выключен,выключен,выключен,True
GQA-ru,tuned,6693,Какая еда находится справа от столового прибора слева на фотографии?,пюре,суп,суп,False
GQA-ru,tuned,11294,Какого цвета этот налокотник?,белый,черный,черный,False
GQA-ru,tuned,9729,Какая бытовая техника находится слева от плиты?,духовка,микроволновка,микроволновка,False
GQA-ru,tuned,7699,Кто носит шорты?,мальчик,мальчик,мальчик,True
GQA-ru,tuned,4771,Какое животное внутри грузовика?,собака,собака,собака,True
