benchmark,model,index,question,gt,raw,pred,n_options,correct
MMBench-ru,base,2619,Какая погода изображена на картинке?,C,C,C,4,True
MMBench-ru,base,456,Какое изображение имеет наибольшую резкость?,D,A,A,4,False
MMBench-ru,base,102,"На этом сравнительном изображении, верхний и нижний модули одного цвета?",B,B,B,3,True
MMBench-ru,base,3037,Какая подпись правильно описывает это изображение?,A,A,A,4,True
MMBench-ru,base,1126,"Что может показать тест, проведенный Лаурой и Изабеллой?",A,B,B,2,False
MMBench-ru,base,1003,"В природе, какая взаимосвязь между этими двумя существами?",B,B,B,4,True
MMBench-ru,base,914,В каком направлении от Средиземного моря находится Германия?,D,A,A,4,False
MMBench-ru,base,571,На картине изображен горный ландшафт или прибрежный?,B,B,B,4,True
MMBench-ru,base,3016,Какова природа отношений между этими двумя существами?,C,B,B,4,False
MMBench-ru,base,419,"Какой текст может быть связан с этим изображением, размещенным в Twitter?",A,A,A,4,True
MMBench-ru,base,2771,Кто этот человек?,B,B,B,4,True
MMBench-ru,base,3033,Какая подпись к этому изображению является правильной?,D,D,D,4,True
MMBench-ru,base,3654,Где находится велосипед?,D,D,D,4,True
MMBench-ru,base,2233,Какой из этих вариантов - правильный заголовок для этого изображения?,B,D,D,4,False
MMBench-ru,base,356,Какое действие выполняется на этом изображении?,C,D,D,4,False
MMBench-ru,base,2418,"Что могут обменять Дженни и Оливия, чтобы обе получили то, что хотят?",C,D,D,4,False
MMBench-ru,base,1728,Какое настроение передает это изображение?,B,D,D,4,False
MMBench-ru,base,130,"Исходя из изображения, где находится мальчик?",B,A,A,4,False
MMBench-ru,base,122,"На этом изображении, два дельфина одинакового размера?",B,A,A,3,False
MMBench-ru,base,383,"Какой текст может быть связан с этим изображением, размещенным в Twitter?",A,D,D,4,False
MMBench-ru,base,895,"Какая формула дает тот же результат, что и формула на рисунке?",D,C,C,4,False
MMBench-ru,base,952,В каком направлении находится Туркменистан от Ирана?,D,A,A,4,False
MMBench-ru,base,2069,Какое поведение человека описано на этой картинке?,B,A,A,4,False
MMBench-ru,base,2465,Кто изображён на этом фото?,A,A,A,4,True
MMBench-ru,base,108,Лошади на картинке одного размера?,B,A,A,3,False
MMBench-ru,base,2298,"Основываясь на изображении, что предполагает контраст между ярко-голубым скейтбордом и человеком, который его несет?",D,D,D,4,True
MMBench-ru,base,814,К какой категории относится это изображение?,C,C,C,4,True
MMBench-ru,base,2932,В каком направлении находится Италия в Средиземном море?,B,A,A,4,False
MMBench-ru,base,2661,Какие могут быть отношения между этими людьми на изображении?,C,C,C,4,True
MMBench-ru,base,2872,Какая операция с дробями представлена этой формулой?,B,B,B,4,True
MMBench-ru,base,2232,Какой из этих вариантов является правильным описанием этого изображения?,C,C,C,4,True
MMBench-ru,base,1718,Какой цвет у этого объекта?,D,D,D,4,True
MMBench-ru,base,902,Какой из следующих подписей лучше всего описывает это изображение?,C,C,C,4,True
MMBench-ru,base,1839,К какой категории относится это изображение?,B,B,B,4,True
MMBench-ru,base,2413,В каком направлении смотрит плюшевый мишка на картинке?,A,B,B,4,False
MMBench-ru,base,1139,Слева от маленького зеленого объекта находится большая металлическая вещь; какая у нее форма?,C,B,B,3,False
MMBench-ru,base,3315,Кто изображен на этом изображении?,B,B,B,4,True
MMBench-ru,base,3560,Какое настроение передает это изображение?,D,D,D,4,True
MMBench-ru,base,26,Это место переполнено?,B,да,,2,False
MMBench-ru,base,3108,"Основываясь на изображении, какова может быть основная причина, по которой человек на картинке использует черный зонтик?",A,A,A,4,True
MMBench-ru,base,3300,Кто изображен на этом фото?,A,A,A,4,True
MMBench-ru,base,653,Какое настроение передает это изображение?,A,D,D,4,False
MMBench-ru,base,2859,Какова функция демонстрируемого объекта?,B,B,B,4,True
MMBench-ru,base,1731,Какое настроение передает это изображение?,B,A,A,4,False
MMBench-ru,base,1393,Какое действие выполняется на этом изображении?,A,A,A,4,True
MMBench-ru,base,1138,Подумайте о магнитной силе между магнитами в каждой паре. Какое из следующих утверждений верно?,B,C,C,3,False
MMBench-ru,base,636,Какого цвета этот объект?,D,D,D,4,True
MMBench-ru,base,881,Какова наиболее вероятная цель этого плаката?,D,D,D,4,True
MMBench-ru,base,3127,Какая столица Небраски?,A,A,A,4,True
MMBench-ru,base,1378,Какое действие выполняется на этом изображении?,D,D,D,4,True
MMBench-ru,base,418,Извлеките текст из изображения,A,D,D,4,False
MMBench-ru,base,379,"На картинке, в каком направлении смотрит плюшевый медведь?",C,B,B,4,False
MMBench-ru,base,1556,Где это?,D,D,D,4,True
MMBench-ru,base,396,Сколько самолётов видно на этом изображении?,C,A,A,4,False
MMBench-ru,base,1470,Кто изображён на этом снимке?,A,A,A,4,True
MMBench-ru,base,3471,Что за погода изображена на картинке?,D,D,D,4,True
MMBench-ru,base,1408,"Какого цвета другой маленький блестящий предмет той же формы, что и крошечный желтый блестящий объект?",C,C,C,4,True
MMBench-ru,base,2472,Кто изображен на этой фотографии?,B,B,B,4,True
MMBench-ru,base,1083,Какое человеческое поведение описывает эта картинка?,B,B,B,4,True
MMBench-ru,base,3305,На каком изображении показана наибольшая резкость?,B,D,D,4,False
MMBench-ru,base,177,Что произойдет дальше?,C,C,C,4,True
MMBench-ru,base,2988,Какая из следующих подписей лучше всего описывает это изображение?,C,A,A,4,False
MMBench-ru,base,1881,В каком стиле выполнена эта картина?,A,C,C,4,False
MMBench-ru,base,2196,"Объект, показанный на этой иллюстрации:",D,C,C,4,False
MMBench-ru,base,511,Какова функция демонстрируемого объекта?,A,D,D,4,False
MMBench-ru,base,3777,Какая из следующих подписей лучше всего описывает это изображение?,D,D,D,4,True
MMBench-ru,base,1550,Какова основная тема изображения?,B,C,C,4,False
MMBench-ru,base,322,Какая из следующих эмоций изображена на этом изображении?,A,B,B,4,False
MMBench-ru,base,2261,"По изображению, что можно сказать о пропавшем куске торта?",A,D,D,4,False
MMBench-ru,base,1200,Что произойдет дальше?,B,C,C,4,False
MMBench-ru,base,3397,Где это находится?,D,B,B,4,False
MMBench-ru,base,2574,Какая основная тема изображения?,A,C,C,4,False
MMBench-ru,base,2533,Какова функция продемонстрированного объекта?,C,C,C,4,True
MMBench-ru,base,3626,Сколько пончиков на картинке?,D,D,D,4,True
MMBench-ru,base,3529,Какого цвета этот объект?,C,C,C,4,True
MMBench-ru,base,1481,Кто изображен на этой фотографии?,C,A,A,4,False
MMBench-ru,base,2364,Какое действие выполняется на этом изображении?,D,D,D,4,True
MMBench-ru,base,787,Сколько яблок на изображении? И сколько бананов?,C,D,D,4,False
MMBench-ru,base,2885,Какой код на Python может сгенерировать содержимое изображения?,D,D,D,4,True
MMBench-ru,base,284,"Основываясь на изображении, что может означать наличие двух пицц, трех стаканов с напитками и столовых приборов о происходящем?",B,D,D,4,False
MMBench-ru,base,187,Какой из следующих вариантов является правильной подписью к этому изображению?,D,TRUNARUNAM,A,4,False
MMBench-ru,base,2708,Какая профессия у людей на этой фотографии?,A,TRB,B,4,False
MMBench-ru,base,933,Какой код на Python может генерировать содержимое изображения?,A,TRB,B,4,False
MMBench-ru,base,3166,"Основываясь на изображении, какое значение может иметь для мальчика объятие с гигантским плюшевым медведем?",D,TRB,B,4,False
MMBench-ru,base,1185,Что произойдет дальше?,C,TRB,B,4,False
MMBench-ru,base,326,"Что могут обменять Дженни и Оливия, чтобы каждая из них получила то, что хочет?",A,sappi sappi,A,4,True
MMBench-ru,base,3503,Каковы могут быть отношения этих людей на изображении?,C,TRICKED RESPONSE,C,4,True
MMBench-ru,base,953,В каком направлении находится Китай относительно Кыргызстана?,A,TRK saites saites:,A,4,True
MMBench-ru,base,3549,Какое настроение передает это изображение?,D,D,D,4,True
MMBench-ru,base,413,Извлеките текст с изображения,A,A,A,4,True
MMBench-ru,base,3857,Какое отношение между этими двумя существами в природе?,C,C,C,4,True
MMBench-ru,base,3864,Какой вид человеческого поведения описан на этой картинке?,A,A,A,4,True
MMBench-ru,base,1857,В каком направлении стоит человек?,B,D,D,4,False
MMBench-ru,base,2603,Как называется этот город?,A,D,D,4,False
MMBench-ru,base,3416,Где это находится?,C,C,C,4,True
MMBench-ru,base,1494,Кто изображен на этой фотографии?,D,D,D,4,True
MMBench-ru,base,666,Какого цвета этот объект?,A,A,A,4,True
MMBench-ru,base,1516,Какой категории сцены лучше всего соответствует это изображение?,B,C,C,4,False
MMBench-ru,base,1455,Как называется эта фотография?,B,B,B,4,True
MMBench-ru,base,858,"какой код на Python будет генерировать результат, показанный на изображении?",B,D,D,4,False
MMBench-ru,base,2745,Кто это?,D,A,A,4,False
MMBench-ru,base,1093,Какое изображение более красочное?,A,B,B,2,False
MMBench-ru,base,2874,Какие две команды будут участвовать в этой игре?,C,A,A,4,False
MMBench-ru,base,2799,В каком углу находятся красные бананы?,C,D,D,4,False
MMBench-ru,base,2654,Где это?,A,C,C,4,False
MMBench-ru,base,292,"Определите эмоцию, выраженную на этом изображении.",A,D,D,4,False
MMBench-ru,base,2495,"Какую работу, скорее всего, выполняет человек на изображении?",C,C,C,4,True
MMBench-ru,base,2600,Какой тип погоды изображен на картинке?,B,B,B,4,True
MMBench-ru,base,700,Какое настроение передает это изображение?,C,C,C,4,True
MMBench-ru,base,2187,"Объект, показанный на этой фигуре:",B,C,C,4,False
MMBench-ru,base,2986,В каком направлении находится Киргизия от Индии?,B,A,A,4,False
MMBench-ru,base,1002,Какое человеческое поведение описывает эта картина?,D,D,D,4,True
MMBench-ru,base,669,Какое отношение может быть между двумя людьми на этом изображении?,A,A,A,4,True
MMBench-ru,base,1893,Какова функция показанного объекта?,D,D,D,4,True
MMBench-ru,base,1554,Какое из следующих утверждений соответствует изображению?,D,A,A,4,False
MMBench-ru,base,1105,Какой термин соответствует изображению?,A,A,A,2,True
MMBench-ru,base,3790,Какой из следующих подписей лучше всего описывает это изображение?,B,B,B,4,True
MMBench-ru,base,2621,Каковы могут быть взаимоотношения этих людей на этом изображении?,C,C,C,4,True
MMBench-ru,base,2818,Какое настроение передает это изображение?,D,A,A,4,False
MMBench-ru,base,2281,Как называется показанная колония?,B,D,D,4,False
MMBench-ru,base,899,Какой код на Python может сгенерировать содержимое изображения?,A,D,D,4,False
MMBench-ru,base,2804,Сколько бананов на изображении?,B,C,C,4,False
MMBench-ru,base,1328,"Основываясь на изображении, какие преимущества для семьи в запуске воздушного змея в пасмурный день?",B,D,D,4,False
MMBench-ru,base,3452,Где это находится?,B,C,C,4,False
MMBench-ru,base,3147,"Основываясь на изображении, что может сказать мужчина, держащий свою маленькую черную собаку в шляпе, об их отношениях?",D,D,D,4,True
MMBench-ru,base,3178,Какое чувство изображено на этой картинке?,A,C,C,4,False
MMBench-ru,base,229,"Судя по изображению, что можно сказать об отношениях между людьми и слоном?",C,C,C,4,True
MMBench-ru,base,938,В каком направлении от Чёрного моря находится Украина?,A,A,A,4,True
MMBench-ru,base,3366,Какова функция продемонстрированного объекта?,A,A,A,4,True
MMBench-ru,base,131,Что произойдет дальше?,A,A,A,4,True
MMBench-ru,base,3297,Что изображено на этой картинке?,B,B,B,4,True
MMBench-ru,base,1292,"Основываясь на изображении, как женщина на картинке защищается от дождя?",B,D,D,4,False
MMBench-ru,base,1643,Каковы могут быть отношения между двумя людьми на этом изображении?,A,A,A,4,True
MMBench-ru,base,1096,Какое изображение более красочное?,B,B,B,2,True
MMBench-ru,base,271,"Исходя из изображения, какова вероятная цель этого знака на пицце?",C,A,A,4,False
MMBench-ru,base,864,Какое действие с дробями представлено этой формулой?,D,D,D,4,True
MMBench-ru,base,3740,Какова функция продемонстрированного объекта?,A,A,A,4,True
MMBench-ru,base,2323,"Основываясь на изображении, что представляет транспортная инфраструктура Лондона, включая Биг-Бен и транспортные средства?",C,D,D,4,False
MMBench-ru,base,3589,Какая профессия у людей на этой фотографии?,B,B,B,4,True
MMBench-ru,base,2940,Какой из следующих подписей лучше всего описывает это изображение?,D,D,D,4,True
MMBench-ru,base,1288,"Основываясь на изображении, какое занятие, вероятно, происходит, исходя из предметов на столе?",D,D,D,4,True
MMBench-ru,base,870,Какова наиболее вероятная цель этого постера?,C,C,C,4,True
MMBench-ru,base,2684,Какое настроение передает это изображение?,C,B,B,4,False
MMBench-ru,base,2044,"В природе, какова взаимосвязь между этими двумя существами?",C,C,C,4,True
MMBench-ru,base,1620,Какой тип окружающей среды изображен на картинке?,A,A,A,4,True
MMBench-ru,base,3623,Что это за достопримечательность и где она находится?,B,B,B,4,True
MMBench-ru,base,3745,Какова функция демонстрируемого объекта?,A,B,B,4,False
MMBench-ru,base,2633,"Можете ли вы определить время года, когда была сделана фотография?",D,C,C,4,False
MMBench-ru,base,1879,Что это за достопримечательность? И где она находится?,D,D,D,4,True
MMBench-ru,base,585,Какая погода изображена на картинке?,D,D,D,4,True
MMBench-ru,base,1084,Какое изображение более красочное?,B,B,B,2,True
MMBench-ru,base,3902,Какой код на Python может сгенерировать содержимое изображения?,A,D,D,4,False
MMBench-ru,base,1010,"В природе, какая связь между этими двумя существами?",A,D,D,4,False
MMBench-ru,base,3051,Какая из этих подписей правильная для этого изображения?,C,C,C,4,True
MMBench-ru,base,2299,Какой город является столицей штата Вашингтон?,A,D,D,4,False
MMBench-ru,base,2207,"Объект, показанный на этом рисунке:",A,A,A,4,True
MMBench-ru,base,1076,Какое изображение более красочное?,A,B,B,2,False
MMBench-ru,base,3059,Какой из этих вариантов является правильной подписью к этому изображению?,D,D,D,4,True
MMBench-ru,base,2394,"Что Трой и Джейсон могут обменять, чтобы каждый получил то, что он хочет?",C,D,D,4,False
MMBench-ru,base,1754,Какая профессия у людей на этой фотографии?,A,A,A,4,True
MMBench-ru,base,3677,Какой стиль изображен на этой картине?,B,B,B,4,True
MMBench-ru,base,2390,"Какого цвета матовый шар того же размера, что и серая металлическая вещь?",A,B,B,4,False
MMBench-ru,base,1635,"Можете определить сезон, в который была сделана фотография?",A,A,A,4,True
MMBench-ru,base,1482,Извлеките текст с изображения,B,A,A,4,False
MMBench-ru,base,898,Какова функция продемонстрированного объекта?,D,D,D,4,True
MMBench-ru,base,566,Какова функция демонстрируемого объекта?,A,D,D,4,False
MMBench-ru,base,2087,В каком растворе концентрация фиолетовых частиц выше?,C,B,B,3,False
MMBench-ru,base,2021,Какова природа отношений между этими двумя существами?,B,A,A,4,False
MMBench-ru,base,372,Где на картинке находится жираф?,D,A,A,4,False
MMBench-ru,base,3095,Какой вариант является правильной подписью к этому изображению?,B,B,B,4,True
MMBench-ru,base,192,Какой из этих вариантов является правильной подписью к этому изображению?,D,D,D,4,True
MMBench-ru,base,3527,Какого цвета этот объект?,B,B,B,4,True
MMBench-ru,base,449,Какое изображение самое яркое?,A,A,A,4,True
MMBench-ru,base,626,Какой формы этот объект?,B,D,D,4,False
MMBench-ru,base,2570,Где это находится?,B,B,B,4,True
MMBench-ru,base,655,Какое настроение передает это изображение?,A,A,A,4,True
MMBench-ru,base,3244,"Что могут обменять Остин и Виктория, чтобы каждый получил то, что хочет?",A,D,D,4,False
MMBench-ru,base,2787,В какую сторону повернута собака?,D,A,A,4,False
MMBench-ru,base,1729,Какая профессия у людей на этой фотографии?,C,C,C,4,True
MMBench-ru,base,2442,Какое изображение самое яркое?,C,D,D,4,False
MMBench-ru,base,260,Какой континент выделен?,D,A,A,4,False
MMBench-ru,base,1576,Какова основная тема изображения?,C,D,D,4,False
MMBench-ru,base,1563,Как называется этот университет?,B,D,D,4,False
MMBench-ru,base,2440,Как называется эта фотография?,C,C,C,4,True
MMBench-ru,base,1917,Какова функция продемонстрированного объекта?,C,B,B,4,False
MMBench-ru,base,2167,"Объект, показанный на этой фигуре:",B,B,B,4,True
MMBench-ru,base,1029,Какой из следующих подписей лучше всего описывает это изображение?,B,B,B,4,True
MMBench-ru,base,2266,"На основе изображения, какова основная цель сцены?",C,D,D,4,False
MMBench-ru,base,3525,Какого цвета этот объект?,C,C,C,4,True
MMBench-ru,base,47,Какая картинка более красочная?,B,A,A,2,False
MMBench-ru,base,2786,Сколько здесь собак?,A,A,A,4,True
MMBench-ru,base,2952,В каком направлении находится Франция в Средиземном море?,B,A,A,4,False
MMBench-ru,base,469,Кто изображен на этой фотографии?,B,D,D,4,False
MMBench-ru,base,2792,Где велосипед?,C,D,D,4,False
MMBench-ru,base,3624,Сколько бананов на изображении?,A,D,D,4,False
MMBench-ru,base,2199,Какая подпись подходит к этому изображению?,C,C,C,4,True
MMBench-ru,base,3075,Какой из вариантов является правильной подписью к этому изображению?,A,A,A,4,True
MMBench-ru,base,1092,Какая из этих колоний была Южной Колонией?,A,B,B,2,False
MMBench-ru,base,3148,Как называется показанная колония?,B,A,A,4,False
MMBench-ru,base,2625,Каковы могут быть взаимоотношения между двумя людьми на этом изображении?,B,B,B,4,True
MMBench-ru,base,3865,"В природе, какое отношение между этими двумя существами?",A,A,A,4,True
MMBench-ru,base,3908,Какое человеческое поведение описывает эта картина?,A,A,A,4,True
MMBench-ru,base,1202,Что произойдет дальше?,C,D,D,4,False
MMBench-ru,base,1780,Что это?,B,A,A,4,False
MMBench-ru,base,647,Какую эмоцию выражает этот эмодзи?,A,A,A,4,True
MMBench-ru,base,1858,Какой стиль изображен на этой картине?,A,D,D,4,False
MMBench-ru,base,13,Какая из картинок более красочная?,A,B,B,2,False
MMBench-ru,base,2957,В каком направлении находится Северная Корея от Южной Кореи?,B,A,A,4,False
MMBench-ru,base,3587,Какая профессия у людей на этой картинке?,C,C,C,4,True
MMBench-ru,base,2947,Какой из следующих подписей лучше всего описывает это изображение?,C,C,C,4,True
MMBench-ru,base,1078,Какая картинка более красочная?,A,B,B,2,False
MMBench-ru,base,2050,Какой код на Python может сгенерировать содержимое изображения?,C,D,D,4,False
MMBench-ru,base,3120,"Основываясь на изображении, какой аспект внешности женщины больше всего способствует впечатлению игривости?",A,D,D,4,False
MMBench-ru,base,731,Какой может быть связь между двумя людьми на этом изображении?,B,C,C,4,False
MMBench-ru,base,2079,Какой вид человеческого поведения описан на этой картинке?,C,D,D,4,False
MMBench-ru,base,435,Что изображено на этой фотографии?,A,C,C,4,False
MMBench-ru,base,3565,Какая профессия у людей на этой картинке?,C,C,C,4,True
MMBench-ru,base,2561,Как называется это здание?,C,C,C,4,True
MMBench-ru,base,1222,Что верно в отношении ураганов?,C,C,C,3,True
MMBench-ru,base,3447,Какой тип окружающей среды изображен на картинке?,C,C,C,4,True
MMBench-ru,base,2617,На картинке изображён гористый ландшафт или прибрежный ландшафт?,B,D,D,4,False
MMBench-ru,base,3695,К какой категории относится это изображение?,A,C,C,4,False
MMBench-ru,base,2494,Какое изображение показывает наибольшую яркость цветов?,D,D,D,4,True
MMBench-ru,base,3883,"В природе, каковы отношения между этими двумя существами?",C,C,C,4,True
MMBench-ru,base,3736,Какой код на Python может сгенерировать содержимое изображения?,D,D,D,4,True
MMBench-ru,base,1531,Каковы отношения между людьми на изображении?,A,А. пара,,4,False
MMBench-ru,base,3123,Какая столица Аляски?,C,C,C,4,True
MMBench-ru,base,661,Какое настроение передает это изображение?,A,A,A,4,True
MMBench-ru,base,2209,Какой из вариантов является правильным описанием этого изображения?,A,A,A,4,True
MMBench-ru,base,3189,Определите художественный стиль этого изображения.,D,B,B,4,False
MMBench-ru,base,2172,Подумайте о магнитной силе между магнитами в каждой паре. Какое из следующих утверждений верно?,C,B,B,3,False
MMBench-ru,base,2,Это место многолюдное?,A,B,B,2,False
MMBench-ru,base,2453,Кто изображён на этом снимке?,C,A,A,4,False
MMBench-ru,base,1327,"Основываясь на изображении, что можно сказать об отношениях между мужчиной и его маленькой черной собакой в шляпе?",B,D,D,4,False
MMBench-ru,base,2001,В каком направлении находится Сирия относительно Средиземного моря?,B,A,A,4,False
MMBench-ru,base,79,"Есть объект, который находится и слева от серой сферы, и справа от маленького цилиндра; какой это формы?",A,C,C,3,False
MMBench-ru,base,458,Какой категории сцены лучше всего соответствует это изображение?,B,B,B,4,True
MMBench-ru,base,1486,"Какой текст может быть связан с этим изображением, размещённым в Твиттере?",B,D,D,4,False
MMBench-ru,base,3599,Какая профессия у людей на этой картинке?,A,A,A,4,True
MMBench-ru,base,3406,"На картинке изображена сцена химического эксперимента. Пожалуйста, выберите исходные материалы, которые могут быть использованы в этом эксперименте.",A,D,D,4,False
MMBench-ru,base,3304,Какое изображение самое яркое?,D,D,D,4,True
MMBench-ru,base,1259,Какой из предложенных вариантов является правильным заголовком для этого изображения?,B,B,B,4,True
MMBench-ru,base,980,Какое поведение человека описывает эта картинка?,A,D,D,4,False
MMBench-ru,base,237,"Основываясь на продвижении здорового баланса между временем перед экраном и другими видами деятельности, какая стратегия направлена на вовлечение ребёнка в семейные активности?",D,D,D,4,True
MMBench-ru,base,986,Какое человеческое поведение описывает эта картинка?,A,A,A,4,True
MMBench-ru,base,3596,Какая профессия у людей на этой картинке?,B,B,B,4,True
MMBench-ru,base,3772,Какой из следующих подписей лучше всего описывает это изображение?,B,B,B,4,True
MMBench-ru,base,3842,В каком направлении находится Замбия от Мадагаскара?,C,D,D,4,False
MMBench-ru,base,350,Какого цвета крошечный блестящий цилиндр?,D,C,C,4,False
MMBench-ru,base,2997,В каком направлении от Афганистана находится Туркменистан?,B,C,C,4,False
MMBench-ru,base,1990,В каком направлении находится Китай от Японии?,D,B,B,4,False
MMBench-ru,base,3342,"Какой текст может быть связан с этим изображением, опубликованным в Твиттере?",D,D,D,4,True
MMBench-ru,base,283,"Что должен сделать мужчина перед тем, как начать заниматься серфингом, чтобы обеспечить свою безопасность?",A,A,A,4,True
MMBench-ru,base,3115,"Исходя из изображения, что выделяет Quick Stop Groceries среди других продуктовых магазинов?",A,D,D,4,False
MMBench-ru,base,2181,"Объект, показанный на рисунке:",C,A,A,4,False
MMBench-ru,base,3136,"На основе изображения, как женщина на картинке защищается от дождя?",D,D,D,4,True
MMBench-ru,base,515,Где это?,B,A,A,4,False
MMBench-ru,base,525,Где это находится?,A,C,C,4,False
MMBench-ru,base,2702,Какая профессия у людей на этой фотографии?,D,D,D,4,True
MMBench-ru,base,1946,Какой код на Python может сгенерировать содержимое изображения?,D,D,D,4,True
MMBench-ru,base,2251,Какие из следующих действий будут наименее ожидаемыми для женщины в дождливую погоду?,A,D,D,4,False
MMBench-ru,base,676,Какое главное событие изображено на этом изображении?,B,D,D,4,False
MMBench-ru,base,1085,Каким образом можно описать экосистему пустыни Большая Виктория?,A,A,A,2,True
MMBench-ru,base,2161,"В природе, какова взаимосвязь между этими двумя существами?",B,B,B,4,True
MMBench-ru,base,3573,Какое настроение передает это изображение?,B,B,B,4,True
MMBench-ru,base,2484,Какая из картинок показывает самый высокий контраст?,B,D,D,4,False
MMBench-ru,base,1733,Какое настроение передает это изображение?,A,A,A,4,True
MMBench-ru,base,867,Какой код на Python может сгенерировать содержимое изображения?,B,D,D,4,False
MMBench-ru,base,2208,"Объект, показанный на этой фигуре:",D,A,A,4,False
MMBench-ru,base,3093,Какой из этих вариантов является правильной подписью к этому изображению?,B,D,D,4,False
MMBench-ru,base,2989,В каком направлении находится Австралия от Новой Зеландии?,B,B,B,4,True
MMBench-ru,base,2825,К какой категории относится это изображение?,B,D,D,4,False
MMBench-ru,base,823,что это за достопримечательность? И где она находится?,B,B,B,4,True
MMBench-ru,base,2920,"Какая формула даст тот же результат, что и формула на рисунке?",C,A,A,4,False
MMBench-ru,base,1276,Какая подпись к этому изображению правильная?,A,A,A,4,True
MMBench-ru,base,1634,"Можете определить, в какое время года была сделана фотография?",C,B,B,4,False
MMBench-ru,base,2751,Где кошка?,D,D,D,4,True
MMBench-ru,base,3881,"В природе, какое отношение между этими двумя существами?",A,A,A,4,True
MMBench-ru,base,1529,Какое отношение между людьми на изображении?,A,D,D,4,False
MMBench-ru,base,1794,Сколько бананов на картинке?,C,B,B,4,False
MMBench-ru,base,2119,Каковы природные отношения между этими животными?,B,B,B,3,True
MMBench-ru,base,1849,К какой категории относится это изображение?,D,D,D,4,True
MMBench-ru,base,495,Какова функция продемонстрированного объекта?,B,B,B,4,True
MMBench-ru,base,1015,"В природе, каковы отношения между этими двумя существами?",A,D,D,4,False
MMBench-ru,base,920,Какой из следующих подписей лучше всего описывает это изображение?,C,C,C,4,True
MMBench-ru,base,262,"Основываясь на изображении, что можно сказать о чувстве моды и стиле женщины?",A,D,D,4,False
MMBench-ru,base,1384,"Основываясь на изображении, какие есть преимущества для здоровья от употребления блюда, описанного на картинке?",C,A,A,4,False
MMBench-ru,base,86,Какой термин соответствует изображению?,B,B,B,2,True
MMBench-ru,base,2409,Примерно какую часть изображения занимает слон на картинке?,B,B,B,4,True
MMBench-ru,base,2268,"На основании изображения, какие факторы должны учитывать группа людей с досками для серфинга перед участием в их пляжной активности?",C,D,D,4,False
MMBench-ru,base,942,Какой из следующих подписей лучше всего описывает это изображение?,C,C,C,4,True
MMBench-ru,base,2410,Где на картинке находится брокколи?,A,D,D,4,False
MMBench-ru,base,3877,"В природе, какие взаимоотношения между этими двумя существами?",A,A,A,4,True
MMBench-ru,base,29,Какое изображение более яркое?,A,A,A,2,True
MMBench-ru,base,290,Какое чувство изображено на этой картинке?,C,B,B,4,False
MMBench-ru,base,2899,Какой код на Python может сгенерировать содержимое изображения?,C,D,D,4,False
MMBench-ru,base,2584,Какой тип окружающей среды изображен на фотографии?,C,C,C,4,True
MMBench-ru,base,241,Какой из этих штатов находится дальше всего на восток?,C,D,D,4,False
MMBench-ru,base,937,Какой из следующих подписей лучше всего описывает это изображение?,C,C,C,4,True
MMBench-ru,base,276,Какое название у показанной колонии?,D,B,B,4,False
MMBench-ru,base,128,Что произойдет дальше? ,B,D,D,4,False
MMBench-ru,base,3521,Какой формы этот объект?,D,B,B,4,False
MMBench-ru,base,1353,Какой термин соответствует изображению?,A,A,A,2,True
MMBench-ru,base,3615,Кто этот человек?,C,A,A,4,False
MMBench-ru,base,2105,Каковы природные взаимоотношения этих животных?,A,A,A,3,True
MMBench-ru,base,974,Какой из следующих заголовков лучше всего описывает это изображение?,A,D,D,4,False
MMBench-ru,base,1140,Какая черта есть у этой рыжей белки?,B,B,B,2,True
MMBench-ru,base,2740,Какая профессия у людей на этой картине?,D,D,D,4,True
MMBench-ru,base,1988,Какая из следующих подписей лучше всего описывает это изображение?,C,C,C,4,True
MMBench-ru,base,877,Какова наиболее вероятная цель этого постера?,B,D,D,4,False
MMBench-ru,base,3641,В каком углу нет никакой еды?,C,B,B,4,False
MMBench-ru,base,541,Где находится овца?,B,D,D,4,False
MMBench-ru,base,2962,Какой из следующих подписей лучше всего описывает это изображение?,D,D,D,4,True
MMBench-ru,base,2338,Какая эмоция изображена на этом изображении?,A,D,D,4,False
MMBench-ru,base,2360,Какое чувство изображено на этом изображении?,A,A,A,4,True
MMBench-ru,base,1936,"Площадь какой фигуры можно вычислить, используя формулу на этой картинке?",B,B,B,4,True
MMBench-ru,base,995,"В природе, какова взаимосвязь между этими двумя существами?",D,D,D,4,True
MMBench-ru,base,3213,Какое действие выполняется на этом изображении?,C,C,C,4,True
MMBench-ru,base,1937,С каким особым днем связан этот постер?,B,B,B,4,True
MMBench-ru,base,3307,На каком изображении самая высокая резкость?,A,D,D,4,False
MMBench-ru,base,1667,Какое может быть отношение между двумя людьми на этом изображении?,D,A,A,4,False
MMBench-ru,base,779,К какой категории принадлежит это изображение?,D,D,D,4,True
MMBench-ru,base,386,Где на картинке находится медведь?,C,D,D,4,False
MMBench-ru,base,397,Какое из следующих утверждений описывает жизнь в независимом городе-государстве?,A,A,A,4,True
MMBench-ru,base,2699,Какое настроение передаёт это изображение?,A,A,A,4,True
MMBench-ru,base,1765,Какое предложение правильно описывает капибар?,A,A,A,4,True
MMBench-ru,base,1451,Какое движение изображение хочет передать?,C,D,D,4,False
MMBench-ru,base,1734,Какая профессия у людей на этом изображении?,B,B,B,4,True
MMBench-ru,base,1683,Каковы могут быть отношения между двумя людьми на этом изображении?,B,B,B,4,True
MMBench-ru,base,1912,Какая операция с дробями представлена этой формулой?,B,A,A,4,False
MMBench-ru,base,3538,Какую эмоцию выражает этот смайлик?,A,A,A,4,True
MMBench-ru,base,3799,Какой из следующих заголовков лучше всего описывает это изображение?,B,B,B,4,True
MMBench-ru,base,221,"Объект, показанный на этой фигуре:",D,C,C,4,False
MMBench-ru,base,2758,Сколько здесь собак?,D,B,B,4,False
MMBench-ru,base,2676,Какое настроение передает это изображение?,D,B,B,4,False
MMBench-ru,base,2646,Какова может быть связь между двумя людьми на этом изображении?,C,D,D,4,False
MMBench-ru,base,403,Что изображено на этой картинке?,C,C,C,4,True
MMBench-ru,base,248,Какой город является столицей штата Небраска?,B,D,D,4,False
MMBench-ru,base,1649,Какое из следующих утверждений соответствует изображению?,B,D,D,4,False
MMBench-ru,base,2982,Какой из следующих описаний лучше всего описывает это изображение?,A,A,A,4,True
MMBench-ru,base,1389,"Международная организация состоит из членов (), которые ().",C,D,D,4,False
MMBench-ru,base,3279,Что изображено на этой картинке?,D,A,A,4,False
MMBench-ru,base,3835,Какая из следующих подписей лучше всего описывает это изображение?,A,A,A,4,True
MMBench-ru,base,447,Какое изображение является самым ярким?,B,D,D,4,False
MMBench-ru,base,1018,Какое человеческое поведение описано на этом изображении?,C,A,A,4,False
MMBench-ru,base,784,кто этот человек?,C,D,D,4,False
MMBench-ru,base,3588,Какая профессия у людей на этом изображении?,A,D,D,4,False
MMBench-ru,base,3846,"В природе, какова связь между этими двумя существами?",D,A,A,4,False
MMBench-ru,base,1837,К какому стилю относится это изображение?,A,D,D,4,False
MMBench-ru,base,574,Какое главное событие изображено на этом изображении?,C,D,D,4,False
MMBench-ru,base,3893,Какое человеческое поведение описано на этой картинке?,D,D,D,4,True
MMBench-ru,base,751,В каком углу находится яблоко?,C,D,D,4,False
MMBench-ru,base,3603,Кто этот человек?,C,B,B,4,False
MMBench-ru,base,1894,Какова функция демонстрируемого объекта?,D,D,D,4,True
MMBench-ru,base,1023,Каковы взаимоотношения между этими двумя существами в природе?,B,B,B,4,True
MMBench-ru,base,308,Этот образец изображает какой стиль?,A,A,A,4,True
MMBench-ru,base,1815,Сколько здесь собак?,D,B,B,4,False
MMBench-ru,base,3309,Кто изображен на этой фотографии?,C,C,C,4,True
MMBench-ru,base,3528,Какого цвета этот объект?,D,D,D,4,True
MMBench-ru,base,3506,Какой формы этот объект?,C,C,C,4,True
MMBench-ru,base,2254,"Исходя из изображения, какое действие, вероятно, выполняется на основе предметов на столе?",A,D,D,4,False
MMBench-ru,base,401,Сколько собак на этом изображении?,A,B,B,4,False
MMBench-ru,base,207,Какой вариант является правильным описанием этого изображения?,B,B,B,4,True
MMBench-ru,base,2671,Какова форма этого объекта?,A,B,B,4,False
MMBench-ru,base,2214,Какой вариант является правильной подписью к этому изображению?,C,C,C,4,True
MMBench-ru,base,3424,Что правильно?,B,B,B,4,True
MMBench-ru,base,60,Что лучше описывает экосистемы приливных бассейнов в заповеднике Tongue Point Marine Life Sanctuary?,B,B,B,2,True
MMBench-ru,base,382,Сколько компьютерных мониторов на этой картинке?,D,C,C,4,False
MMBench-ru,base,3086,Какая из этих подписей правильно описывает это изображение?,B,B,B,4,True
MMBench-ru,base,3476,Каковы могут быть отношения между двумя людьми на этом изображении?,D,C,C,4,False
MMBench-ru,base,968,В каком направлении находится Канада в Атлантическом океане?,C,A,A,4,False
MMBench-ru,base,681,Какая профессия у людей на этой картинке?,B,B,B,4,True
MMBench-ru,base,1664,Какое отношение могут иметь эти люди на изображении?,C,C,C,4,True
MMBench-ru,base,1989,В каком направлении находится Франция в Средиземном море?,A,A,A,4,True
MMBench-ru,base,1971,Какой из следующих заголовков лучше всего описывает это изображение?,D,D,D,4,True
MMBench-ru,base,875,Что хочет выразить эта картинка?,B,B,B,4,True
MMBench-ru,base,1642,Какая погода изображена на картинке?,A,A,A,4,True
MMBench-ru,base,240,Какая из подписей к изображению правильная?,A,A,A,4,True
MMBench-ru,base,674,Какое настроение передает это изображение?,C,C,C,4,True
MMBench-ru,base,1552,Какой вариант правильно описывает взаимное расположение объектов на изображении?,D,D,D,4,True
MMBench-ru,base,8,Какая картина более яркая?,A,B,B,2,False
MMBench-ru,base,1599,"Исходя из изображения, где находится ноутбук?",C,D,D,4,False
MMBench-ru,base,1086,Кожа какого животного также адаптирована для выживания в холодных местах?,A,A,A,2,True
MMBench-ru,base,3211,Какое из следующих утверждений описывает жизнь в независимом городе-государстве?,D,D,D,4,True
MMBench-ru,base,3215,"После окончания Аккадской империи, многие города и империи пытались контролировать Месопотамию. Около 1790 года до н.э., какая империя начала контролировать Месопотамию?",A,D,D,4,False
MMBench-ru,base,1863,К какой категории относится это изображение?,A,A,A,4,True
MMBench-ru,base,1168,"В изображении-сравнении, одинаковой ли формы левые и правые модули?",B,C,C,3,False
MMBench-ru,base,1732,Какое настроение передаёт это изображение?,B,A,A,4,False
MMBench-ru,base,2853,К какой категории относится это изображение?,C,C,C,4,True
MMBench-ru,base,2992,В каком направлении от Кыргызстана находится Индия?,D,A,A,4,False
MMBench-ru,base,3208,Определите стиль этого изображения.,C,C,C,4,True
MMBench-ru,base,2276,"Судя по изображению, какова вероятная цель знака на пицце?",A,A,A,4,True
MMBench-ru,base,2711,Какое настроение передает это изображение?,B,C,C,4,False
MMBench-ru,base,2942,Какой из следующих подписей лучше всего описывает это изображение?,B,B,B,4,True
MMBench-ru,base,1993,"Какой код на Python создаст результат, показанный на изображении?",D,A,A,4,False
MMBench-ru,base,634,Какой формы этот объект?,C,C,C,4,True
MMBench-ru,base,777,В каком направлении смотрит человек?,A,B,B,4,False
MMBench-ru,base,1215,"В Соединённых Штатах существует федеральная система. Основываясь на этих определениях, какое из следующих утверждений скорее всего будет сделано человеком, который живет при федеральной системе?",B,B,B,3,True
MMBench-ru,base,891,Какая операция с дробями представлена этой формулой?,B,D,D,4,False
MMBench-ru,base,239,Что является столицей штата Вашингтон?,C,B,B,4,False
MMBench-ru,base,2372,Какое из следующих утверждений описывает жизнь в независимом городе-государстве?,C,C,C,4,True
MMBench-ru,base,3013,"В природе, каковы взаимоотношения между этими двумя существами?",C,B,B,4,False
MMBench-ru,base,2220,Какой вариант является правильным описанием этого изображения?,D,D,D,4,True
MMBench-ru,base,249,"Объект, показанный на этой фигуре:",D,A,A,4,False
MMBench-ru,base,3063,Какая подпись правильно описывает это изображение?,B,B,B,4,True
MMBench-ru,base,1284,"Исходя из изображения, какова вероятная цель знака на пицце?",D,D,D,4,True
MMBench-ru,base,234,"Глядя на изображение, какова цель использования зонта человеком, идущим под дождем?",C,C,C,4,True
MMBench-ru,base,205,Какой из этих вариантов является правильным описанием этого изображения?,C,C,C,4,True
MMBench-ru,base,2392,Какое движение хочет передать это изображение?,C,C,C,4,True
MMBench-ru,base,1952,Какая из следующих подписей лучше всего описывает это изображение?,B,B,B,4,True
MMBench-ru,base,2059,"В природе, какова взаимосвязь между этими двумя существами?",B,A,A,4,False
MMBench-ru,base,3492,Какова может быть связь между двумя людьми на этом изображении?,A,B,B,4,False
MMBench-ru,base,2175,"Судя по карте, что было правдой в отношении Шелкового пути около 1300 года н.э.?",C,C,C,3,True
MMBench-ru,base,644,Какое достижение на этом изображении?,D,D,D,4,True
MMBench-ru,base,232,Что символизирует рукопожатие между двумя мужчинами на изображении?,A,D,D,4,False
MMBench-ru,base,2080,Подумайте о магнитной силе между магнитами в каждой паре. Какое из следующих утверждений верно?,B,C,C,3,False
MMBench-ru,base,328,Определите художественный стиль этого изображения.,D,D,D,4,True
MMBench-ru,base,3487,Каковы могут быть отношения между двумя людьми на этом изображении?,A,A,A,4,True
MMBench-ru,base,761,Сколько яблок на изображении? И сколько бананов?,A,D,D,4,False
MMBench-ru,base,280,"Опираясь на изображение, что говорит контраст между ярко-синим скейтбордом и человеком, который его несет?",B,A,A,4,False
MMBench-ru,base,2437,Сколько коров на этой картинке?,A,A,A,4,True
MMBench-ru,base,278,Как называется показанная колония?,B,B,B,4,True
MMBench-ru,base,2765,Кто этот человек?,B,A,A,4,False
MMBench-ru,base,963,Какой из следующих описаний лучше всего соответствует этому изображению?,D,D,D,4,True
MMBench-ru,base,1653,Какой может быть связь между двумя людьми на этом изображении?,D,D,D,4,True
MMBench-ru,base,491,Какой вариант правильно описывает взаимное расположение объектов на изображении?,C,C,C,4,True
MMBench-ru,base,2333,Определите художественный стиль этого изображения.,C,A,A,4,False
MMBench-ru,base,1008,Какое человеческое поведение описано на этой картинке?,B,A,A,4,False
MMBench-ru,base,2371,Какое действие выполняется на этом изображении?,B,B,B,4,True
MMBench-ru,base,2435,Извлечь текст из изображения,A,A,A,4,True
MMBench-ru,base,162,"Объект, показанный на этой фигуре:",A,A,A,4,True
MMBench-ru,base,2536,Как называется этот город?,C,C,C,4,True
MMBench-ru,base,335,Международная организация состоит из членов () которые ().,B,D,D,4,False
MMBench-ru,base,1717,Какое настроение передает это изображение?,A,A,A,4,True
MMBench-ru,base,2692,Какое настроение передает это изображение?,C,B,B,4,False
MMBench-ru,base,3748,"Какой код на Python сгенерирует результат, показанный на изображении?",D,D,D,4,True
MMBench-ru,base,2315,Какое из следующих утверждений описывает жизнь в независимом городе-государстве?,C,A,A,4,False
MMBench-ru,base,2141,Что произойдет дальше?,A,A,A,4,True
MMBench-ru,base,1295,Какая столица штата Вашингтон?,D,C,C,4,False
MMBench-ru,base,1068,Какое изображение более яркое?,B,B,B,2,True
MMBench-ru,base,836,Какова функция демонстрируемого объекта?,C,A,A,4,False
MMBench-ru,base,2743,Кто этот человек?,A,D,D,4,False
MMBench-ru,base,2933,"Какая формула имеет такой же результат вычисления, как и формула на рисунке?",B,C,C,4,False
MMBench-ru,base,1286,Какой из следующих вариантов является правильной подписью к этому изображению?,B,A,A,4,False
MMBench-ru,base,977,Какой из следующих подписей лучше всего описывает это изображение?,B,B,B,4,True
MMBench-ru,base,1087,"Дополните текст, чтобы описать диаграмму.
Частицы растворенного вещества двигались в обоих направлениях через проницаемую мембрану. Но больше частиц растворенного вещества перемещалось через мембрану (). Когда концентрация на обеих сторонах стала равной, частицы достигли равновесия.",B,B,B,2,True
MMBench-ru,base,1621,Что является основной темой изображения?,C,A,A,4,False
MMBench-ru,base,536,Какова основная тема изображения?,C,C,C,4,True
MMBench-ru,base,3633,Сколько яблок на изображении? И сколько бананов?,C,A,A,4,False
MMBench-ru,base,2643,"Можете ли вы определить время года, когда была сделана эта фотография?",A,A,A,4,True
MMBench-ru,base,1228,"Объект, показанный на этом рисунке:",C,D,D,4,False
MMBench-ru,base,1872,В каком стиле выполнена эта картина?,B,C,C,4,False
MMBench-ru,base,3854,"В природе, какова связь между этими двумя существами?",D,C,C,4,False
MMBench-ru,base,3079,Какой из этих вариантов наиболее подходит в качестве подписи к этому изображению?,B,B,B,4,True
MMBench-ru,base,297,"Судя по изображению, какова вероятная цель использования этого утилитарного транспортного средства в данной ситуации?",A,A,A,4,True
MMBench-ru,base,38,Какой из следующих ископаемых моложе? Выберите наиболее вероятный ответ.,B,B,B,2,True
MMBench-ru,base,1877,К какому типу принадлежит это изображение?,A,A,A,4,True
MMBench-ru,base,2544,Какова функция продемонстрированного объекта?,C,C,C,4,True
MMBench-ru,base,2306,Как называется показанная колония?,D,B,B,4,False
MMBench-ru,base,409,Извлечь текст из изображения,A,B,B,4,False
MMBench-ru,base,300,Какое чувство представлено на этом изображении?,B,B,B,4,True
MMBench-ru,base,2202,Какой из вариантов надписи для этого изображения является правильным?,A,A,A,4,True
MMBench-ru,base,873,Какова функция продемонстрированного объекта?,A,D,D,4,False
MMBench-ru,base,2072,Какое поведение человека описывает эта картина?,A,D,D,4,False
MMBench-ru,base,3738,С каким особым днём связан этот постер?,A,A,A,4,True
MMBench-ru,base,542,Какова функция демонстрируемого объекта?,D,D,D,4,True
MMBench-ru,base,1429,В какую сторону смотрит этот человек на фотографии?,B,A,A,4,False
MMBench-ru,base,281,"Объект, показанный на этом рисунке:",D,B,B,4,False
MMBench-ru,base,1000,"В природе, каковы отношения между этими двумя существами?",A,B,B,4,False
MMBench-ru,base,1513,Каковы отношения между людьми на изображении?,D,D,D,4,True
MMBench-ru,base,1167,"На данном сравнительном изображении, имеют ли левые и правые модули одинаковую форму?",B,C,C,3,False
MMBench-ru,base,646,Какого цвета этот объект?,D,D,D,4,True
MMBench-ru,base,3630,Сколько видов фруктов изображено на картинке?,B,A,A,4,False
MMBench-ru,base,3415,Как называется это здание?,D,D,D,4,True
MMBench-ru,base,2225,"В Соединенных Штатах действует федеральная система. Исходя из этих определений, какое из следующих утверждений скорее всего будет сделано человеком, живущим при федеральной системе?",B,B,B,3,True
MMBench-ru,base,2881,Какова функция показанного объекта?,A,D,D,4,False
MMBench-ru,base,1239,Какая подпись правильная для этого изображения?,B,D,D,4,False
MMBench-ru,base,2505,Что изображено на этом снимке?,A,B,B,4,False
MMBench-ru,base,3850,"В природе, какая взаимосвязь между этими двумя существами?",D,C,C,4,False
MMBench-ru,base,2678,Какова форма этого объекта?,C,A,A,4,False
MMBench-ru,base,2166,"На основе временной шкалы, какое из следующих утверждений является верным?",C,B,B,3,False
MMBench-ru,base,32,Какое изображение более яркое?,B,B,B,2,True
MMBench-ru,base,2735,Каковы могут быть отношения между этими людьми на изображении?,B,D,D,4,False
MMBench-ru,base,3346,"Какую работу, скорее всего, выполняет человек на изображении?",A,A,A,4,True
MMBench-ru,base,2271,"Почему формирование сильных социальных связей с другими самками может повысить репродуктивный успех самки павиана? Завершите утверждение ниже, которое отвечает на этот вопрос и наиболее полно поддерживается приведённым отрывком.
Формирование сильных социальных связей с другими самками увеличивает шансы на то, что ().",C,B,B,3,False
MMBench-ru,base,1226,Что такое пальцы бананового растения?,B,A,A,2,False
MMBench-ru,base,2717,Какая профессия у людей на этой картинке?,D,D,D,4,True
MMBench-ru,base,424,Какое изображение самое яркое?,B,D,D,4,False
MMBench-ru,base,550,Какой тип окружающей среды изображён на картинке?,A,A,A,4,True
MMBench-ru,base,3851,Какова природа взаимоотношений между этими двумя существами в природе?,D,A,A,4,False
MMBench-ru,base,472,"Какой текст может быть связан с этим изображением, опубликованным в твиттере?",A,D,D,4,False
MMBench-ru,base,438,Какое изображение самое четкое?,C,A,A,4,False
MMBench-ru,base,3040,Какое поведение человека описывает эта картинка?,C,D,D,4,False
MMBench-ru,base,3722,Какова функция продемонстрированного объекта?,B,B,B,4,True
MMBench-ru,base,3863,Какое человеческое поведение описывает эта картинка?,D,D,D,4,True
MMBench-ru,base,1115,Какова природа взаимоотношений этих животных?,A,A,A,3,True
MMBench-ru,base,1154,Какой термин соответствует картинке?,B,B,B,2,True
MMBench-ru,base,2477,Сколько грузовиков на этом фото?,C,D,D,4,False
MMBench-ru,base,862,Какова функция продемонстрированного объекта?,B,C,C,4,False
MMBench-ru,base,2939,Какой из следующих подписей лучше всего описывает это изображение?,A,A,A,4,True
MMBench-ru,base,1404,Где находятся две зебры на рисунке?,C,C,C,4,True
MMBench-ru,base,833,Какова функция продемонстрированного объекта?,C,D,D,4,False
MMBench-ru,base,2815,К какой категории относится это изображение?,C,C,C,4,True
MMBench-ru,base,2597,"На основе изображения, каково отношение между цветами и вазой?",C,C,C,4,True
MMBench-ru,base,1081,"Согласно цепочке событий, когда Тинкер Белл была отравлена?",A,B,B,2,False
MMBench-ru,base,2070,Подумай о магнитной силе между магнитами в каждой паре. Какое из следующих утверждений верное?,C,C,C,3,True
MMBench-ru,base,3675,В каком стиле выполнена эта картина?,D,A,A,4,False
MMBench-ru,base,1028,Какое человеческое поведение описывает эта картина?,A,A,A,4,True
MMBench-ru,base,208,Какой из вариантов правильно описывает это изображение?,C,C,C,4,True
MMBench-ru,base,378,Сколько грузовиков на этой фотографии?,A,B,B,4,False
MMBench-ru,base,2598,Какой тип погоды изображен на картинке?,A,C,C,4,False
MMBench-ru,base,3582,Какая профессия у людей на этой фотографии?,D,D,D,4,True
MMBench-ru,base,3839,В каком направлении находится Новая Зеландия от Австралии?,B,D,D,4,False
MMBench-ru,base,1133,Какое изображение более яркое?,A,B,B,2,False
MMBench-ru,base,180,Какой из вариантов правильно описывает эту картинку?,A,A,A,4,True
MMBench-ru,base,14,Какая из изображений более яркое?,A,A,A,2,True
MMBench-ru,base,1366,Какое чувство изображено на этой картинке?,D,C,C,4,False
MMBench-ru,base,3158,Какое человеческое поведение описывает эта картина?,C,D,D,4,False
MMBench-ru,base,535,Какая основная тема изображения?,A,D,D,4,False
MMBench-ru,base,2609,Какой тип окружающей среды изображен на картинке?,B,B,B,4,True
MMBench-ru,base,1072,Какая из картинок более красочная?,B,B,B,2,True
MMBench-ru,base,3682,К какой категории относится это изображение?,C,C,C,4,True
MMBench-ru,base,3036,Какое человеческое поведение описывает эта картина?,B,B,B,4,True
MMBench-ru,base,1809,Пончик укушен с какой стороны?,B,C,C,4,False
MMBench-ru,base,2259,"На основе продвижения здорового баланса между временем у экрана и другими занятиями, какая стратегия направлена на участие ребенка в семейных делах?",B,B,B,4,True
MMBench-ru,base,2890,Какова функция демонстрируемого объекта?,C,C,C,4,True
MMBench-ru,base,1751,Какая профессия у людей на этой картинке?,D,D,D,4,True
MMBench-ru,base,2297,"Судя по изображению, как женщина на картине защищается от дождя?",C,D,D,4,False
MMBench-ru,base,39,Какая черта есть у этой рыжей белки?,A,A,A,2,True
MMBench-ru,base,3673,К какой категории относится это изображение?,D,D,D,4,True
MMBench-ru,base,3554,Каковы могут быть отношения между двумя людьми на этом изображении?,B,D,D,4,False
MMBench-ru,base,2830,К какой категории относится это изображение?,D,A,A,4,False
MMBench-ru,base,610,На изображении изображен горный ландшафт или прибрежный ландшафт?,D,C,C,4,False
MMBench-ru,base,2234,Какое из этих описаний правильно подписывает это изображение?,B,B,B,4,True
MMBench-ru,base,147,Что будет дальше?,A,D,D,4,False
MMBench-ru,base,1512,Какое отношение между людьми на изображении?,A,C,C,4,False
MMBench-ru,base,2385,"Какого цвета другой маленький блестящий предмет, той же формы, что и крошечный желтый блестящий объект?",D,D,D,4,True
MMBench-ru,base,2263,"Основываясь на изображении, какова может быть основная причина, по которой человек на картинке использует черный зонт?",D,D,D,4,True
MMBench-ru,base,606,Какое отношение могут иметь эти люди на изображении?,A,C,C,4,False
MMBench-ru,base,1760,Какая профессия у людей на этой фотографии?,C,C,C,4,True
MMBench-ru,base,522,Где это находится?,A,B,B,4,False
MMBench-ru,base,171,"На основе карты, что было верно о Великом шёлковом пути около 1300 года н.э.?",A,B,B,3,False
MMBench-ru,base,1262,Какой из вариантов является правильной подписью к этому изображению?,B,D,D,4,False
MMBench-ru,base,1493,На каком изображении самая высокая резкость?,A,D,D,4,False
MMBench-ru,base,3260,Сколько грузовиков на этой фотографии?,D,D,D,4,True
MMBench-ru,base,163,Что могло бы показать тестирование Эрнесто?,A,C,C,3,False
MMBench-ru,base,1465,Что изображено на этом рисунке?,C,C,C,4,True
MMBench-ru,base,860,Какова функция продемонстрированного объекта?,D,B,B,4,False
MMBench-ru,base,2793,В каком углу нет тарелок?,A,D,D,4,False
MMBench-ru,base,1022,Какое человеческое поведение описывает эта картинка?,A,A,A,4,True
MMBench-ru,base,2731,Какая профессия у людей справа?,A,A,A,4,True
MMBench-ru,base,421,На каком изображении наивысшая резкость?,C,D,D,4,False
MMBench-ru,base,1448,Что изображено на этой картинке?,C,C,C,4,True
MMBench-ru,base,3195,Какой стиль представлен на этом изображении?,D,D,D,4,True
MMBench-ru,base,2293,Что является столицей Северной Каролины?,B,C,C,4,False
MMBench-ru,base,3537,Какое настроение передает это изображение?,C,D,D,4,False
MMBench-ru,base,2542,Где это находится?,C,C,C,4,True
MMBench-ru,base,3069,Какая подпись к изображению является правильной?,D,D,D,4,True
MMBench-ru,base,633,Какую связь могут иметь два человека на этом изображении?,C,B,B,4,False
MMBench-ru,base,969,В каком направлении находится Иран от Туркменистана?,B,A,A,4,False
MMBench-ru,base,665,Какое настроение передает это изображение?,A,A,A,4,True
MMBench-ru,base,3276,"Какого цвета другой маленький блестящий объект, имеющий ту же форму, что и крошечный желтый блестящий объект?",A,A,A,4,True
MMBench-ru,base,3320,Какое изображение показывает наибольшую резкость?,B,D,D,4,False
MMBench-ru,base,725,кто этот человек?,C,C,C,4,True
MMBench-ru,base,1688,Какова форма этого объекта?,D,D,D,4,True
MMBench-ru,base,101,На этой картинке крылья бабочки имеют одинаковую форму?,B,A,A,3,False
MMBench-ru,base,734,какая это достопримечательность? и где она находится?,C,D,D,4,False
MMBench-ru,base,3901,Какое человеческое поведение описывает эта картина?,D,D,D,4,True
MMBench-ru,base,1360,"Что могут обменять Гордон и Роксана, чтобы каждый получил то, что хочет?",C,D,D,4,False
MMBench-ru,base,3204,Какое действие выполняется на этом изображении?,A,A,A,4,True
MMBench-ru,base,1686,Какого цвета этот объект?,B,B,B,4,True
MMBench-ru,base,3285,Что изображено на этой картинке?,B,B,B,4,True
MMBench-ru,base,3468,"Можете ли вы определить время года, когда была сделана фотография?",C,C,C,4,True
MMBench-ru,base,3010,"В природе, какая связь между этими двумя существами?",C,D,D,4,False
MMBench-ru,base,3347,Какое изображение показывает самый высокий контраст?,A,D,D,4,False
MMBench-ru,base,1016,Какой вид человеческого поведения описывает эта картина?,C,C,C,4,True
MMBench-ru,base,3712,Какова функция продемонстрированного объекта?,B,B,B,4,True
MMBench-ru,base,652,Какова форма этого объекта?,C,C,C,4,True
MMBench-ru,base,3225,В каком направлении этот человек смотрит на изображении?,D,D,D,4,True
MMBench-ru,base,3880,"В природе, какова взаимосвязь между этими двумя существами?",D,C,C,4,False
MMBench-ru,base,442,Какая из изображений самая яркая?,D,D,D,4,True
MMBench-ru,base,1566,Какой вариант правильно описывает взаимное расположение объектов на изображении?,B,D,D,4,False
MMBench-ru,base,158,Что произойдет дальше?,A,C,C,4,False
MMBench-ru,base,1927,"какой код на Python сгенерирует результат, показанный на изображении?",A,D,D,4,False
MMBench-ru,base,911,Что значит этот знак?,C,C,C,4,True
MMBench-ru,base,817,Какой стиль изображён на этом изображении?,D,C,C,4,False
MMBench-ru,base,1885,Какова функция демонстрируемого объекта?,D,D,D,4,True
MMBench-ru,base,1432,Какое действие выполняется на этом изображении?,C,C,C,4,True
MMBench-ru,base,1250,Какой из вариантов является правильным описанием этого изображения?,D,D,D,4,True
MMBench-ru,base,3257,Примерно какая часть изображения занята кошкой на картинке?,D,D,D,4,True
MMBench-ru,base,932,В каком направлении от Средиземного моря находится Сирия?,A,A,A,4,True
MMBench-ru,base,913,"На этом рисунке показано домашнее задание Анны на каждый будний день. Можешь сказать, что Анна должна делать во вторник?",C,D,D,4,False
MMBench-ru,base,96,"Исходя из временной шкалы, какое из следующих утверждений является верным?",A,C,C,3,False
MMBench-ru,base,2703,Какая профессия у людей на этом изображении?,B,B,B,4,True
MMBench-ru,base,791,Какой это ориентир? И где он находится?,A,A,A,4,True
MMBench-ru,base,1632,На картинке изображен горный пейзаж или прибрежный?,A,D,D,4,False
MMBench-ru,base,1344,Какую эмоцию изображает этот рисунок?,C,C,C,4,True
MMBench-ru,base,1141,Два стула на картинке одного цвета?,C,B,B,3,False
MMBench-ru,base,3830,Какая из следующих подписей лучше всего описывает это изображение?,B,A,A,4,False
MMBench-ru,base,3167,"Основываясь на изображении, каковы некоторые преимущества для здоровья от употребления такой пищи, как описано?",A,D,D,4,False
MMBench-ru,base,1143,Подумайте о магнитной силе между магнитами в каждой паре. Какое из следующих утверждений верно?,A,B,B,3,False
MMBench-ru,base,1438,Сколько людей вы видите на этой картинке?,C,D,D,4,False
MMBench-ru,base,2627,Какова форма этого объекта?,C,B,B,4,False
MMBench-ru,base,2086,Какое человеческое поведение описано на этой картинке?,C,C,C,4,True
MMBench-ru,base,1637,"Можешь определить, в какое время года была сделана эта фотография?",B,B,B,4,True
MMBench-ru,base,2783,В каком направлении смотрит человек?,C,D,D,4,False
MMBench-ru,base,3562,Какое настроение передает это изображение?,C,C,C,4,True
MMBench-ru,base,1356,Какой художественный стиль преобладает на этом изображении?,C,C,C,4,True
MMBench-ru,base,113,"На этой картинке, являются ли две помады одного цвета?",B,B,B,3,True
MMBench-ru,base,3419,Где это?,B,D,D,4,False
MMBench-ru,base,1069,Какое изображение более яркое?,A,B,B,2,False
MMBench-ru,base,3696,Какой это достопримечательность и где она находится?,D,D,D,4,True
MMBench-ru,base,2378,Какое движение хочет передать это изображение?,A,B,B,4,False
MMBench-ru,base,3464,Какое основное событие на этом изображении?,B,A,A,4,False
MMBench-ru,base,156,"США имеют федеральную систему. Основываясь на этих определениях, какое из этих утверждений скорее всего сделает человек, живущий при федеральной системе?",C,C,C,3,True
MMBench-ru,base,444,Какая работа наиболее вероятна для человека на изображении?,C,C,C,4,True
MMBench-ru,base,2443,"Какой текст может быть связан с этим изображением, опубликованным в Twitter?",C,D,D,4,False
MMBench-ru,base,1779,Что это?,D,D,D,4,True
MMBench-ru,base,1415,Где на картинке находится жираф?,A,B,B,4,False
MMBench-ru,base,2984,Какая из следующих подписей лучше всего описывает это изображение?,A,A,A,4,True
MMBench-ru,base,3221,Какое из следующих утверждений описывает жизнь в независимом городе-государстве?,B,B,B,4,True
MMBench-ru,base,3504,Каковы могут быть отношения между этими людьми на изображении?,D,D,D,4,True
MMBench-ru,base,1787,кто этот человек?,C,D,D,4,False
MMBench-ru,base,2483,Какое изображение самое яркое?,A,D,D,4,False
MMBench-ru,base,2094,Какова природа взаимоотношений этих животных?,C,C,C,3,True
MMBench-ru,base,473,Каковы отношения между людьми на изображении?,D,D,D,4,True
MMBench-ru,base,1577,Какова функция продемонстрированного объекта?,D,D,D,4,True
MMBench-ru,base,2361,"Судя по изображению, что указывает на наличие двух пицц, трёх стаканов напитков и столовых приборов на сцене?",D,D,D,4,True
MMBench-ru,base,778,Что это за достопримечательность и где она находится?,A,A,A,4,True
MMBench-ru,base,1043,Какое человеческое поведение описывает эта картинка?,A,A,A,4,True
MMBench-ru,base,181,Какой из этих подписей правильно описывает данное изображение?,D,D,D,4,True
MMBench-ru,base,2903,Какова наиболее вероятная цель этого плаката?,B,D,D,4,False
MMBench-ru,base,1786,что это за достопримечательность? и где она находится?,B,B,B,4,True
MMBench-ru,base,6,Какое изображение более яркое?,A,A,A,2,True
MMBench-ru,base,2129,Одинакового ли цвета два стула на картинке?,A,C,C,3,False
MMBench-ru,base,2205,Какой из вариантов является правильной подписью к этому изображению?,A,A,A,4,True
MMBench-ru,base,2813,"Объект, показанный на этом рисунке:",C,B,B,4,False
MMBench-ru,base,2946,Какой из следующих заголовков лучше всего описывает это изображение?,D,D,D,4,True
MMBench-ru,base,3039,Какое человеческое поведение описывает эта картинка?,A,A,A,4,True
MMBench-ru,base,3018,"В природе, какова связь между этими двумя существами?",D,D,D,4,True
MMBench-ru,base,2746,Кто этот человек?,A,D,D,4,False
MMBench-ru,base,807,К какой категории относится это изображение?,C,A,A,4,False
MMBench-ru,base,1491,На каком изображении самая высокая резкость?,D,D,D,4,True
MMBench-ru,base,1766,Какая профессия у людей на этой фотографии?,C,C,C,4,True
MMBench-ru,base,286,"Основываясь на описании, чем отличается холодильник на кухне от современных?",A,A,A,4,True
MMBench-ru,base,2720,Какая профессия у людей на этой картине?,B,B,B,4,True
MMBench-ru,base,1352,Какая эмоция изображена на этой картинке?,C,C,C,4,True
MMBench-ru,base,2552,Какое из следующих утверждений соответствует изображению?,D,D,D,4,True
MMBench-ru,base,1285,Какой из вариантов является правильной подписью к этому изображению?,B,B,B,4,True
MMBench-ru,base,3423,Какое из следующих утверждений соответствует изображению?,D,A,A,4,False
MMBench-ru,base,510,Где это находится?,A,C,C,4,False
MMBench-ru,base,2948,Какой из следующих подписей лучше всего описывает это изображение?,C,C,C,4,True
MMBench-ru,base,1230,Что произойдет дальше?,C,D,D,4,False
MMBench-ru,base,2077,Какой раствор имеет более высокую концентрацию зеленых частиц?,B,B,B,3,True
MMBench-ru,base,1266,Какой из этих вариантов является правильным названием для этого изображения?,D,D,D,4,True
MMBench-ru,base,3359,"Какая работа, скорее всего, у человека на изображении?",C,C,C,4,True
MMBench-ru,base,1672,Какой может быть взаимоотношение этих людей на изображении?,A,C,C,4,False
MMBench-ru,base,1336,Как называется показанная колония?,A,C,C,4,False
MMBench-ru,base,1648,"Можете определить время года, когда был сделан этот снимок?",D,D,D,4,True
MMBench-ru,base,2855,Кто это человек?,A,D,D,4,False
MMBench-ru,base,1211,"Объект, показанный на этой фигуре:",B,A,A,4,False
MMBench-ru,base,2270,Какой из этих штатов находится дальше всего на восток?,A,A,A,4,True
MMBench-ru,base,521,Какова главная тема изображения?,B,C,C,4,False
MMBench-ru,base,785,К какой категории относится это изображение?,C,C,C,4,True
MMBench-ru,base,1722,Какое настроение передает это изображение?,B,B,B,4,True
MMBench-ru,base,2723,Какое настроение передает это изображение?,C,C,C,4,True
MMBench-ru,base,3530,Какого цвета этот объект?,D,D,D,4,True
MMBench-ru,base,2774,Какое настроение передает это изображение?,D,B,B,4,False
MMBench-ru,base,3064,Какое человеческое поведение описано на этой картинке?,D,D,D,4,True
MMBench-ru,base,712,Какая профессия у людей на этой картине?,B,B,B,4,True
MMBench-ru,base,2521,"Если жидкость на картинке содержит только один растворённый элемент, что, скорее всего, это за элемент?",B,D,D,4,False
MMBench-ru,base,2331,Какое чувство изображено на этой картинке?,D,D,D,4,True
MMBench-ru,base,1232,Что произойдет дальше?,A,D,D,4,False
MMBench-ru,base,1663,Какой тип погоды изображен на картинке?,B,B,B,4,True
MMBench-ru,base,2244,Какая из этих подписей правильно описывает это изображение?,D,D,D,4,True
MMBench-ru,base,1,Из какого материала сделана эта лопатка?,A,A,A,2,True
MMBench-ru,base,1244,Какая подпись к этому изображению верная?,D,D,D,4,True
MMBench-ru,base,1175,Два банана одного размера?,C,B,B,3,False
MMBench-ru,base,3362,Какова основная тема изображения?,A,B,B,4,False
MMBench-ru,base,3370,Какой вариант правильно описывает взаимоотношение объектов на изображении?,D,D,D,4,True
MMBench-ru,base,3218,"Что могут обменять Дженни и Оливия, чтобы каждая получила то, что она хочет?",D,D,D,4,True
MMBench-ru,base,2375,Какой вариант показывает территорию Македонии?,B,D,D,4,False
MMBench-ru,base,3644,В каком углу нет ни одной тарелки?,C,A,A,4,False
MMBench-ru,base,2681,Какого цвета этот объект?,B,B,B,4,True
MMBench-ru,base,1319,"Исходя из изображения, чем можно предположить, что занимается мужчина?",A,D,D,4,False
MMBench-ru,base,1904,Какова функция продемонстрированного объекта?,B,A,A,4,False
MMBench-ru,base,3386,Какое из следующих утверждений соответствует изображению?,A,A,A,4,True
MMBench-ru,base,1811,что это за достопримечательность? и где она находится?,B,B,B,4,True
MMBench-ru,base,2767,С какой стороны надкушен пончик?,C,D,D,4,False
MMBench-ru,base,3534,Какое настроение передает это изображение?,B,D,D,4,False
MMBench-ru,base,2093,Какой тип человеческого поведения описывает эта картинка?,C,D,D,4,False
MMBench-ru,base,1938,Какова функция продемонстрированного объекта?,B,B,B,4,True
MMBench-ru,base,3014,Какова связь между этими двумя существами в природе?,D,D,D,4,True
MMBench-ru,base,695,Какая профессия у людей на этой фотографии?,B,B,B,4,True
MMBench-ru,base,2698,Какое настроение передает это изображение?,A,A,A,4,True
MMBench-ru,base,347,Какое движение хочет передать это изображение?,D,C,C,4,False
MMBench-ru,base,1162,"На этом сравнительном изображении, верхний и нижний модули одного цвета?",C,B,B,3,False
MMBench-ru,base,2111,Диваны на картинке одного цвета?,A,A,A,3,True
MMBench-ru,base,2719,Какое настроение передает это изображение?,C,C,C,4,True
MMBench-ru,base,2592,Какой тип погоды изображён на картинке?,A,C,C,4,False
MMBench-ru,base,3478,"Можете ли вы определить, в какое время года была сделана эта фотография?",A,A,A,4,True
MMBench-ru,base,1372,Какую эмоцию изображает это изображение?,C,B,B,4,False
MMBench-ru,base,3542,Какое настроение передает это изображение?,B,B,B,4,True
MMBench-ru,base,3076,Какой вариант является правильной подписью к этому изображению?,A,A,A,4,True
MMBench-ru,base,962,В каком направлении Чили от Уругвая?,C,A,A,4,False
MMBench-ru,base,2755,Что это за достопримечательность? И где она находится?,B,B,B,4,True
MMBench-ru,base,1271,Какой вариант правильно описывает это изображение?,B,A,A,4,False
MMBench-ru,base,3625,В каком углу сок?,C,D,D,4,False
MMBench-ru,base,815,"Объект, показанный на этой фигуре:",A,A,A,4,True
MMBench-ru,base,603,Каковы могут быть отношения между двумя людьми на этом изображении?,A,A,A,4,True
MMBench-ru,base,100,Какое утверждение описывает экосистему Большой пустыни Виктория?,B,B,B,2,True
MMBench-ru,base,189,Какой из вариантов правильно описывает это изображение?,A,A,A,4,True
MMBench-ru,base,3798,Какой из следующих подписей лучше всего описывает это изображение?,D,D,D,4,True
MMBench-ru,base,3650,В каком направлении стоит человек?,D,D,D,4,True
MMBench-ru,base,2503,Какими отношениями связаны люди на изображении?,B,D,D,4,False
MMBench-ru,base,3785,Какой из следующих подписей лучше всего описывает это изображение?,D,D,D,4,True
MMBench-ru,base,298,Какая эмоция изображена на этом изображении?,A,A,A,4,True
MMBench-ru,base,1865,Какой стиль изображен на этом изображении?,A,D,D,4,False
MMBench-ru,base,1697,Какую форму имеет этот объект?,D,A,A,4,False
MMBench-ru,base,2579,"Исходя из изображения, какова взаимосвязь между белой лошадью и черной лошадью?",C,D,D,4,False
MMBench-ru,base,2357,Международная организация состоит из членов (). которые (),D,D,D,4,True
MMBench-ru,base,796,К какой категории относится это изображение?,A,A,A,4,True
MMBench-ru,base,3516,Каковы могут быть отношения между двумя людьми на этом изображении?,D,D,D,4,True
MMBench-ru,base,2852,Какова функция продемонстрированного объекта?,B,B,B,4,True
MMBench-ru,base,1572,Какова основная тема изображения?,C,D,D,4,False
MMBench-ru,base,2024,Какой из следующих подписей лучше всего описывает это изображение?,D,D,D,4,True
MMBench-ru,base,1636,Какой тип погоды изображен на картинке?,D,B,B,4,False
MMBench-ru,base,999,"В природе, какие отношения существуют между этими двумя существами?",B,B,B,4,True
MMBench-ru,base,604,Каковы могут быть отношения между двумя главными персонажами на этом изображении?,A,A,A,4,True
MMBench-ru,base,2687,Какой неприятный исход на этом изображении?,A,D,D,4,False
MMBench-ru,base,2816,К какой категории относится это изображение?,D,A,A,4,False
MMBench-ru,base,22,Какое изображение более красочное?,A,B,B,2,False
MMBench-ru,base,3713,Какова функция продемонстрированного объекта?,B,D,D,4,False
MMBench-ru,base,3154,"Основываясь на изображении, в чем одно из преимуществ тренировки на скейтборде в помещении по сравнению с катанием на улице?",D,D,D,4,True
MMBench-ru,base,436,Какой категории сцены лучше всего соответствует это изображение?,C,C,C,4,True
MMBench-ru,base,1741,Какое отношение могут иметь друг к другу эти люди на изображении?,B,D,D,4,False
MMBench-ru,base,896,"Площадь какой фигуры можно рассчитать, используя формулу, показанную на этом изображении?",C,A,A,4,False
MMBench-ru,base,720,Какое настроение передает это изображение?,C,C,C,4,True
MMBench-ru,base,2850,"Объект, показанный на этой фигуре:",C,B,B,4,False
MMBench-ru,base,2121,На этом сравнительном изображении левый и правый модули одного цвета?,C,C,C,3,True
MMBench-ru,base,1902,Какова функция продемонстрированного объекта?,B,D,D,4,False
MMBench-ru,base,3502,Какое отношение эти люди могут иметь друг к другу на этой картинке?,A,A,A,4,True
MMBench-ru,base,2283,Какой из этих штатов находится дальше всего на восток?,C,A,A,4,False
MMBench-ru,base,1020,Какое человеческое поведение описывает эта картина?,A,A,A,4,True
MMBench-ru,base,497,Как называется этот город?,A,A,A,4,True
MMBench-ru,base,1869,В каком стиле выполнена эта картина?,A,C,C,4,False
MMBench-ru,base,546,Как называется этот университет?,A,C,C,4,False
MMBench-ru,base,1903,Какова функция демонстрируемого объекта?,B,B,B,4,True
MMBench-ru,base,2734,Кто этот человек?,C,A,A,4,False
MMBench-ru,base,3497,Каковы могут быть отношения между двумя людьми на этом изображении?,B,A,A,4,False
MMBench-ru,base,2289,"Исходя из изображения, что способствует беспорядку и неорганизованному виду в углу кухни?",D,A,A,4,False
MMBench-ru,base,2438,Извлеките текст из изображения.,A,D,D,4,False
MMBench-ru,base,1299,"Основываясь на изображении, какова цель использования зонтика человеком, который идет под дождем?",D,D,D,4,True
MMBench-ru,base,3640,К какой категории относится это изображение?,D,D,D,4,True
MMBench-ru,base,1812,где находится собака?,A,B,B,4,False
MMBench-ru,base,2509,Какое изображение показывает наибольший контраст?,C,A,A,4,False
MMBench-ru,base,3272,Сколько самолётов видно на этой картинке?,B,D,D,4,False
MMBench-ru,base,2067,Какой тип человеческого поведения описывается на этой картинке?,B,B,B,4,True
MMBench-ru,base,1747,Какая профессия у людей на этой картинке?,A,A,A,4,True
MMBench-ru,base,3235,Где на картинке находится женщина?,A,B,B,4,False
MMBench-ru,base,1826,К какой категории относится это изображение?,C,D,D,4,False
MMBench-ru,base,651,Какое настроение передает это изображение?,C,D,D,4,False
MMBench-ru,base,3046,Какое поведение человека описывает эта картина?,A,A,A,4,True
MMBench-ru,base,1944,Какой код на Python может сгенерировать содержимое изображения?,B,D,D,4,False
MMBench-ru,base,1843,К какой категории относится это изображение?,B,B,B,4,True
MMBench-ru,base,1061,Какое человеческое поведение описывает эта картинка?,A,A,A,4,True
MMBench-ru,base,3456,Какой тип погоды изображен на картинке?,A,A,A,4,True
MMBench-ru,base,1012,Каковы взаимоотношения между этими двумя существами в природе?,A,D,D,4,False
MMBench-ru,base,2611,"Можете ли вы определить, в какое время года была сделана эта фотография?",B,B,B,4,True
MMBench-ru,base,1135,Какова природа взаимоотношений этих животных?,C,A,A,3,False
MMBench-ru,base,3897,Какое человеческое поведение описывает эта картина?,D,D,D,4,True
MMBench-ru,base,2135,На этой картинке два попугая одного цвета?,A,A,A,3,True
MMBench-ru,base,1984,В каком направлении находится Канада в Атлантическом океане?,D,B,B,4,False
MMBench-ru,base,2567,Какой вариант правильно описывает отношение объектов на изображении?,D,B,B,4,False
MMBench-ru,base,979,Какой из следующих подписей лучше всего описывает это изображение?,C,C,C,4,True
MMBench-ru,base,1124,"Исходя из временной шкалы, какое событие происходит после того, как Джеймс Маршалл обнаруживает золото и до того, как золото становится труднее находить?",B,B,B,2,True
MMBench-ru,base,1801,Какой это памятник и где он находится?,B,B,B,4,True
MMBench-ru,base,317,Какую эмоцию изображает эта картинка?,B,B,B,4,True
MMBench-ru,base,2922,Для чего может использоваться формула на этом изображении?,D,D,D,4,True
MMBench-ru,base,1170,Что из перечисленного могло показать испытание Девина?,B,B,B,2,True
MMBench-ru,base,960,В каком направлении находится Китай от Монголии?,B,A,A,4,False
MMBench-ru,base,1112,Какое изображение более яркое?,B,B,B,2,True
MMBench-ru,base,1375,Какой художественный стиль представлен на этом изображении?,C,D,D,4,False
MMBench-ru,base,1309,"Основываясь на изображении, какой аспект внешности женщины больше всего способствует впечатлению игривости?",C,D,D,4,False
MMBench-ru,base,2212,"Объект, показанный на этом рисунке:",A,A,A,4,True
MMBench-ru,base,330,Какое чувство изображено на этом изображении?,D,D,D,4,True
MMBench-ru,base,3744,Какой особенный день связан с этим постером?,B,D,D,4,False
MMBench-ru,base,617,Какой тип окружения изображён на картинке?,B,B,B,4,True
MMBench-ru,base,947,В каком направлении находится Туркменистан от Кыргызстана?,C,A,A,4,False
MMBench-ru,base,1568,Какова функция продемонстрированного объекта?,B,A,A,4,False
MMBench-ru,base,2842,Какой стиль изображен на этом изображении?,B,A,A,4,False
MMBench-ru,base,625,Какими могут быть отношения между двумя главными людьми на этом изображении?,A,A,A,4,True
MMBench-ru,base,2893,Какова функция демонстрируемого объекта?,D,TRB,B,4,False
MMBench-ru,base,876,Площадь какой фигуры можно вычислить с помощью формулы на этой картинке?,A,TRAPEZIA,A,4,True
MMBench-ru,base,263,"Основываясь на изображении, какие факторы должны учесть люди с досками для серфинга перед тем, как заняться своей деятельностью на пляже?",A,affez affez affez affez,A,4,True
MMBench-ru,base,1699,Какого цвета этот объект?,A,TRАНАМ,,4,False
MMBench-ru,base,1669,Каковы могут быть отношения между двумя людьми на этом изображении?,C,TRUTH,,4,False
MMBench-ru,base,1355,Какое чувство изображено на этой картинке?,B,TRB,B,4,True
MMBench-ru,base,2222,Какой из вариантов является правильным описанием этого изображения?,B,TRU UN A VER,A,4,False
MMBench-ru,base,1908,Какова функция демонстрируемого объекта?,C,TRUMPT,,4,False
MMBench-ru,base,1703,Какое настроение передает это изображение?,B,B,B,4,True
MMBench-ru,base,255,"Объект, показанный на этом рисунке:",D,A,A,4,False
MMBench-ru,base,847,"Объект, показанный на этом рисунке:",A,D,D,4,False
MMBench-ru,base,1720,Какую форму имеет этот объект?,A,D,D,4,False
MMBench-ru,base,1595,"На изображении показана сцена химического эксперимента. Пожалуйста, выберите сырьевые материалы, которые могут использоваться в этом эксперименте.",C,B,B,4,False
MMBench-ru,base,3501,Какова может быть взаимосвязь этих людей на изображении?,D,Б. Коллеги,,4,False
MMBench-ru,base,2848,В каком стиле выполнена эта картина?,B,C,C,4,False
MMBench-ru,base,80,"Судя по цепочке событий, когда Тинкер Белл была отравлена?",B,B,B,2,True
MMBench-ru,base,2358,Какой художественный стиль изображен на картинке?,C,C,C,4,True
MMBench-ru,base,1558,Где это находится?,B,D,D,4,False
MMBench-ru,base,1953,"Какая формула имеет тот же результат вычисления, что и формула на рисунке?",A,D,D,4,False
MMBench-ru,base,24,Какая изображение более красочная?,A,B,B,2,False
MMBench-ru,base,1440,Какой обозначение показывает территорию Македонии?,A,C,C,4,False
MMBench-ru,base,1223,"Объект, показанный на этом рисунке:",D,B,B,4,False
MMBench-ru,base,3541,Какое настроение передает это изображение?,D,D,D,4,True
MMBench-ru,base,1597,Что верно?,B,B,B,4,True
MMBench-ru,base,1716,Какое настроение передаёт это изображение?,A,B,B,4,False
MMBench-ru,base,2204,"На основе изображения, где находится мальчик?",A,A,A,4,True
MMBench-ru,base,3061,Какой из этих подписей правильно описывает изображение?,D,D,D,4,True
MMBench-ru,base,3009,Какое взаимодействие характерно для этих двух существ в природе?,B,B,B,4,True
MMBench-ru,base,2236,Какая подпись к этому изображению правильная?,B,B,B,4,True
MMBench-ru,base,2470,Какое изображение показывает наибольшую четкость?,C,D,D,4,False
MMBench-ru,base,903,Какая из следующих подписей лучше всего описывает это изображение?,A,A,A,4,True
MMBench-ru,base,1999,В каком направлении находится Италия в Средиземном море?,A,A,A,4,True
MMBench-ru,base,3763,"Объем какого объекта можно вычислить, используя формулу на рисунке?",B,D,D,4,False
MMBench-ru,base,1117,Какой термин соответствует изображению?,B,B,B,2,True
MMBench-ru,base,1785,Кто этот человек?,C,D,D,4,False
MMBench-ru,base,3536,"Согласно тексту, что из следующего делало миграцию странствующего голубя особенным событием?",C,B,B,4,False
MMBench-ru,base,118,"На изображении два объекта, сложенные из кубов. Они одинаковой формы?",B,A,A,3,False
MMBench-ru,base,1592,Где это находится?,B,D,D,4,False
MMBench-ru,base,1376,Какое чувство изображено на этой картинке?,C,C,C,4,True
MMBench-ru,base,2739,Какая профессия у людей на этой картинке?,A,A,A,4,True
MMBench-ru,base,2781,В каком углу нет тарелок?,B,D,D,4,False
MMBench-ru,base,1656,Какой тип окружения изображен на картинке?,A,A,A,4,True
MMBench-ru,base,2966,В каком направлении находится Чили от Уругвая?,A,A,A,4,True
MMBench-ru,base,3648,что это за достопримечательность? и где она находится?,D,D,D,4,True
MMBench-ru,base,1914,Что означает этот знак?,D,D,D,4,True
MMBench-ru,base,3369,Где это?,B,B,B,4,True
MMBench-ru,base,2548,Какая основная тема изображения?,D,D,D,4,True
MMBench-ru,base,3800,В каком направлении от Средиземного моря находится Франция?,C,D,D,4,False
MMBench-ru,base,110,Одинакового ли размера два банана?,B,B,B,3,True
MMBench-ru,base,1613,Где это находится?,B,C,C,4,False
MMBench-ru,base,2424,"На изображении, в каком направлении смотрит этот человек?",C,D,D,4,False
MMBench-ru,base,2311,"На основе изображения, какие эмоции может вызвать у зрителей образ пожилого мужчины, сидящего на скамейке?",C,D,D,4,False
MMBench-ru,base,2715,Какая профессия у людей на этой картинке?,D,D,D,4,True
MMBench-ru,base,111,Какой тип породы представляет собой сланец?,C,B,B,3,False
MMBench-ru,base,343,Какое действие выполняется на этом изображении?,B,B,B,4,True
MMBench-ru,base,2632,Как могут быть связаны два человека на этой фотографии?,D,D,D,4,True
MMBench-ru,base,1755,Какова профессия людей на этой картинке?,D,D,D,4,True
MMBench-ru,base,555,Что правильно?,C,C,C,4,True
MMBench-ru,base,1891,Какова функция продемонстрированного объекта?,D,A,A,4,False
MMBench-ru,base,744,Какова профессия людей на этой фотографии?,A,A,A,4,True
MMBench-ru,base,3168,Какую эмоцию изображает данное изображение?,D,B,B,4,False
MMBench-ru,base,1065,Какая картинка более яркая?,B,B,B,2,True
MMBench-ru,base,3243,Примерно какую часть изображения занимает автобус на картинке?,B,A,A,4,False
MMBench-ru,base,1340,Какой континент выделен?,A,B,B,4,False
MMBench-ru,base,866,Какой код на Python может сгенерировать содержимое изображения?,B,D,D,4,False
MMBench-ru,base,1862,Какой стиль изображен на этом изображении?,C,D,D,4,False
MMBench-ru,base,1338,"Основываясь на изображении, какое значение для мальчика может иметь объятие с огромным плюшевым мишкой?",B,D,D,4,False
MMBench-ru,base,1382,"Какая буква обозначает территорию, контролируемую древней цивилизацией Майя?",C,A,A,4,False
MMBench-ru,base,3055,Какой код на Python может сгенерировать содержимое изображения?,D,D,D,4,True
MMBench-ru,base,3874,Каковы взаимоотношения между этими двумя существами в природе?,D,C,C,4,False
MMBench-ru,base,1726,Какого цвета этот объект?,C,C,C,4,True
MMBench-ru,base,1033,Какое человеческое поведение описывает эта картинка?,C,A,A,4,False
MMBench-ru,base,3477,Каковы могут быть отношения между двумя людьми на этом изображении?,D,C,C,4,False
MMBench-ru,base,1926,Что хочет выразить эта картинка?,C,C,C,4,True
MMBench-ru,base,3674,К какой категории относится это изображение?,D,D,D,4,True
MMBench-ru,base,3681,Какой стиль изображен на этой картине?,D,B,B,4,False
MMBench-ru,base,213,Какой из этих вариантов является правильной подписью к этому изображению?,C,A,A,4,False
MMBench-ru,base,1433,Примерно какую часть фотографии занимает человек на изображении?,B,C,C,4,False
MMBench-ru,base,918,Какой из следующих подписей лучше всего описывает данное изображение?,C,C,C,4,True
MMBench-ru,base,2662,Какова форма этого объекта?,A,A,A,4,True
MMBench-ru,base,3442,Какое главное событие на этом изображении?,B,A,A,4,False
MMBench-ru,base,2669,Какой формы этот объект?,B,D,D,4,False
MMBench-ru,base,164,Что произойдёт дальше?,C,D,D,4,False
MMBench-ru,base,127,Два стула на картинке одного цвета?,B,B,B,3,True
MMBench-ru,base,3142,"Основываясь на изображении, какова возможная причина почти пустой миски?",D,D,D,4,True
MMBench-ru,base,816,В каком стиле выполнена эта картина?,D,B,B,4,False
MMBench-ru,base,83,Каковы природные взаимоотношения этих животных?,B,A,A,3,False
MMBench-ru,base,3786,Какой из следующих подписей лучше всего описывает это изображение?,D,D,D,4,True
MMBench-ru,base,624,Какую связь могут иметь два человека на этом изображении?,C,B,B,4,False
MMBench-ru,base,3465,"Можете определить, в каком сезоне была сделана эта фотография?",C,C,C,4,True
MMBench-ru,base,517,Показанный на рисунке газ:,A,A,A,4,True
MMBench-ru,base,1939,Площадь какой фигуры можно вычислить с помощью формулы на этом изображении?,C,B,B,4,False
MMBench-ru,base,2742,Какое настроение передает это изображение?,A,A,A,4,True
MMBench-ru,base,468,Какой категории сцены лучше всего соответствует это изображение?,C,B,B,4,False
MMBench-ru,base,2310,"Основываясь на описании, как люди на изображении взаимодействуют с игрой?",C,D,D,4,False
MMBench-ru,base,892,"Объем какого предмета можно рассчитать, используя формулу на рисунке?",B,A,A,4,False
MMBench-ru,base,3224,Какого цвета этот маленький блестящий цилиндр?,C,B,B,4,False
MMBench-ru,base,2865,Какова функция продемонстрированного предмета?,C,A,A,4,False
MMBench-ru,base,1049,"Основываясь на таблице, что изобрела Рут Хэндлер?",A,A,A,2,True
MMBench-ru,base,1510,Какая категория сцены лучше всего соответствует этому изображению?,C,C,C,4,True
MMBench-ru,base,687,Какое настроение передает это изображение?,A,A,A,4,True
MMBench-ru,base,2481,Какое изображение показывает наибольший контраст?,D,D,D,4,True
MMBench-ru,base,2487,Какова связь между людьми на изображении?,C,C,C,4,True
MMBench-ru,base,3187,Какая эмоция изображена на этом изображении?,A,A,A,4,True
MMBench-ru,base,3717,Какова функция демонстрируемого объекта?,A,A,A,4,True
MMBench-ru,base,670,Какое настроение передает это изображение?,B,B,B,4,True
MMBench-ru,base,1274,"На основании изображения, какова может быть основная причина, по которой человек на картинке использует черный зонтик?",C,A,A,4,False
MMBench-ru,base,3329,"Какой текст может быть связан с этим изображением, размещённым в Твиттере?",D,A,A,4,False
MMBench-ru,base,2370,Определите художественный стиль этого изображения.,B,B,B,4,True
MMBench-ru,base,105,Обручи на картинке одного размера?,A,C,C,3,False
MMBench-ru,base,1277,"Исходя из изображения, какова может быть цель металлической конструкции вокруг двухэтажного автобуса?",B,D,D,4,False
MMBench-ru,base,3101,Какой из вариантов является правильным описанием этого изображения?,D,D,D,4,True
MMBench-ru,base,3242,Какой художественный стиль представлен на этом изображении?,A,A,A,4,True
MMBench-ru,base,1537,Какая категория сцены лучше всего соответствует этому изображению?,D,D,D,4,True
MMBench-ru,base,1624,Где это находится?,A,A,A,4,True
MMBench-ru,base,2928,Какой код на Python может сгенерировать содержимое изображения?,C,D,D,4,False
MMBench-ru,base,812,Сколько яблок на изображении? И сколько бананов на изображении?,D,D,D,4,True
MMBench-ru,base,311,"Основываясь на изображении, какова возможная цель данного места?",A,A,A,4,True
MMBench-ru,base,2425,Какое движение хочет передать это изображение?,D,D,D,4,True
MMBench-ru,base,2828,К какой категории относится это изображение?,C,C,C,4,True
MMBench-ru,base,2569,Как называется это место?,C,C,C,4,True
MMBench-ru,base,994,Какое человеческое поведение описано на этой картинке?,B,B,B,4,True
MMBench-ru,base,417,Что изображено на этой картинке?,D,D,D,4,True
MMBench-ru,base,3250,"Что могут обменять Маккензи и Зейн, чтобы каждый из них получил то, что он хочет?",D,D,D,4,True
MMBench-ru,base,1235,Какая подпись правильно описывает это изображение?,C,C,C,4,True
MMBench-ru,base,2802,Что это за достопримечательность и где она находится?,D,D,D,4,True
MMBench-ru,base,2459,Кто изображен на этом фото?,D,C,C,4,False
MMBench-ru,base,3627,что это за достопримечательность? и где это находится?,C,C,C,4,True
MMBench-ru,base,2318,"Судя по изображению, в чем люди на пляже находят радость, несмотря на пасмурную погоду?",C,D,D,4,False
MMBench-ru,base,168,"Объект, показанный на этой фигуре:",C,A,A,4,False
MMBench-ru,base,1422,На картинке в каком направлении смотрит мужчина?,C,C,C,4,True
MMBench-ru,base,2182,Какой из следующих вариантов является правильным описанием изображения?,D,D,D,4,True
MMBench-ru,base,3750,Какое действие с дробями представлено этой формулой?,C,C,C,4,True
MMBench-ru,base,2709,Какое настроение передает это изображение?,A,D,D,4,False
MMBench-ru,base,1517,Какой категории сцены лучше всего соответствует это изображение?,C,C,C,4,True
MMBench-ru,base,282,"Глядя на изображение, что может сказать о взаимоотношениях мужчины и его маленькой черной собаки в шляпе?",A,A,A,4,True
MMBench-ru,base,3446,Какой тип окружения изображен на картинке?,C,C,C,4,True
MMBench-ru,base,2652,"Основываясь на изображении, где находится ноутбук?",D,D,D,4,True
MMBench-ru,base,1397,Какое движение хочет передать это изображение?,D,D,D,4,True
MMBench-ru,base,51,Описывает ли этот отрывок погоду или климат?,A,B,B,2,False
MMBench-ru,base,3106,Какое из следующих действий будет наименее ожидаемым поведением для женщины в дождливую погоду?,B,D,D,4,False
MMBench-ru,base,2007,Какая из следующих подписей лучше всего описывает это изображение?,A,A,A,4,True
MMBench-ru,base,432,Какое изображение показывает самый высокий контраст?,A,A,A,4,True
MMBench-ru,base,1775,Кто этот человек?,D,D,D,4,True
MMBench-ru,base,1483,Какая из изображений показывает наибольшую контрастность?,A,D,D,4,False
MMBench-ru,base,3816,В каком направлении находится Китай от Кыргызстана?,D,D,D,4,True
MMBench-ru,base,1883,Какова функция продемонстрированного объекта?,D,D,D,4,True
MMBench-ru,base,2897,С каким особым днем связан этот плакат?,A,B,B,4,False
MMBench-ru,base,3685,"Объект, показанный на этой фигуре:",D,D,D,4,True
MMBench-ru,base,1783,Что это?,A,C,C,4,False
MMBench-ru,base,721,Какой тип окружающей среды изображён на картинке?,D,D,D,4,True
MMBench-ru,base,2137,На этом изображении две помады одного цвета?,A,C,C,3,False
MMBench-ru,base,2664,Какого цвета этот объект?,B,B,B,4,True
MMBench-ru,base,1106,Какой раствор имеет более высокую концентрацию розовых частиц?,A,C,C,3,False
MMBench-ru,base,2522,Какой вариант правильно описывает взаиморасположение объектов на изображении?,C,A,A,4,False
MMBench-ru,base,3092,Какой из вариантов является правильным описанием этого изображения?,D,D,D,4,True
MMBench-ru,base,1980,В каком направлении находится Румыния от Средиземного моря?,D,A,A,4,False
MMBench-ru,base,3021,Какова взаимосвязь между этими двумя существами в природе?,D,D,D,4,True
MMBench-ru,base,1784,В каком углу нет никаких тарелок?,D,D,D,4,True
MMBench-ru,base,2426,"Что могут обменять Дуэйн и Маделин, чтобы каждый получил то, что он хочет?",C,A,A,4,False
MMBench-ru,base,1099,Какой из следующих ископаемых моложе? Выберите наиболее вероятный ответ.,A,A,A,2,True
MMBench-ru,base,1320,Как называется показанная колония?,D,B,B,4,False
MMBench-ru,base,1005,"В природе, какое отношение между этими двумя существами?",D,D,D,4,True
MMBench-ru,base,354,Какое действие выполняется на этом изображении?,C,C,C,4,True
MMBench-ru,base,1142,Каковы природные взаимоотношения этих животных?,A,A,A,3,True
MMBench-ru,base,1846,К какой категории относится это изображение?,C,D,D,4,False
MMBench-ru,base,998,Какое человеческое поведение описывает эта картинка?,D,A,A,4,False
MMBench-ru,base,3162,"Основываясь на изображении, чему способствуют большая джакузи и мраморные столешницы в ванной комнате?",D,A,A,4,False
MMBench-ru,base,2334,"Определите эмоцию, выраженную на этом изображении.",C,C,C,4,True
MMBench-ru,base,2499,Какова связь между людьми на изображении?,A,"А. друзья
В",,4,False
MMBench-ru,base,2736,Какова профессия людей на этом изображении?,D,D,D,4,True
MMBench-ru,base,3049,Какой из вариантов является правильной подписью к этому изображению?,C,C,C,4,True
MMBench-ru,base,1377,Этот образец соответствует какому стилю?,B,B,B,4,True
MMBench-ru,base,117,"На этой картинке, двое людей стоят на одной высоте?",B,A,A,3,False
MMBench-ru,base,3184,Международная организация состоит из членов () которые ().,A,D,D,4,False
MMBench-ru,base,1331,Какая из подписей к этому изображению является правильной?,D,D,D,4,True
MMBench-ru,base,3058,Какая из подписей правильно описывает это изображение?,A,A,A,4,True
MMBench-ru,base,1997,Какое из следующих описаний лучше всего подходит к этому изображению?,D,D,D,4,True
MMBench-ru,base,868,Какой особенный день связан с этим постером?,B,B,B,4,True
MMBench-ru,base,1453,"Какой текст может быть связан с этим изображением, опубликованным в Twitter?",B,D,D,4,False
MMBench-ru,base,1058,Это место переполнено?,B,А,,2,False
MMBench-ru,base,1394,Какое чувство изображено на этой картинке?,A,A,A,4,True
MMBench-ru,base,1145,На этом эскизе объекты одинакового размера и формы?,C,B,B,3,False
MMBench-ru,base,2441,Что изображено на этой картинке?,C,A,A,4,False
MMBench-ru,base,3330,На каком изображении показан самый высокий контраст?,D,A,A,4,False
MMBench-ru,base,1131,Каковы природные отношения между этими животными?,C,C,C,3,True
MMBench-ru,base,3518,Какова форма этого объекта?,D,D,D,4,True
MMBench-ru,base,41,Пластик является минералом?,B,B,B,2,True
MMBench-ru,base,2116,Какой из следующих подписей лучше всего описывает это изображение?,D,D,D,4,True
MMBench-ru,base,782,К какой категории относится это изображение?,D,D,D,4,True
MMBench-ru,base,3661,Сколько здесь собак?,A,C,C,4,False
MMBench-ru,base,988,"В природе, какова взаимоотношения между этими двумя существами?",D,D,D,4,True
MMBench-ru,base,3354,Какое отношение между людьми на изображении?,C,D,D,4,False
MMBench-ru,base,3403,Как называется эта река?,A,B,B,4,False
MMBench-ru,base,2274,Какой из вариантов является правильным описанием этого изображения?,A,D,D,4,False
MMBench-ru,base,984,Какая взаимосвязь между этими двумя существами в природе?,A,D,D,4,False
MMBench-ru,base,2998,В каком направлении находится Туркменистан от Ирана?,B,A,A,4,False
MMBench-ru,base,1950,Какой из следующих заголовков лучше всего описывает это изображение?,A,D,D,4,False
MMBench-ru,base,2645,Какова может быть связь между двумя людьми на этом изображении?,A,D,D,4,False
MMBench-ru,base,2915,Какова наиболее вероятная цель этого плаката?,D,D,D,4,True
MMBench-ru,base,2010,В каком направлении находится Северная Корея от Южной Кореи?,A,A,A,4,True
MMBench-ru,base,1835,Где находится велосипед?,B,D,D,4,False
MMBench-ru,base,70,Какой термин соответствует картинке?,B,B,B,2,True
MMBench-ru,base,381,Какое движение хочет передать это изображение?,C,C,C,4,True
MMBench-ru,base,1205,Почему кенгуру называют боксерами?,B,A,A,3,False
MMBench-ru,base,907,Какая из следующих подписей лучше всего описывает это изображение?,D,D,D,4,True
MMBench-ru,base,3206,Какое действие выполняется на этом изображении?,A,C,C,4,False
MMBench-ru,base,2833,В каком стиле выполнена эта картина?,D,D,D,4,True
MMBench-ru,tuned,2619,Какая погода изображена на картинке?,C,C,C,4,True
MMBench-ru,tuned,456,Какое изображение имеет наибольшую резкость?,D,D,D,4,True
MMBench-ru,tuned,102,"На этом сравнительном изображении, верхний и нижний модули одного цвета?",B,B,B,3,True
MMBench-ru,tuned,3037,Какая подпись правильно описывает это изображение?,A,A,A,4,True
MMBench-ru,tuned,1126,"Что может показать тест, проведенный Лаурой и Изабеллой?",A,A,A,2,True
MMBench-ru,tuned,1003,"В природе, какая взаимосвязь между этими двумя существами?",B,B,B,4,True
MMBench-ru,tuned,914,В каком направлении от Средиземного моря находится Германия?,D,A,A,4,False
MMBench-ru,tuned,571,На картине изображен горный ландшафт или прибрежный?,B,B,B,4,True
MMBench-ru,tuned,3016,Какова природа отношений между этими двумя существами?,C,B,B,4,False
MMBench-ru,tuned,419,"Какой текст может быть связан с этим изображением, размещенным в Twitter?",A,A,A,4,True
MMBench-ru,tuned,2771,Кто этот человек?,B,D,D,4,False
MMBench-ru,tuned,3033,Какая подпись к этому изображению является правильной?,D,D,D,4,True
MMBench-ru,tuned,3654,Где находится велосипед?,D,B,B,4,False
MMBench-ru,tuned,2233,Какой из этих вариантов - правильный заголовок для этого изображения?,B,D,D,4,False
MMBench-ru,tuned,356,Какое действие выполняется на этом изображении?,C,B,B,4,False
MMBench-ru,tuned,2418,"Что могут обменять Дженни и Оливия, чтобы обе получили то, что хотят?",C,C,C,4,True
MMBench-ru,tuned,1728,Какое настроение передает это изображение?,B,D,D,4,False
MMBench-ru,tuned,130,"Исходя из изображения, где находится мальчик?",B,B,B,4,True
MMBench-ru,tuned,122,"На этом изображении, два дельфина одинакового размера?",B,A,A,3,False
MMBench-ru,tuned,383,"Какой текст может быть связан с этим изображением, размещенным в Twitter?",A,A,A,4,True
MMBench-ru,tuned,895,"Какая формула дает тот же результат, что и формула на рисунке?",D,C,C,4,False
MMBench-ru,tuned,952,В каком направлении находится Туркменистан от Ирана?,D,A,A,4,False
MMBench-ru,tuned,2069,Какое поведение человека описано на этой картинке?,B,B,B,4,True
MMBench-ru,tuned,2465,Кто изображён на этом фото?,A,B,B,4,False
MMBench-ru,tuned,108,Лошади на картинке одного размера?,B,B,B,3,True
MMBench-ru,tuned,2298,"Основываясь на изображении, что предполагает контраст между ярко-голубым скейтбордом и человеком, который его несет?",D,A,A,4,False
MMBench-ru,tuned,814,К какой категории относится это изображение?,C,C,C,4,True
MMBench-ru,tuned,2932,В каком направлении находится Италия в Средиземном море?,B,C,C,4,False
MMBench-ru,tuned,2661,Какие могут быть отношения между этими людьми на изображении?,C,C,C,4,True
MMBench-ru,tuned,2872,Какая операция с дробями представлена этой формулой?,B,B,B,4,True
MMBench-ru,tuned,2232,Какой из этих вариантов является правильным описанием этого изображения?,C,C,C,4,True
MMBench-ru,tuned,1718,Какой цвет у этого объекта?,D,D,D,4,True
MMBench-ru,tuned,902,Какой из следующих подписей лучше всего описывает это изображение?,C,C,C,4,True
MMBench-ru,tuned,1839,К какой категории относится это изображение?,B,B,B,4,True
MMBench-ru,tuned,2413,В каком направлении смотрит плюшевый мишка на картинке?,A,B,B,4,False
MMBench-ru,tuned,1139,Слева от маленького зеленого объекта находится большая металлическая вещь; какая у нее форма?,C,C,C,3,True
MMBench-ru,tuned,3315,Кто изображен на этом изображении?,B,B,B,4,True
MMBench-ru,tuned,3560,Какое настроение передает это изображение?,D,D,D,4,True
MMBench-ru,tuned,26,Это место переполнено?,B,B,B,2,True
MMBench-ru,tuned,3108,"Основываясь на изображении, какова может быть основная причина, по которой человек на картинке использует черный зонтик?",A,A,A,4,True
MMBench-ru,tuned,3300,Кто изображен на этом фото?,A,A,A,4,True
MMBench-ru,tuned,653,Какое настроение передает это изображение?,A,A,A,4,True
MMBench-ru,tuned,2859,Какова функция демонстрируемого объекта?,B,B,B,4,True
MMBench-ru,tuned,1731,Какое настроение передает это изображение?,B,B,B,4,True
MMBench-ru,tuned,1393,Какое действие выполняется на этом изображении?,A,A,A,4,True
MMBench-ru,tuned,1138,Подумайте о магнитной силе между магнитами в каждой паре. Какое из следующих утверждений верно?,B,C,C,3,False
MMBench-ru,tuned,636,Какого цвета этот объект?,D,D,D,4,True
MMBench-ru,tuned,881,Какова наиболее вероятная цель этого плаката?,D,D,D,4,True
MMBench-ru,tuned,3127,Какая столица Небраски?,A,C,C,4,False
MMBench-ru,tuned,1378,Какое действие выполняется на этом изображении?,D,D,D,4,True
MMBench-ru,tuned,418,Извлеките текст из изображения,A,D,D,4,False
MMBench-ru,tuned,379,"На картинке, в каком направлении смотрит плюшевый медведь?",C,D,D,4,False
MMBench-ru,tuned,1556,Где это?,D,D,D,4,True
MMBench-ru,tuned,396,Сколько самолётов видно на этом изображении?,C,C,C,4,True
MMBench-ru,tuned,1470,Кто изображён на этом снимке?,A,A,A,4,True
MMBench-ru,tuned,3471,Что за погода изображена на картинке?,D,D,D,4,True
MMBench-ru,tuned,1408,"Какого цвета другой маленький блестящий предмет той же формы, что и крошечный желтый блестящий объект?",C,C,C,4,True
MMBench-ru,tuned,2472,Кто изображен на этой фотографии?,B,B,B,4,True
MMBench-ru,tuned,1083,Какое человеческое поведение описывает эта картинка?,B,B,B,4,True
MMBench-ru,tuned,3305,На каком изображении показана наибольшая резкость?,B,A,A,4,False
MMBench-ru,tuned,177,Что произойдет дальше?,C,C,C,4,True
MMBench-ru,tuned,2988,Какая из следующих подписей лучше всего описывает это изображение?,C,C,C,4,True
MMBench-ru,tuned,1881,В каком стиле выполнена эта картина?,A,C,C,4,False
MMBench-ru,tuned,2196,"Объект, показанный на этой иллюстрации:",D,C,C,4,False
MMBench-ru,tuned,511,Какова функция демонстрируемого объекта?,A,D,D,4,False
MMBench-ru,tuned,3777,Какая из следующих подписей лучше всего описывает это изображение?,D,D,D,4,True
MMBench-ru,tuned,1550,Какова основная тема изображения?,B,C,C,4,False
MMBench-ru,tuned,322,Какая из следующих эмоций изображена на этом изображении?,A,B,B,4,False
MMBench-ru,tuned,2261,"По изображению, что можно сказать о пропавшем куске торта?",A,A,A,4,True
MMBench-ru,tuned,1200,Что произойдет дальше?,B,C,C,4,False
MMBench-ru,tuned,3397,Где это находится?,D,D,D,4,True
MMBench-ru,tuned,2574,Какая основная тема изображения?,A,C,C,4,False
MMBench-ru,tuned,2533,Какова функция продемонстрированного объекта?,C,C,C,4,True
MMBench-ru,tuned,3626,Сколько пончиков на картинке?,D,D,D,4,True
MMBench-ru,tuned,3529,Какого цвета этот объект?,C,C,C,4,True
MMBench-ru,tuned,1481,Кто изображен на этой фотографии?,C,C,C,4,True
MMBench-ru,tuned,2364,Какое действие выполняется на этом изображении?,D,D,D,4,True
MMBench-ru,tuned,787,Сколько яблок на изображении? И сколько бананов?,C,B,B,4,False
MMBench-ru,tuned,2885,Какой код на Python может сгенерировать содержимое изображения?,D,D,D,4,True
MMBench-ru,tuned,284,"Основываясь на изображении, что может означать наличие двух пицц, трех стаканов с напитками и столовых приборов о происходящем?",B,B,B,4,True
MMBench-ru,tuned,187,Какой из следующих вариантов является правильной подписью к этому изображению?,D,**D,D,4,True
MMBench-ru,tuned,2708,Какая профессия у людей на этой фотографии?,A,**A,A,4,True
MMBench-ru,tuned,933,Какой код на Python может генерировать содержимое изображения?,A,**C,C,4,False
MMBench-ru,tuned,3166,"Основываясь на изображении, какое значение может иметь для мальчика объятие с гигантским плюшевым медведем?",D,**D,D,4,True
MMBench-ru,tuned,1185,Что произойдет дальше?,C,**A,A,4,False
MMBench-ru,tuned,326,"Что могут обменять Дженни и Оливия, чтобы каждая из них получила то, что хочет?",A,D,D,4,False
MMBench-ru,tuned,3503,Каковы могут быть отношения этих людей на изображении?,C,**C,C,4,True
MMBench-ru,tuned,953,В каком направлении находится Китай относительно Кыргызстана?,A,**A,A,4,True
MMBench-ru,tuned,3549,Какое настроение передает это изображение?,D,D,D,4,True
MMBench-ru,tuned,413,Извлеките текст с изображения,A,A,A,4,True
MMBench-ru,tuned,3857,Какое отношение между этими двумя существами в природе?,C,C,C,4,True
MMBench-ru,tuned,3864,Какой вид человеческого поведения описан на этой картинке?,A,A,A,4,True
MMBench-ru,tuned,1857,В каком направлении стоит человек?,B,B,B,4,True
MMBench-ru,tuned,2603,Как называется этот город?,A,C,C,4,False
MMBench-ru,tuned,3416,Где это находится?,C,C,C,4,True
MMBench-ru,tuned,1494,Кто изображен на этой фотографии?,D,C,C,4,False
MMBench-ru,tuned,666,Какого цвета этот объект?,A,A,A,4,True
MMBench-ru,tuned,1516,Какой категории сцены лучше всего соответствует это изображение?,B,A,A,4,False
MMBench-ru,tuned,1455,Как называется эта фотография?,B,B,B,4,True
MMBench-ru,tuned,858,"какой код на Python будет генерировать результат, показанный на изображении?",B,D,D,4,False
MMBench-ru,tuned,2745,Кто это?,D,A,A,4,False
MMBench-ru,tuned,1093,Какое изображение более красочное?,A,B,B,2,False
MMBench-ru,tuned,2874,Какие две команды будут участвовать в этой игре?,C,C,C,4,True
MMBench-ru,tuned,2799,В каком углу находятся красные бананы?,C,D,D,4,False
MMBench-ru,tuned,2654,Где это?,A,C,C,4,False
MMBench-ru,tuned,292,"Определите эмоцию, выраженную на этом изображении.",A,D,D,4,False
MMBench-ru,tuned,2495,"Какую работу, скорее всего, выполняет человек на изображении?",C,C,C,4,True
MMBench-ru,tuned,2600,Какой тип погоды изображен на картинке?,B,B,B,4,True
MMBench-ru,tuned,700,Какое настроение передает это изображение?,C,C,C,4,True
MMBench-ru,tuned,2187,"Объект, показанный на этой фигуре:",B,C,C,4,False
MMBench-ru,tuned,2986,В каком направлении находится Киргизия от Индии?,B,C,C,4,False
MMBench-ru,tuned,1002,Какое человеческое поведение описывает эта картина?,D,D,D,4,True
MMBench-ru,tuned,669,Какое отношение может быть между двумя людьми на этом изображении?,A,A,A,4,True
MMBench-ru,tuned,1893,Какова функция показанного объекта?,D,D,D,4,True
MMBench-ru,tuned,1554,Какое из следующих утверждений соответствует изображению?,D,D,D,4,True
MMBench-ru,tuned,1105,Какой термин соответствует изображению?,A,B,B,2,False
MMBench-ru,tuned,3790,Какой из следующих подписей лучше всего описывает это изображение?,B,B,B,4,True
MMBench-ru,tuned,2621,Каковы могут быть взаимоотношения этих людей на этом изображении?,C,C,C,4,True
MMBench-ru,tuned,2818,Какое настроение передает это изображение?,D,A,A,4,False
MMBench-ru,tuned,2281,Как называется показанная колония?,B,D,D,4,False
MMBench-ru,tuned,899,Какой код на Python может сгенерировать содержимое изображения?,A,C,C,4,False
MMBench-ru,tuned,2804,Сколько бананов на изображении?,B,C,C,4,False
MMBench-ru,tuned,1328,"Основываясь на изображении, какие преимущества для семьи в запуске воздушного змея в пасмурный день?",B,B,B,4,True
MMBench-ru,tuned,3452,Где это находится?,B,B,B,4,True
MMBench-ru,tuned,3147,"Основываясь на изображении, что может сказать мужчина, держащий свою маленькую черную собаку в шляпе, об их отношениях?",D,D,D,4,True
MMBench-ru,tuned,3178,Какое чувство изображено на этой картинке?,A,C,C,4,False
MMBench-ru,tuned,229,"Судя по изображению, что можно сказать об отношениях между людьми и слоном?",C,C,C,4,True
MMBench-ru,tuned,938,В каком направлении от Чёрного моря находится Украина?,A,A,A,4,True
MMBench-ru,tuned,3366,Какова функция продемонстрированного объекта?,A,A,A,4,True
MMBench-ru,tuned,131,Что произойдет дальше?,A,D,D,4,False
MMBench-ru,tuned,3297,Что изображено на этой картинке?,B,B,B,4,True
MMBench-ru,tuned,1292,"Основываясь на изображении, как женщина на картинке защищается от дождя?",B,B,B,4,True
MMBench-ru,tuned,1643,Каковы могут быть отношения между двумя людьми на этом изображении?,A,A,A,4,True
MMBench-ru,tuned,1096,Какое изображение более красочное?,B,B,B,2,True
MMBench-ru,tuned,271,"Исходя из изображения, какова вероятная цель этого знака на пицце?",C,C,C,4,True
MMBench-ru,tuned,864,Какое действие с дробями представлено этой формулой?,D,D,D,4,True
MMBench-ru,tuned,3740,Какова функция продемонстрированного объекта?,A,A,A,4,True
MMBench-ru,tuned,2323,"Основываясь на изображении, что представляет транспортная инфраструктура Лондона, включая Биг-Бен и транспортные средства?",C,C,C,4,True
MMBench-ru,tuned,3589,Какая профессия у людей на этой фотографии?,B,B,B,4,True
MMBench-ru,tuned,2940,Какой из следующих подписей лучше всего описывает это изображение?,D,D,D,4,True
MMBench-ru,tuned,1288,"Основываясь на изображении, какое занятие, вероятно, происходит, исходя из предметов на столе?",D,B,B,4,False
MMBench-ru,tuned,870,Какова наиболее вероятная цель этого постера?,C,C,C,4,True
MMBench-ru,tuned,2684,Какое настроение передает это изображение?,C,C,C,4,True
MMBench-ru,tuned,2044,"В природе, какова взаимосвязь между этими двумя существами?",C,C,C,4,True
MMBench-ru,tuned,1620,Какой тип окружающей среды изображен на картинке?,A,A,A,4,True
MMBench-ru,tuned,3623,Что это за достопримечательность и где она находится?,B,B,B,4,True
MMBench-ru,tuned,3745,Какова функция демонстрируемого объекта?,A,B,B,4,False
MMBench-ru,tuned,2633,"Можете ли вы определить время года, когда была сделана фотография?",D,D,D,4,True
MMBench-ru,tuned,1879,Что это за достопримечательность? И где она находится?,D,D,D,4,True
MMBench-ru,tuned,585,Какая погода изображена на картинке?,D,D,D,4,True
MMBench-ru,tuned,1084,Какое изображение более красочное?,B,B,B,2,True
MMBench-ru,tuned,3902,Какой код на Python может сгенерировать содержимое изображения?,A,D,D,4,False
MMBench-ru,tuned,1010,"В природе, какая связь между этими двумя существами?",A,A,A,4,True
MMBench-ru,tuned,3051,Какая из этих подписей правильная для этого изображения?,C,C,C,4,True
MMBench-ru,tuned,2299,Какой город является столицей штата Вашингтон?,A,D,D,4,False
MMBench-ru,tuned,2207,"Объект, показанный на этом рисунке:",A,C,C,4,False
MMBench-ru,tuned,1076,Какое изображение более красочное?,A,B,B,2,False
MMBench-ru,tuned,3059,Какой из этих вариантов является правильной подписью к этому изображению?,D,D,D,4,True
MMBench-ru,tuned,2394,"Что Трой и Джейсон могут обменять, чтобы каждый получил то, что он хочет?",C,C,C,4,True
MMBench-ru,tuned,1754,Какая профессия у людей на этой фотографии?,A,A,A,4,True
MMBench-ru,tuned,3677,Какой стиль изображен на этой картине?,B,D,D,4,False
MMBench-ru,tuned,2390,"Какого цвета матовый шар того же размера, что и серая металлическая вещь?",A,B,B,4,False
MMBench-ru,tuned,1635,"Можете определить сезон, в который была сделана фотография?",A,A,A,4,True
MMBench-ru,tuned,1482,Извлеките текст с изображения,B,A,A,4,False
MMBench-ru,tuned,898,Какова функция продемонстрированного объекта?,D,D,D,4,True
MMBench-ru,tuned,566,Какова функция демонстрируемого объекта?,A,D,D,4,False
MMBench-ru,tuned,2087,В каком растворе концентрация фиолетовых частиц выше?,C,B,B,3,False
MMBench-ru,tuned,2021,Какова природа отношений между этими двумя существами?,B,A,A,4,False
MMBench-ru,tuned,372,Где на картинке находится жираф?,D,C,C,4,False
MMBench-ru,tuned,3095,Какой вариант является правильной подписью к этому изображению?,B,B,B,4,True
MMBench-ru,tuned,192,Какой из этих вариантов является правильной подписью к этому изображению?,D,D,D,4,True
MMBench-ru,tuned,3527,Какого цвета этот объект?,B,B,B,4,True
MMBench-ru,tuned,449,Какое изображение самое яркое?,A,D,D,4,False
MMBench-ru,tuned,626,Какой формы этот объект?,B,D,D,4,False
MMBench-ru,tuned,2570,Где это находится?,B,B,B,4,True
MMBench-ru,tuned,655,Какое настроение передает это изображение?,A,A,A,4,True
MMBench-ru,tuned,3244,"Что могут обменять Остин и Виктория, чтобы каждый получил то, что хочет?",A,B,B,4,False
MMBench-ru,tuned,2787,В какую сторону повернута собака?,D,A,A,4,False
MMBench-ru,tuned,1729,Какая профессия у людей на этой фотографии?,C,C,C,4,True
MMBench-ru,tuned,2442,Какое изображение самое яркое?,C,C,C,4,True
MMBench-ru,tuned,260,Какой континент выделен?,D,A,A,4,False
MMBench-ru,tuned,1576,Какова основная тема изображения?,C,D,D,4,False
MMBench-ru,tuned,1563,Как называется этот университет?,B,D,D,4,False
MMBench-ru,tuned,2440,Как называется эта фотография?,C,C,C,4,True
MMBench-ru,tuned,1917,Какова функция продемонстрированного объекта?,C,B,B,4,False
MMBench-ru,tuned,2167,"Объект, показанный на этой фигуре:",B,B,B,4,True
MMBench-ru,tuned,1029,Какой из следующих подписей лучше всего описывает это изображение?,B,B,B,4,True
MMBench-ru,tuned,2266,"На основе изображения, какова основная цель сцены?",C,C,C,4,True
MMBench-ru,tuned,3525,Какого цвета этот объект?,C,C,C,4,True
MMBench-ru,tuned,47,Какая картинка более красочная?,B,A,A,2,False
MMBench-ru,tuned,2786,Сколько здесь собак?,A,A,A,4,True
MMBench-ru,tuned,2952,В каком направлении находится Франция в Средиземном море?,B,C,C,4,False
MMBench-ru,tuned,469,Кто изображен на этой фотографии?,B,D,D,4,False
MMBench-ru,tuned,2792,Где велосипед?,C,D,D,4,False
MMBench-ru,tuned,3624,Сколько бананов на изображении?,A,D,D,4,False
MMBench-ru,tuned,2199,Какая подпись подходит к этому изображению?,C,C,C,4,True
MMBench-ru,tuned,3075,Какой из вариантов является правильной подписью к этому изображению?,A,A,A,4,True
MMBench-ru,tuned,1092,Какая из этих колоний была Южной Колонией?,A,B,B,2,False
MMBench-ru,tuned,3148,Как называется показанная колония?,B,A,A,4,False
MMBench-ru,tuned,2625,Каковы могут быть взаимоотношения между двумя людьми на этом изображении?,B,B,B,4,True
MMBench-ru,tuned,3865,"В природе, какое отношение между этими двумя существами?",A,D,D,4,False
MMBench-ru,tuned,3908,Какое человеческое поведение описывает эта картина?,A,A,A,4,True
MMBench-ru,tuned,1202,Что произойдет дальше?,C,D,D,4,False
MMBench-ru,tuned,1780,Что это?,B,A,A,4,False
MMBench-ru,tuned,647,Какую эмоцию выражает этот эмодзи?,A,A,A,4,True
MMBench-ru,tuned,1858,Какой стиль изображен на этой картине?,A,C,C,4,False
MMBench-ru,tuned,13,Какая из картинок более красочная?,A,A,A,2,True
MMBench-ru,tuned,2957,В каком направлении находится Северная Корея от Южной Кореи?,B,C,C,4,False
MMBench-ru,tuned,3587,Какая профессия у людей на этой картинке?,C,C,C,4,True
MMBench-ru,tuned,2947,Какой из следующих подписей лучше всего описывает это изображение?,C,C,C,4,True
MMBench-ru,tuned,1078,Какая картинка более красочная?,A,B,B,2,False
MMBench-ru,tuned,2050,Какой код на Python может сгенерировать содержимое изображения?,C,D,D,4,False
MMBench-ru,tuned,3120,"Основываясь на изображении, какой аспект внешности женщины больше всего способствует впечатлению игривости?",A,D,D,4,False
MMBench-ru,tuned,731,Какой может быть связь между двумя людьми на этом изображении?,B,C,C,4,False
MMBench-ru,tuned,2079,Какой вид человеческого поведения описан на этой картинке?,C,C,C,4,True
MMBench-ru,tuned,435,Что изображено на этой фотографии?,A,C,C,4,False
MMBench-ru,tuned,3565,Какая профессия у людей на этой картинке?,C,C,C,4,True
MMBench-ru,tuned,2561,Как называется это здание?,C,C,C,4,True
MMBench-ru,tuned,1222,Что верно в отношении ураганов?,C,C,C,3,True
MMBench-ru,tuned,3447,Какой тип окружающей среды изображен на картинке?,C,C,C,4,True
MMBench-ru,tuned,2617,На картинке изображён гористый ландшафт или прибрежный ландшафт?,B,B,B,4,True
MMBench-ru,tuned,3695,К какой категории относится это изображение?,A,C,C,4,False
MMBench-ru,tuned,2494,Какое изображение показывает наибольшую яркость цветов?,D,C,C,4,False
MMBench-ru,tuned,3883,"В природе, каковы отношения между этими двумя существами?",C,C,C,4,True
MMBench-ru,tuned,3736,Какой код на Python может сгенерировать содержимое изображения?,D,D,D,4,True
MMBench-ru,tuned,1531,Каковы отношения между людьми на изображении?,A,A,A,4,True
MMBench-ru,tuned,3123,Какая столица Аляски?,C,A,A,4,False
MMBench-ru,tuned,661,Какое настроение передает это изображение?,A,A,A,4,True
MMBench-ru,tuned,2209,Какой из вариантов является правильным описанием этого изображения?,A,A,A,4,True
MMBench-ru,tuned,3189,Определите художественный стиль этого изображения.,D,D,D,4,True
MMBench-ru,tuned,2172,Подумайте о магнитной силе между магнитами в каждой паре. Какое из следующих утверждений верно?,C,B,B,3,False
MMBench-ru,tuned,2,Это место многолюдное?,A,B,B,2,False
MMBench-ru,tuned,2453,Кто изображён на этом снимке?,C,C,C,4,True
MMBench-ru,tuned,1327,"Основываясь на изображении, что можно сказать об отношениях между мужчиной и его маленькой черной собакой в шляпе?",B,B,B,4,True
MMBench-ru,tuned,2001,В каком направлении находится Сирия относительно Средиземного моря?,B,B,B,4,True
MMBench-ru,tuned,79,"Есть объект, который находится и слева от серой сферы, и справа от маленького цилиндра; какой это формы?",A,C,C,3,False
MMBench-ru,tuned,458,Какой категории сцены лучше всего соответствует это изображение?,B,B,B,4,True
MMBench-ru,tuned,1486,"Какой текст может быть связан с этим изображением, размещённым в Твиттере?",B,B,B,4,True
MMBench-ru,tuned,3599,Какая профессия у людей на этой картинке?,A,A,A,4,True
MMBench-ru,tuned,3406,"На картинке изображена сцена химического эксперимента. Пожалуйста, выберите исходные материалы, которые могут быть использованы в этом эксперименте.",A,C,C,4,False
MMBench-ru,tuned,3304,Какое изображение самое яркое?,D,D,D,4,True
MMBench-ru,tuned,1259,Какой из предложенных вариантов является правильным заголовком для этого изображения?,B,B,B,4,True
MMBench-ru,tuned,980,Какое поведение человека описывает эта картинка?,A,A,A,4,True
MMBench-ru,tuned,237,"Основываясь на продвижении здорового баланса между временем перед экраном и другими видами деятельности, какая стратегия направлена на вовлечение ребёнка в семейные активности?",D,D,D,4,True
MMBench-ru,tuned,986,Какое человеческое поведение описывает эта картинка?,A,A,A,4,True
MMBench-ru,tuned,3596,Какая профессия у людей на этой картинке?,B,B,B,4,True
MMBench-ru,tuned,3772,Какой из следующих подписей лучше всего описывает это изображение?,B,B,B,4,True
MMBench-ru,tuned,3842,В каком направлении находится Замбия от Мадагаскара?,C,D,D,4,False
MMBench-ru,tuned,350,Какого цвета крошечный блестящий цилиндр?,D,C,C,4,False
MMBench-ru,tuned,2997,В каком направлении от Афганистана находится Туркменистан?,B,C,C,4,False
MMBench-ru,tuned,1990,В каком направлении находится Китай от Японии?,D,B,B,4,False
MMBench-ru,tuned,3342,"Какой текст может быть связан с этим изображением, опубликованным в Твиттере?",D,A,A,4,False
MMBench-ru,tuned,283,"Что должен сделать мужчина перед тем, как начать заниматься серфингом, чтобы обеспечить свою безопасность?",A,A,A,4,True
MMBench-ru,tuned,3115,"Исходя из изображения, что выделяет Quick Stop Groceries среди других продуктовых магазинов?",A,C,C,4,False
MMBench-ru,tuned,2181,"Объект, показанный на рисунке:",C,C,C,4,True
MMBench-ru,tuned,3136,"На основе изображения, как женщина на картинке защищается от дождя?",D,D,D,4,True
MMBench-ru,tuned,515,Где это?,B,B,B,4,True
MMBench-ru,tuned,525,Где это находится?,A,C,C,4,False
MMBench-ru,tuned,2702,Какая профессия у людей на этой фотографии?,D,D,D,4,True
MMBench-ru,tuned,1946,Какой код на Python может сгенерировать содержимое изображения?,D,D,D,4,True
MMBench-ru,tuned,2251,Какие из следующих действий будут наименее ожидаемыми для женщины в дождливую погоду?,A,D,D,4,False
MMBench-ru,tuned,676,Какое главное событие изображено на этом изображении?,B,D,D,4,False
MMBench-ru,tuned,1085,Каким образом можно описать экосистему пустыни Большая Виктория?,A,A,A,2,True
MMBench-ru,tuned,2161,"В природе, какова взаимосвязь между этими двумя существами?",B,B,B,4,True
MMBench-ru,tuned,3573,Какое настроение передает это изображение?,B,B,B,4,True
MMBench-ru,tuned,2484,Какая из картинок показывает самый высокий контраст?,B,C,C,4,False
MMBench-ru,tuned,1733,Какое настроение передает это изображение?,A,A,A,4,True
MMBench-ru,tuned,867,Какой код на Python может сгенерировать содержимое изображения?,B,D,D,4,False
MMBench-ru,tuned,2208,"Объект, показанный на этой фигуре:",D,C,C,4,False
MMBench-ru,tuned,3093,Какой из этих вариантов является правильной подписью к этому изображению?,B,B,B,4,True
MMBench-ru,tuned,2989,В каком направлении находится Австралия от Новой Зеландии?,B,C,C,4,False
MMBench-ru,tuned,2825,К какой категории относится это изображение?,B,B,B,4,True
MMBench-ru,tuned,823,что это за достопримечательность? И где она находится?,B,B,B,4,True
MMBench-ru,tuned,2920,"Какая формула даст тот же результат, что и формула на рисунке?",C,C,C,4,True
MMBench-ru,tuned,1276,Какая подпись к этому изображению правильная?,A,A,A,4,True
MMBench-ru,tuned,1634,"Можете определить, в какое время года была сделана фотография?",C,C,C,4,True
MMBench-ru,tuned,2751,Где кошка?,D,D,D,4,True
MMBench-ru,tuned,3881,"В природе, какое отношение между этими двумя существами?",A,A,A,4,True
MMBench-ru,tuned,1529,Какое отношение между людьми на изображении?,A,C,C,4,False
MMBench-ru,tuned,1794,Сколько бананов на картинке?,C,D,D,4,False
MMBench-ru,tuned,2119,Каковы природные отношения между этими животными?,B,B,B,3,True
MMBench-ru,tuned,1849,К какой категории относится это изображение?,D,D,D,4,True
MMBench-ru,tuned,495,Какова функция продемонстрированного объекта?,B,B,B,4,True
MMBench-ru,tuned,1015,"В природе, каковы отношения между этими двумя существами?",A,D,D,4,False
MMBench-ru,tuned,920,Какой из следующих подписей лучше всего описывает это изображение?,C,C,C,4,True
MMBench-ru,tuned,262,"Основываясь на изображении, что можно сказать о чувстве моды и стиле женщины?",A,A,A,4,True
MMBench-ru,tuned,1384,"Основываясь на изображении, какие есть преимущества для здоровья от употребления блюда, описанного на картинке?",C,B,B,4,False
MMBench-ru,tuned,86,Какой термин соответствует изображению?,B,B,B,2,True
MMBench-ru,tuned,2409,Примерно какую часть изображения занимает слон на картинке?,B,B,B,4,True
MMBench-ru,tuned,2268,"На основании изображения, какие факторы должны учитывать группа людей с досками для серфинга перед участием в их пляжной активности?",C,C,C,4,True
MMBench-ru,tuned,942,Какой из следующих подписей лучше всего описывает это изображение?,C,C,C,4,True
MMBench-ru,tuned,2410,Где на картинке находится брокколи?,A,D,D,4,False
MMBench-ru,tuned,3877,"В природе, какие взаимоотношения между этими двумя существами?",A,A,A,4,True
MMBench-ru,tuned,29,Какое изображение более яркое?,A,A,A,2,True
MMBench-ru,tuned,290,Какое чувство изображено на этой картинке?,C,B,B,4,False
MMBench-ru,tuned,2899,Какой код на Python может сгенерировать содержимое изображения?,C,D,D,4,False
MMBench-ru,tuned,2584,Какой тип окружающей среды изображен на фотографии?,C,C,C,4,True
MMBench-ru,tuned,241,Какой из этих штатов находится дальше всего на восток?,C,C,C,4,True
MMBench-ru,tuned,937,Какой из следующих подписей лучше всего описывает это изображение?,C,C,C,4,True
MMBench-ru,tuned,276,Какое название у показанной колонии?,D,B,B,4,False
MMBench-ru,tuned,128,Что произойдет дальше? ,B,C,C,4,False
MMBench-ru,tuned,3521,Какой формы этот объект?,D,C,C,4,False
MMBench-ru,tuned,1353,Какой термин соответствует изображению?,A,A,A,2,True
MMBench-ru,tuned,3615,Кто этот человек?,C,A,A,4,False
MMBench-ru,tuned,2105,Каковы природные взаимоотношения этих животных?,A,A,A,3,True
MMBench-ru,tuned,974,Какой из следующих заголовков лучше всего описывает это изображение?,A,D,D,4,False
MMBench-ru,tuned,1140,Какая черта есть у этой рыжей белки?,B,B,B,2,True
MMBench-ru,tuned,2740,Какая профессия у людей на этой картине?,D,D,D,4,True
MMBench-ru,tuned,1988,Какая из следующих подписей лучше всего описывает это изображение?,C,C,C,4,True
MMBench-ru,tuned,877,Какова наиболее вероятная цель этого постера?,B,B,B,4,True
MMBench-ru,tuned,3641,В каком углу нет никакой еды?,C,C,C,4,True
MMBench-ru,tuned,541,Где находится овца?,B,B,B,4,True
MMBench-ru,tuned,2962,Какой из следующих подписей лучше всего описывает это изображение?,D,D,D,4,True
MMBench-ru,tuned,2338,Какая эмоция изображена на этом изображении?,A,D,D,4,False
MMBench-ru,tuned,2360,Какое чувство изображено на этом изображении?,A,A,A,4,True
MMBench-ru,tuned,1936,"Площадь какой фигуры можно вычислить, используя формулу на этой картинке?",B,B,B,4,True
MMBench-ru,tuned,995,"В природе, какова взаимосвязь между этими двумя существами?",D,D,D,4,True
MMBench-ru,tuned,3213,Какое действие выполняется на этом изображении?,C,C,C,4,True
MMBench-ru,tuned,1937,С каким особым днем связан этот постер?,B,B,B,4,True
MMBench-ru,tuned,3307,На каком изображении самая высокая резкость?,A,A,A,4,True
MMBench-ru,tuned,1667,Какое может быть отношение между двумя людьми на этом изображении?,D,B,B,4,False
MMBench-ru,tuned,779,К какой категории принадлежит это изображение?,D,D,D,4,True
MMBench-ru,tuned,386,Где на картинке находится медведь?,C,C,C,4,True
MMBench-ru,tuned,397,Какое из следующих утверждений описывает жизнь в независимом городе-государстве?,A,D,D,4,False
MMBench-ru,tuned,2699,Какое настроение передаёт это изображение?,A,A,A,4,True
MMBench-ru,tuned,1765,Какое предложение правильно описывает капибар?,A,D,D,4,False
MMBench-ru,tuned,1451,Какое движение изображение хочет передать?,C,C,C,4,True
MMBench-ru,tuned,1734,Какая профессия у людей на этом изображении?,B,B,B,4,True
MMBench-ru,tuned,1683,Каковы могут быть отношения между двумя людьми на этом изображении?,B,B,B,4,True
MMBench-ru,tuned,1912,Какая операция с дробями представлена этой формулой?,B,A,A,4,False
MMBench-ru,tuned,3538,Какую эмоцию выражает этот смайлик?,A,A,A,4,True
MMBench-ru,tuned,3799,Какой из следующих заголовков лучше всего описывает это изображение?,B,B,B,4,True
MMBench-ru,tuned,221,"Объект, показанный на этой фигуре:",D,A,A,4,False
MMBench-ru,tuned,2758,Сколько здесь собак?,D,B,B,4,False
MMBench-ru,tuned,2676,Какое настроение передает это изображение?,D,D,D,4,True
MMBench-ru,tuned,2646,Какова может быть связь между двумя людьми на этом изображении?,C,C,C,4,True
MMBench-ru,tuned,403,Что изображено на этой картинке?,C,C,C,4,True
MMBench-ru,tuned,248,Какой город является столицей штата Небраска?,B,A,A,4,False
MMBench-ru,tuned,1649,Какое из следующих утверждений соответствует изображению?,B,C,C,4,False
MMBench-ru,tuned,2982,Какой из следующих описаний лучше всего описывает это изображение?,A,A,A,4,True
MMBench-ru,tuned,1389,"Международная организация состоит из членов (), которые ().",C,D,D,4,False
MMBench-ru,tuned,3279,Что изображено на этой картинке?,D,A,A,4,False
MMBench-ru,tuned,3835,Какая из следующих подписей лучше всего описывает это изображение?,A,A,A,4,True
MMBench-ru,tuned,447,Какое изображение является самым ярким?,B,A,A,4,False
MMBench-ru,tuned,1018,Какое человеческое поведение описано на этом изображении?,C,C,C,4,True
MMBench-ru,tuned,784,кто этот человек?,C,A,A,4,False
MMBench-ru,tuned,3588,Какая профессия у людей на этом изображении?,A,D,D,4,False
MMBench-ru,tuned,3846,"В природе, какова связь между этими двумя существами?",D,A,A,4,False
MMBench-ru,tuned,1837,К какому стилю относится это изображение?,A,D,D,4,False
MMBench-ru,tuned,574,Какое главное событие изображено на этом изображении?,C,C,C,4,True
MMBench-ru,tuned,3893,Какое человеческое поведение описано на этой картинке?,D,D,D,4,True
MMBench-ru,tuned,751,В каком углу находится яблоко?,C,A,A,4,False
MMBench-ru,tuned,3603,Кто этот человек?,C,A,A,4,False
MMBench-ru,tuned,1894,Какова функция демонстрируемого объекта?,D,D,D,4,True
MMBench-ru,tuned,1023,Каковы взаимоотношения между этими двумя существами в природе?,B,B,B,4,True
MMBench-ru,tuned,308,Этот образец изображает какой стиль?,A,A,A,4,True
MMBench-ru,tuned,1815,Сколько здесь собак?,D,D,D,4,True
MMBench-ru,tuned,3309,Кто изображен на этой фотографии?,C,C,C,4,True
MMBench-ru,tuned,3528,Какого цвета этот объект?,D,D,D,4,True
MMBench-ru,tuned,3506,Какой формы этот объект?,C,C,C,4,True
MMBench-ru,tuned,2254,"Исходя из изображения, какое действие, вероятно, выполняется на основе предметов на столе?",A,C,C,4,False
MMBench-ru,tuned,401,Сколько собак на этом изображении?,A,B,B,4,False
MMBench-ru,tuned,207,Какой вариант является правильным описанием этого изображения?,B,B,B,4,True
MMBench-ru,tuned,2671,Какова форма этого объекта?,A,A,A,4,True
MMBench-ru,tuned,2214,Какой вариант является правильной подписью к этому изображению?,C,C,C,4,True
MMBench-ru,tuned,3424,Что правильно?,B,B,B,4,True
MMBench-ru,tuned,60,Что лучше описывает экосистемы приливных бассейнов в заповеднике Tongue Point Marine Life Sanctuary?,B,B,B,2,True
MMBench-ru,tuned,382,Сколько компьютерных мониторов на этой картинке?,D,C,C,4,False
MMBench-ru,tuned,3086,Какая из этих подписей правильно описывает это изображение?,B,B,B,4,True
MMBench-ru,tuned,3476,Каковы могут быть отношения между двумя людьми на этом изображении?,D,D,D,4,True
MMBench-ru,tuned,968,В каком направлении находится Канада в Атлантическом океане?,C,C,C,4,True
MMBench-ru,tuned,681,Какая профессия у людей на этой картинке?,B,B,B,4,True
MMBench-ru,tuned,1664,Какое отношение могут иметь эти люди на изображении?,C,C,C,4,True
MMBench-ru,tuned,1989,В каком направлении находится Франция в Средиземном море?,A,D,D,4,False
MMBench-ru,tuned,1971,Какой из следующих заголовков лучше всего описывает это изображение?,D,D,D,4,True
MMBench-ru,tuned,875,Что хочет выразить эта картинка?,B,B,B,4,True
MMBench-ru,tuned,1642,Какая погода изображена на картинке?,A,A,A,4,True
MMBench-ru,tuned,240,Какая из подписей к изображению правильная?,A,A,A,4,True
MMBench-ru,tuned,674,Какое настроение передает это изображение?,C,C,C,4,True
MMBench-ru,tuned,1552,Какой вариант правильно описывает взаимное расположение объектов на изображении?,D,D,D,4,True
MMBench-ru,tuned,8,Какая картина более яркая?,A,A,A,2,True
MMBench-ru,tuned,1599,"Исходя из изображения, где находится ноутбук?",C,C,C,4,True
MMBench-ru,tuned,1086,Кожа какого животного также адаптирована для выживания в холодных местах?,A,A,A,2,True
MMBench-ru,tuned,3211,Какое из следующих утверждений описывает жизнь в независимом городе-государстве?,D,D,D,4,True
MMBench-ru,tuned,3215,"После окончания Аккадской империи, многие города и империи пытались контролировать Месопотамию. Около 1790 года до н.э., какая империя начала контролировать Месопотамию?",A,D,D,4,False
MMBench-ru,tuned,1863,К какой категории относится это изображение?,A,A,A,4,True
MMBench-ru,tuned,1168,"В изображении-сравнении, одинаковой ли формы левые и правые модули?",B,C,C,3,False
MMBench-ru,tuned,1732,Какое настроение передаёт это изображение?,B,B,B,4,True
MMBench-ru,tuned,2853,К какой категории относится это изображение?,C,C,C,4,True
MMBench-ru,tuned,2992,В каком направлении от Кыргызстана находится Индия?,D,C,C,4,False
MMBench-ru,tuned,3208,Определите стиль этого изображения.,C,D,D,4,False
MMBench-ru,tuned,2276,"Судя по изображению, какова вероятная цель знака на пицце?",A,A,A,4,True
MMBench-ru,tuned,2711,Какое настроение передает это изображение?,B,C,C,4,False
MMBench-ru,tuned,2942,Какой из следующих подписей лучше всего описывает это изображение?,B,B,B,4,True
MMBench-ru,tuned,1993,"Какой код на Python создаст результат, показанный на изображении?",D,A,A,4,False
MMBench-ru,tuned,634,Какой формы этот объект?,C,C,C,4,True
MMBench-ru,tuned,777,В каком направлении смотрит человек?,A,B,B,4,False
MMBench-ru,tuned,1215,"В Соединённых Штатах существует федеральная система. Основываясь на этих определениях, какое из следующих утверждений скорее всего будет сделано человеком, который живет при федеральной системе?",B,B,B,3,True
MMBench-ru,tuned,891,Какая операция с дробями представлена этой формулой?,B,B,B,4,True
MMBench-ru,tuned,239,Что является столицей штата Вашингтон?,C,B,B,4,False
MMBench-ru,tuned,2372,Какое из следующих утверждений описывает жизнь в независимом городе-государстве?,C,C,C,4,True
MMBench-ru,tuned,3013,"В природе, каковы взаимоотношения между этими двумя существами?",C,B,B,4,False
MMBench-ru,tuned,2220,Какой вариант является правильным описанием этого изображения?,D,D,D,4,True
MMBench-ru,tuned,249,"Объект, показанный на этой фигуре:",D,A,A,4,False
MMBench-ru,tuned,3063,Какая подпись правильно описывает это изображение?,B,B,B,4,True
MMBench-ru,tuned,1284,"Исходя из изображения, какова вероятная цель знака на пицце?",D,D,D,4,True
MMBench-ru,tuned,234,"Глядя на изображение, какова цель использования зонта человеком, идущим под дождем?",C,C,C,4,True
MMBench-ru,tuned,205,Какой из этих вариантов является правильным описанием этого изображения?,C,C,C,4,True
MMBench-ru,tuned,2392,Какое движение хочет передать это изображение?,C,C,C,4,True
MMBench-ru,tuned,1952,Какая из следующих подписей лучше всего описывает это изображение?,B,B,B,4,True
MMBench-ru,tuned,2059,"В природе, какова взаимосвязь между этими двумя существами?",B,A,A,4,False
MMBench-ru,tuned,3492,Какова может быть связь между двумя людьми на этом изображении?,A,B,B,4,False
MMBench-ru,tuned,2175,"Судя по карте, что было правдой в отношении Шелкового пути около 1300 года н.э.?",C,C,C,3,True
MMBench-ru,tuned,644,Какое достижение на этом изображении?,D,D,D,4,True
MMBench-ru,tuned,232,Что символизирует рукопожатие между двумя мужчинами на изображении?,A,D,D,4,False
MMBench-ru,tuned,2080,Подумайте о магнитной силе между магнитами в каждой паре. Какое из следующих утверждений верно?,B,C,C,3,False
MMBench-ru,tuned,328,Определите художественный стиль этого изображения.,D,A,A,4,False
MMBench-ru,tuned,3487,Каковы могут быть отношения между двумя людьми на этом изображении?,A,D,D,4,False
MMBench-ru,tuned,761,Сколько яблок на изображении? И сколько бананов?,A,B,B,4,False
MMBench-ru,tuned,280,"Опираясь на изображение, что говорит контраст между ярко-синим скейтбордом и человеком, который его несет?",B,A,A,4,False
MMBench-ru,tuned,2437,Сколько коров на этой картинке?,A,A,A,4,True
MMBench-ru,tuned,278,Как называется показанная колония?,B,D,D,4,False
MMBench-ru,tuned,2765,Кто этот человек?,B,A,A,4,False
MMBench-ru,tuned,963,Какой из следующих описаний лучше всего соответствует этому изображению?,D,D,D,4,True
MMBench-ru,tuned,1653,Какой может быть связь между двумя людьми на этом изображении?,D,D,D,4,True
MMBench-ru,tuned,491,Какой вариант правильно описывает взаимное расположение объектов на изображении?,C,C,C,4,True
MMBench-ru,tuned,2333,Определите художественный стиль этого изображения.,C,C,C,4,True
MMBench-ru,tuned,1008,Какое человеческое поведение описано на этой картинке?,B,B,B,4,True
MMBench-ru,tuned,2371,Какое действие выполняется на этом изображении?,B,B,B,4,True
MMBench-ru,tuned,2435,Извлечь текст из изображения,A,A,A,4,True
MMBench-ru,tuned,162,"Объект, показанный на этой фигуре:",A,B,B,4,False
MMBench-ru,tuned,2536,Как называется этот город?,C,C,C,4,True
MMBench-ru,tuned,335,Международная организация состоит из членов () которые ().,B,B,B,4,True
MMBench-ru,tuned,1717,Какое настроение передает это изображение?,A,A,A,4,True
MMBench-ru,tuned,2692,Какое настроение передает это изображение?,C,C,C,4,True
MMBench-ru,tuned,3748,"Какой код на Python сгенерирует результат, показанный на изображении?",D,D,D,4,True
MMBench-ru,tuned,2315,Какое из следующих утверждений описывает жизнь в независимом городе-государстве?,C,B,B,4,False
MMBench-ru,tuned,2141,Что произойдет дальше?,A,A,A,4,True
MMBench-ru,tuned,1295,Какая столица штата Вашингтон?,D,C,C,4,False
MMBench-ru,tuned,1068,Какое изображение более яркое?,B,B,B,2,True
MMBench-ru,tuned,836,Какова функция демонстрируемого объекта?,C,A,A,4,False
MMBench-ru,tuned,2743,Кто этот человек?,A,A,A,4,True
MMBench-ru,tuned,2933,"Какая формула имеет такой же результат вычисления, как и формула на рисунке?",B,C,C,4,False
MMBench-ru,tuned,1286,Какой из следующих вариантов является правильной подписью к этому изображению?,B,B,B,4,True
MMBench-ru,tuned,977,Какой из следующих подписей лучше всего описывает это изображение?,B,B,B,4,True
MMBench-ru,tuned,1087,"Дополните текст, чтобы описать диаграмму.
Частицы растворенного вещества двигались в обоих направлениях через проницаемую мембрану. Но больше частиц растворенного вещества перемещалось через мембрану (). Когда концентрация на обеих сторонах стала равной, частицы достигли равновесия.",B,B,B,2,True
MMBench-ru,tuned,1621,Что является основной темой изображения?,C,A,A,4,False
MMBench-ru,tuned,536,Какова основная тема изображения?,C,C,C,4,True
MMBench-ru,tuned,3633,Сколько яблок на изображении? И сколько бананов?,C,C,C,4,True
MMBench-ru,tuned,2643,"Можете ли вы определить время года, когда была сделана эта фотография?",A,A,A,4,True
MMBench-ru,tuned,1228,"Объект, показанный на этом рисунке:",C,C,C,4,True
MMBench-ru,tuned,1872,В каком стиле выполнена эта картина?,B,C,C,4,False
MMBench-ru,tuned,3854,"В природе, какова связь между этими двумя существами?",D,C,C,4,False
MMBench-ru,tuned,3079,Какой из этих вариантов наиболее подходит в качестве подписи к этому изображению?,B,B,B,4,True
MMBench-ru,tuned,297,"Судя по изображению, какова вероятная цель использования этого утилитарного транспортного средства в данной ситуации?",A,A,A,4,True
MMBench-ru,tuned,38,Какой из следующих ископаемых моложе? Выберите наиболее вероятный ответ.,B,B,B,2,True
MMBench-ru,tuned,1877,К какому типу принадлежит это изображение?,A,A,A,4,True
MMBench-ru,tuned,2544,Какова функция продемонстрированного объекта?,C,C,C,4,True
MMBench-ru,tuned,2306,Как называется показанная колония?,D,B,B,4,False
MMBench-ru,tuned,409,Извлечь текст из изображения,A,B,B,4,False
MMBench-ru,tuned,300,Какое чувство представлено на этом изображении?,B,B,B,4,True
MMBench-ru,tuned,2202,Какой из вариантов надписи для этого изображения является правильным?,A,A,A,4,True
MMBench-ru,tuned,873,Какова функция продемонстрированного объекта?,A,D,D,4,False
MMBench-ru,tuned,2072,Какое поведение человека описывает эта картина?,A,D,D,4,False
MMBench-ru,tuned,3738,С каким особым днём связан этот постер?,A,A,A,4,True
MMBench-ru,tuned,542,Какова функция демонстрируемого объекта?,D,D,D,4,True
MMBench-ru,tuned,1429,В какую сторону смотрит этот человек на фотографии?,B,B,B,4,True
MMBench-ru,tuned,281,"Объект, показанный на этом рисунке:",D,C,C,4,False
MMBench-ru,tuned,1000,"В природе, каковы отношения между этими двумя существами?",A,B,B,4,False
MMBench-ru,tuned,1513,Каковы отношения между людьми на изображении?,D,D,D,4,True
MMBench-ru,tuned,1167,"На данном сравнительном изображении, имеют ли левые и правые модули одинаковую форму?",B,C,C,3,False
MMBench-ru,tuned,646,Какого цвета этот объект?,D,D,D,4,True
MMBench-ru,tuned,3630,Сколько видов фруктов изображено на картинке?,B,D,D,4,False
MMBench-ru,tuned,3415,Как называется это здание?,D,D,D,4,True
MMBench-ru,tuned,2225,"В Соединенных Штатах действует федеральная система. Исходя из этих определений, какое из следующих утверждений скорее всего будет сделано человеком, живущим при федеральной системе?",B,B,B,3,True
MMBench-ru,tuned,2881,Какова функция показанного объекта?,A,A,A,4,True
MMBench-ru,tuned,1239,Какая подпись правильная для этого изображения?,B,B,B,4,True
MMBench-ru,tuned,2505,Что изображено на этом снимке?,A,A,A,4,True
MMBench-ru,tuned,3850,"В природе, какая взаимосвязь между этими двумя существами?",D,C,C,4,False
MMBench-ru,tuned,2678,Какова форма этого объекта?,C,B,B,4,False
MMBench-ru,tuned,2166,"На основе временной шкалы, какое из следующих утверждений является верным?",C,B,B,3,False
MMBench-ru,tuned,32,Какое изображение более яркое?,B,A,A,2,False
MMBench-ru,tuned,2735,Каковы могут быть отношения между этими людьми на изображении?,B,D,D,4,False
MMBench-ru,tuned,3346,"Какую работу, скорее всего, выполняет человек на изображении?",A,A,A,4,True
MMBench-ru,tuned,2271,"Почему формирование сильных социальных связей с другими самками может повысить репродуктивный успех самки павиана? Завершите утверждение ниже, которое отвечает на этот вопрос и наиболее полно поддерживается приведённым отрывком.
Формирование сильных социальных связей с другими самками увеличивает шансы на то, что ().",C,B,B,3,False
MMBench-ru,tuned,1226,Что такое пальцы бананового растения?,B,A,A,2,False
MMBench-ru,tuned,2717,Какая профессия у людей на этой картинке?,D,D,D,4,True
MMBench-ru,tuned,424,Какое изображение самое яркое?,B,C,C,4,False
MMBench-ru,tuned,550,Какой тип окружающей среды изображён на картинке?,A,A,A,4,True
MMBench-ru,tuned,3851,Какова природа взаимоотношений между этими двумя существами в природе?,D,A,A,4,False
MMBench-ru,tuned,472,"Какой текст может быть связан с этим изображением, опубликованным в твиттере?",A,D,D,4,False
MMBench-ru,tuned,438,Какое изображение самое четкое?,C,A,A,4,False
MMBench-ru,tuned,3040,Какое поведение человека описывает эта картинка?,C,C,C,4,True
MMBench-ru,tuned,3722,Какова функция продемонстрированного объекта?,B,B,B,4,True
MMBench-ru,tuned,3863,Какое человеческое поведение описывает эта картинка?,D,D,D,4,True
MMBench-ru,tuned,1115,Какова природа взаимоотношений этих животных?,A,C,C,3,False
MMBench-ru,tuned,1154,Какой термин соответствует картинке?,B,B,B,2,True
MMBench-ru,tuned,2477,Сколько грузовиков на этом фото?,C,C,C,4,True
MMBench-ru,tuned,862,Какова функция продемонстрированного объекта?,B,B,B,4,True
MMBench-ru,tuned,2939,Какой из следующих подписей лучше всего описывает это изображение?,A,A,A,4,True
MMBench-ru,tuned,1404,Где находятся две зебры на рисунке?,C,B,B,4,False
MMBench-ru,tuned,833,Какова функция продемонстрированного объекта?,C,D,D,4,False
MMBench-ru,tuned,2815,К какой категории относится это изображение?,C,C,C,4,True
MMBench-ru,tuned,2597,"На основе изображения, каково отношение между цветами и вазой?",C,C,C,4,True
MMBench-ru,tuned,1081,"Согласно цепочке событий, когда Тинкер Белл была отравлена?",A,B,B,2,False
MMBench-ru,tuned,2070,Подумай о магнитной силе между магнитами в каждой паре. Какое из следующих утверждений верное?,C,C,C,3,True
MMBench-ru,tuned,3675,В каком стиле выполнена эта картина?,D,C,C,4,False
MMBench-ru,tuned,1028,Какое человеческое поведение описывает эта картина?,A,A,A,4,True
MMBench-ru,tuned,208,Какой из вариантов правильно описывает это изображение?,C,C,C,4,True
MMBench-ru,tuned,378,Сколько грузовиков на этой фотографии?,A,B,B,4,False
MMBench-ru,tuned,2598,Какой тип погоды изображен на картинке?,A,C,C,4,False
MMBench-ru,tuned,3582,Какая профессия у людей на этой фотографии?,D,D,D,4,True
MMBench-ru,tuned,3839,В каком направлении находится Новая Зеландия от Австралии?,B,D,D,4,False
MMBench-ru,tuned,1133,Какое изображение более яркое?,A,B,B,2,False
MMBench-ru,tuned,180,Какой из вариантов правильно описывает эту картинку?,A,A,A,4,True
MMBench-ru,tuned,14,Какая из изображений более яркое?,A,A,A,2,True
MMBench-ru,tuned,1366,Какое чувство изображено на этой картинке?,D,C,C,4,False
MMBench-ru,tuned,3158,Какое человеческое поведение описывает эта картина?,C,C,C,4,True
MMBench-ru,tuned,535,Какая основная тема изображения?,A,A,A,4,True
MMBench-ru,tuned,2609,Какой тип окружающей среды изображен на картинке?,B,B,B,4,True
MMBench-ru,tuned,1072,Какая из картинок более красочная?,B,B,B,2,True
MMBench-ru,tuned,3682,К какой категории относится это изображение?,C,C,C,4,True
MMBench-ru,tuned,3036,Какое человеческое поведение описывает эта картина?,B,B,B,4,True
MMBench-ru,tuned,1809,Пончик укушен с какой стороны?,B,C,C,4,False
MMBench-ru,tuned,2259,"На основе продвижения здорового баланса между временем у экрана и другими занятиями, какая стратегия направлена на участие ребенка в семейных делах?",B,B,B,4,True
MMBench-ru,tuned,2890,Какова функция демонстрируемого объекта?,C,C,C,4,True
MMBench-ru,tuned,1751,Какая профессия у людей на этой картинке?,D,D,D,4,True
MMBench-ru,tuned,2297,"Судя по изображению, как женщина на картине защищается от дождя?",C,C,C,4,True
MMBench-ru,tuned,39,Какая черта есть у этой рыжей белки?,A,A,A,2,True
MMBench-ru,tuned,3673,К какой категории относится это изображение?,D,D,D,4,True
MMBench-ru,tuned,3554,Каковы могут быть отношения между двумя людьми на этом изображении?,B,B,B,4,True
MMBench-ru,tuned,2830,К какой категории относится это изображение?,D,A,A,4,False
MMBench-ru,tuned,610,На изображении изображен горный ландшафт или прибрежный ландшафт?,D,B,B,4,False
MMBench-ru,tuned,2234,Какое из этих описаний правильно подписывает это изображение?,B,B,B,4,True
MMBench-ru,tuned,147,Что будет дальше?,A,A,A,4,True
MMBench-ru,tuned,1512,Какое отношение между людьми на изображении?,A,C,C,4,False
MMBench-ru,tuned,2385,"Какого цвета другой маленький блестящий предмет, той же формы, что и крошечный желтый блестящий объект?",D,D,D,4,True
MMBench-ru,tuned,2263,"Основываясь на изображении, какова может быть основная причина, по которой человек на картинке использует черный зонт?",D,D,D,4,True
MMBench-ru,tuned,606,Какое отношение могут иметь эти люди на изображении?,A,C,C,4,False
MMBench-ru,tuned,1760,Какая профессия у людей на этой фотографии?,C,C,C,4,True
MMBench-ru,tuned,522,Где это находится?,A,B,B,4,False
MMBench-ru,tuned,171,"На основе карты, что было верно о Великом шёлковом пути около 1300 года н.э.?",A,A,A,3,True
MMBench-ru,tuned,1262,Какой из вариантов является правильной подписью к этому изображению?,B,B,B,4,True
MMBench-ru,tuned,1493,На каком изображении самая высокая резкость?,A,B,B,4,False
MMBench-ru,tuned,3260,Сколько грузовиков на этой фотографии?,D,D,D,4,True
MMBench-ru,tuned,163,Что могло бы показать тестирование Эрнесто?,A,C,C,3,False
MMBench-ru,tuned,1465,Что изображено на этом рисунке?,C,C,C,4,True
MMBench-ru,tuned,860,Какова функция продемонстрированного объекта?,D,D,D,4,True
MMBench-ru,tuned,2793,В каком углу нет тарелок?,A,D,D,4,False
MMBench-ru,tuned,1022,Какое человеческое поведение описывает эта картинка?,A,A,A,4,True
MMBench-ru,tuned,2731,Какая профессия у людей справа?,A,A,A,4,True
MMBench-ru,tuned,421,На каком изображении наивысшая резкость?,C,A,A,4,False
MMBench-ru,tuned,1448,Что изображено на этой картинке?,C,C,C,4,True
MMBench-ru,tuned,3195,Какой стиль представлен на этом изображении?,D,D,D,4,True
MMBench-ru,tuned,2293,Что является столицей Северной Каролины?,B,D,D,4,False
MMBench-ru,tuned,3537,Какое настроение передает это изображение?,C,D,D,4,False
MMBench-ru,tuned,2542,Где это находится?,C,C,C,4,True
MMBench-ru,tuned,3069,Какая подпись к изображению является правильной?,D,D,D,4,True
MMBench-ru,tuned,633,Какую связь могут иметь два человека на этом изображении?,C,B,B,4,False
MMBench-ru,tuned,969,В каком направлении находится Иран от Туркменистана?,B,A,A,4,False
MMBench-ru,tuned,665,Какое настроение передает это изображение?,A,D,D,4,False
MMBench-ru,tuned,3276,"Какого цвета другой маленький блестящий объект, имеющий ту же форму, что и крошечный желтый блестящий объект?",A,B,B,4,False
MMBench-ru,tuned,3320,Какое изображение показывает наибольшую резкость?,B,D,D,4,False
MMBench-ru,tuned,725,кто этот человек?,C,B,B,4,False
MMBench-ru,tuned,1688,Какова форма этого объекта?,D,D,D,4,True
MMBench-ru,tuned,101,На этой картинке крылья бабочки имеют одинаковую форму?,B,A,A,3,False
MMBench-ru,tuned,734,какая это достопримечательность? и где она находится?,C,C,C,4,True
MMBench-ru,tuned,3901,Какое человеческое поведение описывает эта картина?,D,A,A,4,False
MMBench-ru,tuned,1360,"Что могут обменять Гордон и Роксана, чтобы каждый получил то, что хочет?",C,C,C,4,True
MMBench-ru,tuned,3204,Какое действие выполняется на этом изображении?,A,B,B,4,False
MMBench-ru,tuned,1686,Какого цвета этот объект?,B,B,B,4,True
MMBench-ru,tuned,3285,Что изображено на этой картинке?,B,B,B,4,True
MMBench-ru,tuned,3468,"Можете ли вы определить время года, когда была сделана фотография?",C,C,C,4,True
MMBench-ru,tuned,3010,"В природе, какая связь между этими двумя существами?",C,D,D,4,False
MMBench-ru,tuned,3347,Какое изображение показывает самый высокий контраст?,A,D,D,4,False
MMBench-ru,tuned,1016,Какой вид человеческого поведения описывает эта картина?,C,C,C,4,True
MMBench-ru,tuned,3712,Какова функция продемонстрированного объекта?,B,B,B,4,True
MMBench-ru,tuned,652,Какова форма этого объекта?,C,C,C,4,True
MMBench-ru,tuned,3225,В каком направлении этот человек смотрит на изображении?,D,D,D,4,True
MMBench-ru,tuned,3880,"В природе, какова взаимосвязь между этими двумя существами?",D,C,C,4,False
MMBench-ru,tuned,442,Какая из изображений самая яркая?,D,D,D,4,True
MMBench-ru,tuned,1566,Какой вариант правильно описывает взаимное расположение объектов на изображении?,B,D,D,4,False
MMBench-ru,tuned,158,Что произойдет дальше?,A,C,C,4,False
MMBench-ru,tuned,1927,"какой код на Python сгенерирует результат, показанный на изображении?",A,C,C,4,False
MMBench-ru,tuned,911,Что значит этот знак?,C,C,C,4,True
MMBench-ru,tuned,817,Какой стиль изображён на этом изображении?,D,C,C,4,False
MMBench-ru,tuned,1885,Какова функция демонстрируемого объекта?,D,D,D,4,True
MMBench-ru,tuned,1432,Какое действие выполняется на этом изображении?,C,A,A,4,False
MMBench-ru,tuned,1250,Какой из вариантов является правильным описанием этого изображения?,D,D,D,4,True
MMBench-ru,tuned,3257,Примерно какая часть изображения занята кошкой на картинке?,D,D,D,4,True
MMBench-ru,tuned,932,В каком направлении от Средиземного моря находится Сирия?,A,A,A,4,True
MMBench-ru,tuned,913,"На этом рисунке показано домашнее задание Анны на каждый будний день. Можешь сказать, что Анна должна делать во вторник?",C,D,D,4,False
MMBench-ru,tuned,96,"Исходя из временной шкалы, какое из следующих утверждений является верным?",A,C,C,3,False
MMBench-ru,tuned,2703,Какая профессия у людей на этом изображении?,B,B,B,4,True
MMBench-ru,tuned,791,Какой это ориентир? И где он находится?,A,A,A,4,True
MMBench-ru,tuned,1632,На картинке изображен горный пейзаж или прибрежный?,A,D,D,4,False
MMBench-ru,tuned,1344,Какую эмоцию изображает этот рисунок?,C,C,C,4,True
MMBench-ru,tuned,1141,Два стула на картинке одного цвета?,C,C,C,3,True
MMBench-ru,tuned,3830,Какая из следующих подписей лучше всего описывает это изображение?,B,B,B,4,True
MMBench-ru,tuned,3167,"Основываясь на изображении, каковы некоторые преимущества для здоровья от употребления такой пищи, как описано?",A,D,D,4,False
MMBench-ru,tuned,1143,Подумайте о магнитной силе между магнитами в каждой паре. Какое из следующих утверждений верно?,A,B,B,3,False
MMBench-ru,tuned,1438,Сколько людей вы видите на этой картинке?,C,D,D,4,False
MMBench-ru,tuned,2627,Какова форма этого объекта?,C,C,C,4,True
MMBench-ru,tuned,2086,Какое человеческое поведение описано на этой картинке?,C,C,C,4,True
MMBench-ru,tuned,1637,"Можешь определить, в какое время года была сделана эта фотография?",B,B,B,4,True
MMBench-ru,tuned,2783,В каком направлении смотрит человек?,C,C,C,4,True
MMBench-ru,tuned,3562,Какое настроение передает это изображение?,C,C,C,4,True
MMBench-ru,tuned,1356,Какой художественный стиль преобладает на этом изображении?,C,C,C,4,True
MMBench-ru,tuned,113,"На этой картинке, являются ли две помады одного цвета?",B,B,B,3,True
MMBench-ru,tuned,3419,Где это?,B,D,D,4,False
MMBench-ru,tuned,1069,Какое изображение более яркое?,A,B,B,2,False
MMBench-ru,tuned,3696,Какой это достопримечательность и где она находится?,D,D,D,4,True
MMBench-ru,tuned,2378,Какое движение хочет передать это изображение?,A,A,A,4,True
MMBench-ru,tuned,3464,Какое основное событие на этом изображении?,B,B,B,4,True
MMBench-ru,tuned,156,"США имеют федеральную систему. Основываясь на этих определениях, какое из этих утверждений скорее всего сделает человек, живущий при федеральной системе?",C,C,C,3,True
MMBench-ru,tuned,444,Какая работа наиболее вероятна для человека на изображении?,C,C,C,4,True
MMBench-ru,tuned,2443,"Какой текст может быть связан с этим изображением, опубликованным в Twitter?",C,C,C,4,True
MMBench-ru,tuned,1779,Что это?,D,D,D,4,True
MMBench-ru,tuned,1415,Где на картинке находится жираф?,A,D,D,4,False
MMBench-ru,tuned,2984,Какая из следующих подписей лучше всего описывает это изображение?,A,A,A,4,True
MMBench-ru,tuned,3221,Какое из следующих утверждений описывает жизнь в независимом городе-государстве?,B,B,B,4,True
MMBench-ru,tuned,3504,Каковы могут быть отношения между этими людьми на изображении?,D,D,D,4,True
MMBench-ru,tuned,1787,кто этот человек?,C,A,A,4,False
MMBench-ru,tuned,2483,Какое изображение самое яркое?,A,C,C,4,False
MMBench-ru,tuned,2094,Какова природа взаимоотношений этих животных?,C,C,C,3,True
MMBench-ru,tuned,473,Каковы отношения между людьми на изображении?,D,D,D,4,True
MMBench-ru,tuned,1577,Какова функция продемонстрированного объекта?,D,D,D,4,True
MMBench-ru,tuned,2361,"Судя по изображению, что указывает на наличие двух пицц, трёх стаканов напитков и столовых приборов на сцене?",D,D,D,4,True
MMBench-ru,tuned,778,Что это за достопримечательность и где она находится?,A,A,A,4,True
MMBench-ru,tuned,1043,Какое человеческое поведение описывает эта картинка?,A,A,A,4,True
MMBench-ru,tuned,181,Какой из этих подписей правильно описывает данное изображение?,D,D,D,4,True
MMBench-ru,tuned,2903,Какова наиболее вероятная цель этого плаката?,B,B,B,4,True
MMBench-ru,tuned,1786,что это за достопримечательность? и где она находится?,B,B,B,4,True
MMBench-ru,tuned,6,Какое изображение более яркое?,A,A,A,2,True
MMBench-ru,tuned,2129,Одинакового ли цвета два стула на картинке?,A,C,C,3,False
MMBench-ru,tuned,2205,Какой из вариантов является правильной подписью к этому изображению?,A,A,A,4,True
MMBench-ru,tuned,2813,"Объект, показанный на этом рисунке:",C,B,B,4,False
MMBench-ru,tuned,2946,Какой из следующих заголовков лучше всего описывает это изображение?,D,D,D,4,True
MMBench-ru,tuned,3039,Какое человеческое поведение описывает эта картинка?,A,A,A,4,True
MMBench-ru,tuned,3018,"В природе, какова связь между этими двумя существами?",D,D,D,4,True
MMBench-ru,tuned,2746,Кто этот человек?,A,C,C,4,False
MMBench-ru,tuned,807,К какой категории относится это изображение?,C,C,C,4,True
MMBench-ru,tuned,1491,На каком изображении самая высокая резкость?,D,B,B,4,False
MMBench-ru,tuned,1766,Какая профессия у людей на этой фотографии?,C,B,B,4,False
MMBench-ru,tuned,286,"Основываясь на описании, чем отличается холодильник на кухне от современных?",A,D,D,4,False
MMBench-ru,tuned,2720,Какая профессия у людей на этой картине?,B,B,B,4,True
MMBench-ru,tuned,1352,Какая эмоция изображена на этой картинке?,C,C,C,4,True
MMBench-ru,tuned,2552,Какое из следующих утверждений соответствует изображению?,D,D,D,4,True
MMBench-ru,tuned,1285,Какой из вариантов является правильной подписью к этому изображению?,B,B,B,4,True
MMBench-ru,tuned,3423,Какое из следующих утверждений соответствует изображению?,D,A,A,4,False
MMBench-ru,tuned,510,Где это находится?,A,C,C,4,False
MMBench-ru,tuned,2948,Какой из следующих подписей лучше всего описывает это изображение?,C,C,C,4,True
MMBench-ru,tuned,1230,Что произойдет дальше?,C,A,A,4,False
MMBench-ru,tuned,2077,Какой раствор имеет более высокую концентрацию зеленых частиц?,B,A,A,3,False
MMBench-ru,tuned,1266,Какой из этих вариантов является правильным названием для этого изображения?,D,D,D,4,True
MMBench-ru,tuned,3359,"Какая работа, скорее всего, у человека на изображении?",C,C,C,4,True
MMBench-ru,tuned,1672,Какой может быть взаимоотношение этих людей на изображении?,A,C,C,4,False
MMBench-ru,tuned,1336,Как называется показанная колония?,A,C,C,4,False
MMBench-ru,tuned,1648,"Можете определить время года, когда был сделан этот снимок?",D,D,D,4,True
MMBench-ru,tuned,2855,Кто это человек?,A,D,D,4,False
MMBench-ru,tuned,1211,"Объект, показанный на этой фигуре:",B,B,B,4,True
MMBench-ru,tuned,2270,Какой из этих штатов находится дальше всего на восток?,A,D,D,4,False
MMBench-ru,tuned,521,Какова главная тема изображения?,B,C,C,4,False
MMBench-ru,tuned,785,К какой категории относится это изображение?,C,C,C,4,True
MMBench-ru,tuned,1722,Какое настроение передает это изображение?,B,B,B,4,True
MMBench-ru,tuned,2723,Какое настроение передает это изображение?,C,C,C,4,True
MMBench-ru,tuned,3530,Какого цвета этот объект?,D,D,D,4,True
MMBench-ru,tuned,2774,Какое настроение передает это изображение?,D,D,D,4,True
MMBench-ru,tuned,3064,Какое человеческое поведение описано на этой картинке?,D,D,D,4,True
MMBench-ru,tuned,712,Какая профессия у людей на этой картине?,B,B,B,4,True
MMBench-ru,tuned,2521,"Если жидкость на картинке содержит только один растворённый элемент, что, скорее всего, это за элемент?",B,D,D,4,False
MMBench-ru,tuned,2331,Какое чувство изображено на этой картинке?,D,D,D,4,True
MMBench-ru,tuned,1232,Что произойдет дальше?,A,C,C,4,False
MMBench-ru,tuned,1663,Какой тип погоды изображен на картинке?,B,B,B,4,True
MMBench-ru,tuned,2244,Какая из этих подписей правильно описывает это изображение?,D,D,D,4,True
MMBench-ru,tuned,1,Из какого материала сделана эта лопатка?,A,A,A,2,True
MMBench-ru,tuned,1244,Какая подпись к этому изображению верная?,D,D,D,4,True
MMBench-ru,tuned,1175,Два банана одного размера?,C,C,C,3,True
MMBench-ru,tuned,3362,Какова основная тема изображения?,A,A,A,4,True
MMBench-ru,tuned,3370,Какой вариант правильно описывает взаимоотношение объектов на изображении?,D,D,D,4,True
MMBench-ru,tuned,3218,"Что могут обменять Дженни и Оливия, чтобы каждая получила то, что она хочет?",D,D,D,4,True
MMBench-ru,tuned,2375,Какой вариант показывает территорию Македонии?,B,D,D,4,False
MMBench-ru,tuned,3644,В каком углу нет ни одной тарелки?,C,B,B,4,False
MMBench-ru,tuned,2681,Какого цвета этот объект?,B,B,B,4,True
MMBench-ru,tuned,1319,"Исходя из изображения, чем можно предположить, что занимается мужчина?",A,A,A,4,True
MMBench-ru,tuned,1904,Какова функция продемонстрированного объекта?,B,A,A,4,False
MMBench-ru,tuned,3386,Какое из следующих утверждений соответствует изображению?,A,C,C,4,False
MMBench-ru,tuned,1811,что это за достопримечательность? и где она находится?,B,B,B,4,True
MMBench-ru,tuned,2767,С какой стороны надкушен пончик?,C,C,C,4,True
MMBench-ru,tuned,3534,Какое настроение передает это изображение?,B,B,B,4,True
MMBench-ru,tuned,2093,Какой тип человеческого поведения описывает эта картинка?,C,C,C,4,True
MMBench-ru,tuned,1938,Какова функция продемонстрированного объекта?,B,B,B,4,True
MMBench-ru,tuned,3014,Какова связь между этими двумя существами в природе?,D,D,D,4,True
MMBench-ru,tuned,695,Какая профессия у людей на этой фотографии?,B,B,B,4,True
MMBench-ru,tuned,2698,Какое настроение передает это изображение?,A,A,A,4,True
MMBench-ru,tuned,347,Какое движение хочет передать это изображение?,D,C,C,4,False
MMBench-ru,tuned,1162,"На этом сравнительном изображении, верхний и нижний модули одного цвета?",C,C,C,3,True
MMBench-ru,tuned,2111,Диваны на картинке одного цвета?,A,C,C,3,False
MMBench-ru,tuned,2719,Какое настроение передает это изображение?,C,C,C,4,True
MMBench-ru,tuned,2592,Какой тип погоды изображён на картинке?,A,C,C,4,False
MMBench-ru,tuned,3478,"Можете ли вы определить, в какое время года была сделана эта фотография?",A,A,A,4,True
MMBench-ru,tuned,1372,Какую эмоцию изображает это изображение?,C,A,A,4,False
MMBench-ru,tuned,3542,Какое настроение передает это изображение?,B,B,B,4,True
MMBench-ru,tuned,3076,Какой вариант является правильной подписью к этому изображению?,A,A,A,4,True
MMBench-ru,tuned,962,В каком направлении Чили от Уругвая?,C,A,A,4,False
MMBench-ru,tuned,2755,Что это за достопримечательность? И где она находится?,B,B,B,4,True
MMBench-ru,tuned,1271,Какой вариант правильно описывает это изображение?,B,B,B,4,True
MMBench-ru,tuned,3625,В каком углу сок?,C,D,D,4,False
MMBench-ru,tuned,815,"Объект, показанный на этой фигуре:",A,B,B,4,False
MMBench-ru,tuned,603,Каковы могут быть отношения между двумя людьми на этом изображении?,A,A,A,4,True
MMBench-ru,tuned,100,Какое утверждение описывает экосистему Большой пустыни Виктория?,B,B,B,2,True
MMBench-ru,tuned,189,Какой из вариантов правильно описывает это изображение?,A,D,D,4,False
MMBench-ru,tuned,3798,Какой из следующих подписей лучше всего описывает это изображение?,D,D,D,4,True
MMBench-ru,tuned,3650,В каком направлении стоит человек?,D,D,D,4,True
MMBench-ru,tuned,2503,Какими отношениями связаны люди на изображении?,B,C,C,4,False
MMBench-ru,tuned,3785,Какой из следующих подписей лучше всего описывает это изображение?,D,D,D,4,True
MMBench-ru,tuned,298,Какая эмоция изображена на этом изображении?,A,A,A,4,True
MMBench-ru,tuned,1865,Какой стиль изображен на этом изображении?,A,D,D,4,False
MMBench-ru,tuned,1697,Какую форму имеет этот объект?,D,D,D,4,True
MMBench-ru,tuned,2579,"Исходя из изображения, какова взаимосвязь между белой лошадью и черной лошадью?",C,D,D,4,False
MMBench-ru,tuned,2357,Международная организация состоит из членов (). которые (),D,D,D,4,True
MMBench-ru,tuned,796,К какой категории относится это изображение?,A,A,A,4,True
MMBench-ru,tuned,3516,Каковы могут быть отношения между двумя людьми на этом изображении?,D,D,D,4,True
MMBench-ru,tuned,2852,Какова функция продемонстрированного объекта?,B,B,B,4,True
MMBench-ru,tuned,1572,Какова основная тема изображения?,C,C,C,4,True
MMBench-ru,tuned,2024,Какой из следующих подписей лучше всего описывает это изображение?,D,D,D,4,True
MMBench-ru,tuned,1636,Какой тип погоды изображен на картинке?,D,D,D,4,True
MMBench-ru,tuned,999,"В природе, какие отношения существуют между этими двумя существами?",B,B,B,4,True
MMBench-ru,tuned,604,Каковы могут быть отношения между двумя главными персонажами на этом изображении?,A,A,A,4,True
MMBench-ru,tuned,2687,Какой неприятный исход на этом изображении?,A,C,C,4,False
MMBench-ru,tuned,2816,К какой категории относится это изображение?,D,A,A,4,False
MMBench-ru,tuned,22,Какое изображение более красочное?,A,A,A,2,True
MMBench-ru,tuned,3713,Какова функция продемонстрированного объекта?,B,B,B,4,True
MMBench-ru,tuned,3154,"Основываясь на изображении, в чем одно из преимуществ тренировки на скейтборде в помещении по сравнению с катанием на улице?",D,D,D,4,True
MMBench-ru,tuned,436,Какой категории сцены лучше всего соответствует это изображение?,C,C,C,4,True
MMBench-ru,tuned,1741,Какое отношение могут иметь друг к другу эти люди на изображении?,B,D,D,4,False
MMBench-ru,tuned,896,"Площадь какой фигуры можно рассчитать, используя формулу, показанную на этом изображении?",C,A,A,4,False
MMBench-ru,tuned,720,Какое настроение передает это изображение?,C,C,C,4,True
MMBench-ru,tuned,2850,"Объект, показанный на этой фигуре:",C,B,B,4,False
MMBench-ru,tuned,2121,На этом сравнительном изображении левый и правый модули одного цвета?,C,C,C,3,True
MMBench-ru,tuned,1902,Какова функция продемонстрированного объекта?,B,D,D,4,False
MMBench-ru,tuned,3502,Какое отношение эти люди могут иметь друг к другу на этой картинке?,A,A,A,4,True
MMBench-ru,tuned,2283,Какой из этих штатов находится дальше всего на восток?,C,A,A,4,False
MMBench-ru,tuned,1020,Какое человеческое поведение описывает эта картина?,A,A,A,4,True
MMBench-ru,tuned,497,Как называется этот город?,A,A,A,4,True
MMBench-ru,tuned,1869,В каком стиле выполнена эта картина?,A,C,C,4,False
MMBench-ru,tuned,546,Как называется этот университет?,A,D,D,4,False
MMBench-ru,tuned,1903,Какова функция демонстрируемого объекта?,B,B,B,4,True
MMBench-ru,tuned,2734,Кто этот человек?,C,B,B,4,False
MMBench-ru,tuned,3497,Каковы могут быть отношения между двумя людьми на этом изображении?,B,B,B,4,True
MMBench-ru,tuned,2289,"Исходя из изображения, что способствует беспорядку и неорганизованному виду в углу кухни?",D,C,C,4,False
MMBench-ru,tuned,2438,Извлеките текст из изображения.,A,A,A,4,True
MMBench-ru,tuned,1299,"Основываясь на изображении, какова цель использования зонтика человеком, который идет под дождем?",D,D,D,4,True
MMBench-ru,tuned,3640,К какой категории относится это изображение?,D,D,D,4,True
MMBench-ru,tuned,1812,где находится собака?,A,A,A,4,True
MMBench-ru,tuned,2509,Какое изображение показывает наибольший контраст?,C,D,D,4,False
MMBench-ru,tuned,3272,Сколько самолётов видно на этой картинке?,B,B,B,4,True
MMBench-ru,tuned,2067,Какой тип человеческого поведения описывается на этой картинке?,B,B,B,4,True
MMBench-ru,tuned,1747,Какая профессия у людей на этой картинке?,A,A,A,4,True
MMBench-ru,tuned,3235,Где на картинке находится женщина?,A,A,A,4,True
MMBench-ru,tuned,1826,К какой категории относится это изображение?,C,D,D,4,False
MMBench-ru,tuned,651,Какое настроение передает это изображение?,C,D,D,4,False
MMBench-ru,tuned,3046,Какое поведение человека описывает эта картина?,A,A,A,4,True
MMBench-ru,tuned,1944,Какой код на Python может сгенерировать содержимое изображения?,B,B,B,4,True
MMBench-ru,tuned,1843,К какой категории относится это изображение?,B,B,B,4,True
MMBench-ru,tuned,1061,Какое человеческое поведение описывает эта картинка?,A,A,A,4,True
MMBench-ru,tuned,3456,Какой тип погоды изображен на картинке?,A,A,A,4,True
MMBench-ru,tuned,1012,Каковы взаимоотношения между этими двумя существами в природе?,A,D,D,4,False
MMBench-ru,tuned,2611,"Можете ли вы определить, в какое время года была сделана эта фотография?",B,B,B,4,True
MMBench-ru,tuned,1135,Какова природа взаимоотношений этих животных?,C,C,C,3,True
MMBench-ru,tuned,3897,Какое человеческое поведение описывает эта картина?,D,D,D,4,True
MMBench-ru,tuned,2135,На этой картинке два попугая одного цвета?,A,C,C,3,False
MMBench-ru,tuned,1984,В каком направлении находится Канада в Атлантическом океане?,D,D,D,4,True
MMBench-ru,tuned,2567,Какой вариант правильно описывает отношение объектов на изображении?,D,D,D,4,True
MMBench-ru,tuned,979,Какой из следующих подписей лучше всего описывает это изображение?,C,C,C,4,True
MMBench-ru,tuned,1124,"Исходя из временной шкалы, какое событие происходит после того, как Джеймс Маршалл обнаруживает золото и до того, как золото становится труднее находить?",B,B,B,2,True
MMBench-ru,tuned,1801,Какой это памятник и где он находится?,B,A,A,4,False
MMBench-ru,tuned,317,Какую эмоцию изображает эта картинка?,B,B,B,4,True
MMBench-ru,tuned,2922,Для чего может использоваться формула на этом изображении?,D,A,A,4,False
MMBench-ru,tuned,1170,Что из перечисленного могло показать испытание Девина?,B,B,B,2,True
MMBench-ru,tuned,960,В каком направлении находится Китай от Монголии?,B,A,A,4,False
MMBench-ru,tuned,1112,Какое изображение более яркое?,B,B,B,2,True
MMBench-ru,tuned,1375,Какой художественный стиль представлен на этом изображении?,C,D,D,4,False
MMBench-ru,tuned,1309,"Основываясь на изображении, какой аспект внешности женщины больше всего способствует впечатлению игривости?",C,A,A,4,False
MMBench-ru,tuned,2212,"Объект, показанный на этом рисунке:",A,C,C,4,False
MMBench-ru,tuned,330,Какое чувство изображено на этом изображении?,D,C,C,4,False
MMBench-ru,tuned,3744,Какой особенный день связан с этим постером?,B,D,D,4,False
MMBench-ru,tuned,617,Какой тип окружения изображён на картинке?,B,B,B,4,True
MMBench-ru,tuned,947,В каком направлении находится Туркменистан от Кыргызстана?,C,A,A,4,False
MMBench-ru,tuned,1568,Какова функция продемонстрированного объекта?,B,B,B,4,True
MMBench-ru,tuned,2842,Какой стиль изображен на этом изображении?,B,A,A,4,False
MMBench-ru,tuned,625,Какими могут быть отношения между двумя главными людьми на этом изображении?,A,A,A,4,True
MMBench-ru,tuned,2893,Какова функция демонстрируемого объекта?,D,**D,D,4,True
MMBench-ru,tuned,876,Площадь какой фигуры можно вычислить с помощью формулы на этой картинке?,A,**C,C,4,False
MMBench-ru,tuned,263,"Основываясь на изображении, какие факторы должны учесть люди с досками для серфинга перед тем, как заняться своей деятельностью на пляже?",A,A,A,4,True
MMBench-ru,tuned,1699,Какого цвета этот объект?,A,**A,A,4,True
MMBench-ru,tuned,1669,Каковы могут быть отношения между двумя людьми на этом изображении?,C,**B,B,4,False
MMBench-ru,tuned,1355,Какое чувство изображено на этой картинке?,B,**A,A,4,False
MMBench-ru,tuned,2222,Какой из вариантов является правильным описанием этого изображения?,B,**B,B,4,True
MMBench-ru,tuned,1908,Какова функция демонстрируемого объекта?,C,**C,C,4,True
MMBench-ru,tuned,1703,Какое настроение передает это изображение?,B,B,B,4,True
MMBench-ru,tuned,255,"Объект, показанный на этом рисунке:",D,A,A,4,False
MMBench-ru,tuned,847,"Объект, показанный на этом рисунке:",A,D,D,4,False
MMBench-ru,tuned,1720,Какую форму имеет этот объект?,A,A,A,4,True
MMBench-ru,tuned,1595,"На изображении показана сцена химического эксперимента. Пожалуйста, выберите сырьевые материалы, которые могут использоваться в этом эксперименте.",C,A,A,4,False
MMBench-ru,tuned,3501,Какова может быть взаимосвязь этих людей на изображении?,D,D,D,4,True
MMBench-ru,tuned,2848,В каком стиле выполнена эта картина?,B,C,C,4,False
MMBench-ru,tuned,80,"Судя по цепочке событий, когда Тинкер Белл была отравлена?",B,A,A,2,False
MMBench-ru,tuned,2358,Какой художественный стиль изображен на картинке?,C,C,C,4,True
MMBench-ru,tuned,1558,Где это находится?,B,B,B,4,True
MMBench-ru,tuned,1953,"Какая формула имеет тот же результат вычисления, что и формула на рисунке?",A,D,D,4,False
MMBench-ru,tuned,24,Какая изображение более красочная?,A,A,A,2,True
MMBench-ru,tuned,1440,Какой обозначение показывает территорию Македонии?,A,C,C,4,False
MMBench-ru,tuned,1223,"Объект, показанный на этом рисунке:",D,B,B,4,False
MMBench-ru,tuned,3541,Какое настроение передает это изображение?,D,D,D,4,True
MMBench-ru,tuned,1597,Что верно?,B,B,B,4,True
MMBench-ru,tuned,1716,Какое настроение передаёт это изображение?,A,A,A,4,True
MMBench-ru,tuned,2204,"На основе изображения, где находится мальчик?",A,C,C,4,False
MMBench-ru,tuned,3061,Какой из этих подписей правильно описывает изображение?,D,D,D,4,True
MMBench-ru,tuned,3009,Какое взаимодействие характерно для этих двух существ в природе?,B,B,B,4,True
MMBench-ru,tuned,2236,Какая подпись к этому изображению правильная?,B,B,B,4,True
MMBench-ru,tuned,2470,Какое изображение показывает наибольшую четкость?,C,A,A,4,False
MMBench-ru,tuned,903,Какая из следующих подписей лучше всего описывает это изображение?,A,A,A,4,True
MMBench-ru,tuned,1999,В каком направлении находится Италия в Средиземном море?,A,B,B,4,False
MMBench-ru,tuned,3763,"Объем какого объекта можно вычислить, используя формулу на рисунке?",B,A,A,4,False
MMBench-ru,tuned,1117,Какой термин соответствует изображению?,B,B,B,2,True
MMBench-ru,tuned,1785,Кто этот человек?,C,D,D,4,False
MMBench-ru,tuned,3536,"Согласно тексту, что из следующего делало миграцию странствующего голубя особенным событием?",C,C,C,4,True
MMBench-ru,tuned,118,"На изображении два объекта, сложенные из кубов. Они одинаковой формы?",B,B,B,3,True
MMBench-ru,tuned,1592,Где это находится?,B,D,D,4,False
MMBench-ru,tuned,1376,Какое чувство изображено на этой картинке?,C,C,C,4,True
MMBench-ru,tuned,2739,Какая профессия у людей на этой картинке?,A,A,A,4,True
MMBench-ru,tuned,2781,В каком углу нет тарелок?,B,D,D,4,False
MMBench-ru,tuned,1656,Какой тип окружения изображен на картинке?,A,A,A,4,True
MMBench-ru,tuned,2966,В каком направлении находится Чили от Уругвая?,A,C,C,4,False
MMBench-ru,tuned,3648,что это за достопримечательность? и где она находится?,D,B,B,4,False
MMBench-ru,tuned,1914,Что означает этот знак?,D,D,D,4,True
MMBench-ru,tuned,3369,Где это?,B,B,B,4,True
MMBench-ru,tuned,2548,Какая основная тема изображения?,D,D,D,4,True
MMBench-ru,tuned,3800,В каком направлении от Средиземного моря находится Франция?,C,D,D,4,False
MMBench-ru,tuned,110,Одинакового ли размера два банана?,B,B,B,3,True
MMBench-ru,tuned,1613,Где это находится?,B,C,C,4,False
MMBench-ru,tuned,2424,"На изображении, в каком направлении смотрит этот человек?",C,C,C,4,True
MMBench-ru,tuned,2311,"На основе изображения, какие эмоции может вызвать у зрителей образ пожилого мужчины, сидящего на скамейке?",C,C,C,4,True
MMBench-ru,tuned,2715,Какая профессия у людей на этой картинке?,D,D,D,4,True
MMBench-ru,tuned,111,Какой тип породы представляет собой сланец?,C,B,B,3,False
MMBench-ru,tuned,343,Какое действие выполняется на этом изображении?,B,B,B,4,True
MMBench-ru,tuned,2632,Как могут быть связаны два человека на этой фотографии?,D,C,C,4,False
MMBench-ru,tuned,1755,Какова профессия людей на этой картинке?,D,D,D,4,True
MMBench-ru,tuned,555,Что правильно?,C,C,C,4,True
MMBench-ru,tuned,1891,Какова функция продемонстрированного объекта?,D,C,C,4,False
MMBench-ru,tuned,744,Какова профессия людей на этой фотографии?,A,A,A,4,True
MMBench-ru,tuned,3168,Какую эмоцию изображает данное изображение?,D,D,D,4,True
MMBench-ru,tuned,1065,Какая картинка более яркая?,B,B,B,2,True
MMBench-ru,tuned,3243,Примерно какую часть изображения занимает автобус на картинке?,B,C,C,4,False
MMBench-ru,tuned,1340,Какой континент выделен?,A,B,B,4,False
MMBench-ru,tuned,866,Какой код на Python может сгенерировать содержимое изображения?,B,D,D,4,False
MMBench-ru,tuned,1862,Какой стиль изображен на этом изображении?,C,C,C,4,True
MMBench-ru,tuned,1338,"Основываясь на изображении, какое значение для мальчика может иметь объятие с огромным плюшевым мишкой?",B,D,D,4,False
MMBench-ru,tuned,1382,"Какая буква обозначает территорию, контролируемую древней цивилизацией Майя?",C,B,B,4,False
MMBench-ru,tuned,3055,Какой код на Python может сгенерировать содержимое изображения?,D,D,D,4,True
MMBench-ru,tuned,3874,Каковы взаимоотношения между этими двумя существами в природе?,D,C,C,4,False
MMBench-ru,tuned,1726,Какого цвета этот объект?,C,C,C,4,True
MMBench-ru,tuned,1033,Какое человеческое поведение описывает эта картинка?,C,C,C,4,True
MMBench-ru,tuned,3477,Каковы могут быть отношения между двумя людьми на этом изображении?,D,D,D,4,True
MMBench-ru,tuned,1926,Что хочет выразить эта картинка?,C,C,C,4,True
MMBench-ru,tuned,3674,К какой категории относится это изображение?,D,D,D,4,True
MMBench-ru,tuned,3681,Какой стиль изображен на этой картине?,D,D,D,4,True
MMBench-ru,tuned,213,Какой из этих вариантов является правильной подписью к этому изображению?,C,C,C,4,True
MMBench-ru,tuned,1433,Примерно какую часть фотографии занимает человек на изображении?,B,C,C,4,False
MMBench-ru,tuned,918,Какой из следующих подписей лучше всего описывает данное изображение?,C,C,C,4,True
MMBench-ru,tuned,2662,Какова форма этого объекта?,A,A,A,4,True
MMBench-ru,tuned,3442,Какое главное событие на этом изображении?,B,D,D,4,False
MMBench-ru,tuned,2669,Какой формы этот объект?,B,B,B,4,True
MMBench-ru,tuned,164,Что произойдёт дальше?,C,C,C,4,True
MMBench-ru,tuned,127,Два стула на картинке одного цвета?,B,B,B,3,True
MMBench-ru,tuned,3142,"Основываясь на изображении, какова возможная причина почти пустой миски?",D,D,D,4,True
MMBench-ru,tuned,816,В каком стиле выполнена эта картина?,D,B,B,4,False
MMBench-ru,tuned,83,Каковы природные взаимоотношения этих животных?,B,A,A,3,False
MMBench-ru,tuned,3786,Какой из следующих подписей лучше всего описывает это изображение?,D,D,D,4,True
MMBench-ru,tuned,624,Какую связь могут иметь два человека на этом изображении?,C,C,C,4,True
MMBench-ru,tuned,3465,"Можете определить, в каком сезоне была сделана эта фотография?",C,C,C,4,True
MMBench-ru,tuned,517,Показанный на рисунке газ:,A,B,B,4,False
MMBench-ru,tuned,1939,Площадь какой фигуры можно вычислить с помощью формулы на этом изображении?,C,B,B,4,False
MMBench-ru,tuned,2742,Какое настроение передает это изображение?,A,A,A,4,True
MMBench-ru,tuned,468,Какой категории сцены лучше всего соответствует это изображение?,C,B,B,4,False
MMBench-ru,tuned,2310,"Основываясь на описании, как люди на изображении взаимодействуют с игрой?",C,C,C,4,True
MMBench-ru,tuned,892,"Объем какого предмета можно рассчитать, используя формулу на рисунке?",B,C,C,4,False
MMBench-ru,tuned,3224,Какого цвета этот маленький блестящий цилиндр?,C,B,B,4,False
MMBench-ru,tuned,2865,Какова функция продемонстрированного предмета?,C,C,C,4,True
MMBench-ru,tuned,1049,"Основываясь на таблице, что изобрела Рут Хэндлер?",A,B,B,2,False
MMBench-ru,tuned,1510,Какая категория сцены лучше всего соответствует этому изображению?,C,C,C,4,True
MMBench-ru,tuned,687,Какое настроение передает это изображение?,A,A,A,4,True
MMBench-ru,tuned,2481,Какое изображение показывает наибольший контраст?,D,C,C,4,False
MMBench-ru,tuned,2487,Какова связь между людьми на изображении?,C,C,C,4,True
MMBench-ru,tuned,3187,Какая эмоция изображена на этом изображении?,A,C,C,4,False
MMBench-ru,tuned,3717,Какова функция демонстрируемого объекта?,A,A,A,4,True
MMBench-ru,tuned,670,Какое настроение передает это изображение?,B,C,C,4,False
MMBench-ru,tuned,1274,"На основании изображения, какова может быть основная причина, по которой человек на картинке использует черный зонтик?",C,C,C,4,True
MMBench-ru,tuned,3329,"Какой текст может быть связан с этим изображением, размещённым в Твиттере?",D,A,A,4,False
MMBench-ru,tuned,2370,Определите художественный стиль этого изображения.,B,C,C,4,False
MMBench-ru,tuned,105,Обручи на картинке одного размера?,A,A,A,3,True
MMBench-ru,tuned,1277,"Исходя из изображения, какова может быть цель металлической конструкции вокруг двухэтажного автобуса?",B,B,B,4,True
MMBench-ru,tuned,3101,Какой из вариантов является правильным описанием этого изображения?,D,D,D,4,True
MMBench-ru,tuned,3242,Какой художественный стиль представлен на этом изображении?,A,B,B,4,False
MMBench-ru,tuned,1537,Какая категория сцены лучше всего соответствует этому изображению?,D,D,D,4,True
MMBench-ru,tuned,1624,Где это находится?,A,A,A,4,True
MMBench-ru,tuned,2928,Какой код на Python может сгенерировать содержимое изображения?,C,C,C,4,True
MMBench-ru,tuned,812,Сколько яблок на изображении? И сколько бананов на изображении?,D,D,D,4,True
MMBench-ru,tuned,311,"Основываясь на изображении, какова возможная цель данного места?",A,A,A,4,True
MMBench-ru,tuned,2425,Какое движение хочет передать это изображение?,D,D,D,4,True
MMBench-ru,tuned,2828,К какой категории относится это изображение?,C,C,C,4,True
MMBench-ru,tuned,2569,Как называется это место?,C,D,D,4,False
MMBench-ru,tuned,994,Какое человеческое поведение описано на этой картинке?,B,B,B,4,True
MMBench-ru,tuned,417,Что изображено на этой картинке?,D,D,D,4,True
MMBench-ru,tuned,3250,"Что могут обменять Маккензи и Зейн, чтобы каждый из них получил то, что он хочет?",D,D,D,4,True
MMBench-ru,tuned,1235,Какая подпись правильно описывает это изображение?,C,C,C,4,True
MMBench-ru,tuned,2802,Что это за достопримечательность и где она находится?,D,D,D,4,True
MMBench-ru,tuned,2459,Кто изображен на этом фото?,D,A,A,4,False
MMBench-ru,tuned,3627,что это за достопримечательность? и где это находится?,C,C,C,4,True
MMBench-ru,tuned,2318,"Судя по изображению, в чем люди на пляже находят радость, несмотря на пасмурную погоду?",C,C,C,4,True
MMBench-ru,tuned,168,"Объект, показанный на этой фигуре:",C,A,A,4,False
MMBench-ru,tuned,1422,На картинке в каком направлении смотрит мужчина?,C,C,C,4,True
MMBench-ru,tuned,2182,Какой из следующих вариантов является правильным описанием изображения?,D,D,D,4,True
MMBench-ru,tuned,3750,Какое действие с дробями представлено этой формулой?,C,A,A,4,False
MMBench-ru,tuned,2709,Какое настроение передает это изображение?,A,D,D,4,False
MMBench-ru,tuned,1517,Какой категории сцены лучше всего соответствует это изображение?,C,C,C,4,True
MMBench-ru,tuned,282,"Глядя на изображение, что может сказать о взаимоотношениях мужчины и его маленькой черной собаки в шляпе?",A,A,A,4,True
MMBench-ru,tuned,3446,Какой тип окружения изображен на картинке?,C,C,C,4,True
MMBench-ru,tuned,2652,"Основываясь на изображении, где находится ноутбук?",D,D,D,4,True
MMBench-ru,tuned,1397,Какое движение хочет передать это изображение?,D,D,D,4,True
MMBench-ru,tuned,51,Описывает ли этот отрывок погоду или климат?,A,B,B,2,False
MMBench-ru,tuned,3106,Какое из следующих действий будет наименее ожидаемым поведением для женщины в дождливую погоду?,B,B,B,4,True
MMBench-ru,tuned,2007,Какая из следующих подписей лучше всего описывает это изображение?,A,A,A,4,True
MMBench-ru,tuned,432,Какое изображение показывает самый высокий контраст?,A,A,A,4,True
MMBench-ru,tuned,1775,Кто этот человек?,D,C,C,4,False
MMBench-ru,tuned,1483,Какая из изображений показывает наибольшую контрастность?,A,B,B,4,False
MMBench-ru,tuned,3816,В каком направлении находится Китай от Кыргызстана?,D,D,D,4,True
MMBench-ru,tuned,1883,Какова функция продемонстрированного объекта?,D,D,D,4,True
MMBench-ru,tuned,2897,С каким особым днем связан этот плакат?,A,A,A,4,True
MMBench-ru,tuned,3685,"Объект, показанный на этой фигуре:",D,B,B,4,False
MMBench-ru,tuned,1783,Что это?,A,A,A,4,True
MMBench-ru,tuned,721,Какой тип окружающей среды изображён на картинке?,D,D,D,4,True
MMBench-ru,tuned,2137,На этом изображении две помады одного цвета?,A,C,C,3,False
MMBench-ru,tuned,2664,Какого цвета этот объект?,B,B,B,4,True
MMBench-ru,tuned,1106,Какой раствор имеет более высокую концентрацию розовых частиц?,A,C,C,3,False
MMBench-ru,tuned,2522,Какой вариант правильно описывает взаиморасположение объектов на изображении?,C,C,C,4,True
MMBench-ru,tuned,3092,Какой из вариантов является правильным описанием этого изображения?,D,D,D,4,True
MMBench-ru,tuned,1980,В каком направлении находится Румыния от Средиземного моря?,D,B,B,4,False
MMBench-ru,tuned,3021,Какова взаимосвязь между этими двумя существами в природе?,D,D,D,4,True
MMBench-ru,tuned,1784,В каком углу нет никаких тарелок?,D,D,D,4,True
MMBench-ru,tuned,2426,"Что могут обменять Дуэйн и Маделин, чтобы каждый получил то, что он хочет?",C,D,D,4,False
MMBench-ru,tuned,1099,Какой из следующих ископаемых моложе? Выберите наиболее вероятный ответ.,A,A,A,2,True
MMBench-ru,tuned,1320,Как называется показанная колония?,D,C,C,4,False
MMBench-ru,tuned,1005,"В природе, какое отношение между этими двумя существами?",D,D,D,4,True
MMBench-ru,tuned,354,Какое действие выполняется на этом изображении?,C,B,B,4,False
MMBench-ru,tuned,1142,Каковы природные взаимоотношения этих животных?,A,A,A,3,True
MMBench-ru,tuned,1846,К какой категории относится это изображение?,C,B,B,4,False
MMBench-ru,tuned,998,Какое человеческое поведение описывает эта картинка?,D,C,C,4,False
MMBench-ru,tuned,3162,"Основываясь на изображении, чему способствуют большая джакузи и мраморные столешницы в ванной комнате?",D,D,D,4,True
MMBench-ru,tuned,2334,"Определите эмоцию, выраженную на этом изображении.",C,C,C,4,True
MMBench-ru,tuned,2499,Какова связь между людьми на изображении?,A,A,A,4,True
MMBench-ru,tuned,2736,Какова профессия людей на этом изображении?,D,D,D,4,True
MMBench-ru,tuned,3049,Какой из вариантов является правильной подписью к этому изображению?,C,C,C,4,True
MMBench-ru,tuned,1377,Этот образец соответствует какому стилю?,B,B,B,4,True
MMBench-ru,tuned,117,"На этой картинке, двое людей стоят на одной высоте?",B,A,A,3,False
MMBench-ru,tuned,3184,Международная организация состоит из членов () которые ().,A,B,B,4,False
MMBench-ru,tuned,1331,Какая из подписей к этому изображению является правильной?,D,D,D,4,True
MMBench-ru,tuned,3058,Какая из подписей правильно описывает это изображение?,A,A,A,4,True
MMBench-ru,tuned,1997,Какое из следующих описаний лучше всего подходит к этому изображению?,D,D,D,4,True
MMBench-ru,tuned,868,Какой особенный день связан с этим постером?,B,B,B,4,True
MMBench-ru,tuned,1453,"Какой текст может быть связан с этим изображением, опубликованным в Twitter?",B,A,A,4,False
MMBench-ru,tuned,1058,Это место переполнено?,B,да,,2,False
MMBench-ru,tuned,1394,Какое чувство изображено на этой картинке?,A,A,A,4,True
MMBench-ru,tuned,1145,На этом эскизе объекты одинакового размера и формы?,C,B,B,3,False
MMBench-ru,tuned,2441,Что изображено на этой картинке?,C,C,C,4,True
MMBench-ru,tuned,3330,На каком изображении показан самый высокий контраст?,D,D,D,4,True
MMBench-ru,tuned,1131,Каковы природные отношения между этими животными?,C,C,C,3,True
MMBench-ru,tuned,3518,Какова форма этого объекта?,D,C,C,4,False
MMBench-ru,tuned,41,Пластик является минералом?,B,B,B,2,True
MMBench-ru,tuned,2116,Какой из следующих подписей лучше всего описывает это изображение?,D,D,D,4,True
MMBench-ru,tuned,782,К какой категории относится это изображение?,D,D,D,4,True
MMBench-ru,tuned,3661,Сколько здесь собак?,A,C,C,4,False
MMBench-ru,tuned,988,"В природе, какова взаимоотношения между этими двумя существами?",D,D,D,4,True
MMBench-ru,tuned,3354,Какое отношение между людьми на изображении?,C,B,B,4,False
MMBench-ru,tuned,3403,Как называется эта река?,A,A,A,4,True
MMBench-ru,tuned,2274,Какой из вариантов является правильным описанием этого изображения?,A,A,A,4,True
MMBench-ru,tuned,984,Какая взаимосвязь между этими двумя существами в природе?,A,D,D,4,False
MMBench-ru,tuned,2998,В каком направлении находится Туркменистан от Ирана?,B,C,C,4,False
MMBench-ru,tuned,1950,Какой из следующих заголовков лучше всего описывает это изображение?,A,A,A,4,True
MMBench-ru,tuned,2645,Какова может быть связь между двумя людьми на этом изображении?,A,C,C,4,False
MMBench-ru,tuned,2915,Какова наиболее вероятная цель этого плаката?,D,D,D,4,True
MMBench-ru,tuned,2010,В каком направлении находится Северная Корея от Южной Кореи?,A,B,B,4,False
MMBench-ru,tuned,1835,Где находится велосипед?,B,A,A,4,False
MMBench-ru,tuned,70,Какой термин соответствует картинке?,B,B,B,2,True
MMBench-ru,tuned,381,Какое движение хочет передать это изображение?,C,C,C,4,True
MMBench-ru,tuned,1205,Почему кенгуру называют боксерами?,B,C,C,3,False
MMBench-ru,tuned,907,Какая из следующих подписей лучше всего описывает это изображение?,D,D,D,4,True
MMBench-ru,tuned,3206,Какое действие выполняется на этом изображении?,A,C,C,4,False
MMBench-ru,tuned,2833,В каком стиле выполнена эта картина?,D,D,D,4,True
