benchmark,model,index,question,gt,raw,pred,correct,bos,n_options
GQA-ru,base,10476,Полотенца белые и грязные?,нет,да,да,False,True,
GQA-ru,base,1824,"Какого цвета свитер, который носит женщина?",синий,синий,синий,True,True,
GQA-ru,base,409,Из какого материала сделан знак стоп на верхушке столба?,металл,металл,металл,True,True,
GQA-ru,base,12149,Какого цвета брюки?,черные,синие,синие,False,True,
GQA-ru,base,4506,Какие предметы мебели сделаны из дерева?,шкафы,полки,полки,False,True,
GQA-ru,base,4012,Какой предмет мебели высокий?,полка,стол,стол,False,True,
GQA-ru,base,3657,"Торт, который находится справа от девочки, выглядит коричневым и круглым?",да,да,да,True,True,
GQA-ru,base,2286,Что висит над цветами?,картина,книга,книга,False,True,
GQA-ru,base,12066,На какой стороне изображения находятся книги?,справа,справа,справа,True,True,
GQA-ru,base,1679,Как называется широкий предмет мебели?,стул,стул,стул,True,True,
GQA-ru,base,11087,"За чем находится этот забор, за коровой или за слоном?",за слоном,за слоном,за,False,True,
GQA-ru,base,12135,Брюки короткие и темного цвета?,нет,нет,нет,True,True,
GQA-ru,base,8935,"На каком предмете мебели лежит порошок, на кровати или на книжном шкафу?",на кровати,кровать,кровать,False,True,
GQA-ru,base,1424,Блузка в полоску длинного рукава и розового цвета?,нет,нет,нет,True,True,
GQA-ru,base,9674,"Ты думаешь, что дорога грязная?",да,да,да,True,True,
GQA-ru,base,6912,Имеет ли зеркало на стене серебристый цвет и круглую форму?,нет,да,да,False,True,
GQA-ru,base,520,Каковы размеры бетонной тротуарной дорожки?,большие,маленькие,маленькие,False,True,
GQA-ru,base,488,Есть ли лошади перед белым забором?,нет,да,да,False,True,
GQA-ru,base,1535,Какое животное красивое?,лошади,лошадь,лошадь,False,True,
GQA-ru,base,3582,"Какая мебель сделана из такого же материала, как оконная рама, которая выглядит белой?",книжный шкаф,полка,полка,False,True,
GQA-ru,base,3811,"Какой рост у человека, стоящего рядом с другим человеком?",высокий,маленький,маленький,False,True,
GQA-ru,base,8279,Как называется предмет мебели перед огромным зеркалом?,диван,диван,диван,True,True,
GQA-ru,base,9863,Есть ли бумажные стаканы или тарелки?,да,да,да,True,True,
GQA-ru,base,434,Как называется черный предмет мебели?,книжный шкаф,кровать,кровать,False,True,
GQA-ru,base,9195,У занавесок и чашек одинаковый цвет?,да,да,да,True,True,
GQA-ru,base,3257,Какая одежда не является нарядной?,рубашка,кепка,кепка,False,True,
GQA-ru,base,11731,Кого преследует мужчина?,женщину,женщину,женщину,True,True,
GQA-ru,base,10647,Салфетка сделана из ткани или бумаги?,бумага,ткань,ткань,False,True,
GQA-ru,base,11490,Какого цвета знак рядом со светофором?,красный,красного,красного,False,True,
GQA-ru,base,8928,"Озеро, которое кажется мокрым, выглядит спокойным?",нет,да,да,False,True,
GQA-ru,base,6873,Какого размера окно?,маленькое,большое,большое,False,True,
GQA-ru,base,3611,Какое устройство находится справа от колонки?,компьютер,компьютер,компьютер,True,True,
GQA-ru,base,7359,"Какой прибор находится справа от контейнера, который меньше пылесоса?",плита,холодильник,холодильник,False,True,
GQA-ru,base,9654,Какой предмет мебели показан?,диван,диван,диван,True,True,
GQA-ru,base,4557,Есть ли шкаф слева от прибора у окна?,нет,нет,нет,True,True,
GQA-ru,base,106,Из чего сделан телефон?,пластик,металл,металл,False,True,
GQA-ru,base,2615,Что находится перед белой плиткой?,кран,полка,полка,False,True,
GQA-ru,base,11438,В каком устройстве находится алкоголь?,в блендере,блендер,блендер,False,True,
GQA-ru,base,6924,Этот стол круглый?,нет,нет,нет,True,True,
GQA-ru,base,5574,Что выше трубы?,окно,плита,плита,False,True,
GQA-ru,base,4552,"Стоят ли банки справа от кружек, которые стоят на плите?",да,да,да,True,True,
GQA-ru,base,2547,"Что менее здоровое, зефир или малина?",зефир,малина,малина,False,True,
GQA-ru,base,3527,"Вы видите велосипеды или самокаты, которые не серые?",нет,нет,нет,True,True,
GQA-ru,base,5514,Животные разных видов?,нет,да,да,False,True,
GQA-ru,base,1674,Из какого материала сделан черный стул?,металл,дерево,дерево,False,True,
GQA-ru,base,1519,Что находится перед улицей?,деревья,столб,столб,False,True,
GQA-ru,base,6224,Девушка слева или справа от серебристого автомобиля?,справа,справа,справа,True,True,
GQA-ru,base,1584,Монитор над клавиатурой серый и маленький?,нет,нет,нет,True,True,
GQA-ru,base,5881,"Есть ли на этой фотографии и тарелка, и нож?",нет,TR nahilalakip nahilalakip nahilalakip nahilalakip nahilalakip nahilalakip nahilalakip nahilalakip nahilalakip,tr,False,True,
GQA-ru,base,5635,Какой это предмет мебели?,кровать,TRбина,trбина,False,True,
GQA-ru,base,9891,Какой прибор находится справа от контейнера?,духовка,TRASHER,trasher,False,True,
GQA-ru,base,4333,Облачно ли на этой фотографии?,да,TR discrepanтно,tr,False,True,
GQA-ru,base,711,Какого цвета стул справа от женщины?,черный,TRUMPET,trumpet,False,True,
GQA-ru,base,11955,"Пирс, который сделан из дерева, коричневый или, может быть, белый?",коричневый,"The word ""birch"" is on the side",the,False,True,
GQA-ru,base,7527,Чего держится спортсмен?,ракетку,TRIK étroite,trik,False,True,
GQA-ru,base,8785,Что перед зданием?,деревья,TRUCK,truck,False,True,
GQA-ru,base,2045,Какая погода?,облачно,солнечная,солнечная,False,True,
GQA-ru,base,6201,"Ваза и унитаз, которые выглядят прямоугольными, оба белые?",да,да,да,True,True,
GQA-ru,base,1291,Какого цвета поле за забором?,коричневый,зелёного,зелёного,False,True,
GQA-ru,base,9044,"Как вы думаете, какая вещь сделана из хлопка?",футболка,шляпа,шляпа,False,True,
GQA-ru,base,4803,На какой стороне находится аптечка?,справа,слева,слева,False,True,
GQA-ru,base,10299,Соус одновременно жидкий и темный?,нет,нет,нет,True,True,
GQA-ru,base,10133,В чём находится вода?,стакан,в стакане,в,False,True,
GQA-ru,base,5925,Какой вид транспортного средства черный?,автобус,автобус,автобус,True,True,
GQA-ru,base,9459,Какое устройство находится справа от стула?,ноутбук,ноутбук,ноутбук,True,True,
GQA-ru,base,3150,Эта девочка под мягкой игрушкой?,нет,да,да,False,True,
GQA-ru,base,11543,"Вы видите дверь, которая не закрыта?",нет,нет,нет,True,True,
GQA-ru,base,1139,Кто держит белую еду внутри холодильника?,женщина,женщина,женщина,True,True,
GQA-ru,base,750,Какой кухонный предмет не тёплый?,лопатка,чайник,чайник,False,True,
GQA-ru,base,10834,Какого размера рубашка?,маленькая,маленькая,маленькая,True,True,
GQA-ru,base,3733,"Какой твёрдости скейтпарк, на котором катается мужчина?",твёрдый,твёрдая,твёрдая,False,True,
GQA-ru,base,4741,"Как вы думаете, на что смотрит бейсболист перед судьей?",на бейсбольный мяч,на мяч,на,False,True,
GQA-ru,base,1307,Серф находится в нижней части или в верхней части изображения?,в верхней,TRAVERS,travers,False,True,
GQA-ru,base,3814,С какой стороны изображения находится арбитр?,слева,TR Hered,tr,False,True,
GQA-ru,base,1654,Какой тип знака установлен на широком тротуаре?,дорожный знак,TRAMPADE,trampade,False,True,
GQA-ru,base,6227,Есть ли на этом изображении черные ракетки или бейсбольные биты?,нет,The image does not show any black rackets or,the,False,True,
GQA-ru,base,4554,"Как ты думаешь, кто на скейтборде?",мальчик,TRUMPET,trumpet,False,True,
GQA-ru,base,7428,Выглядит ли велосипед на тротуаре красочным?,да,TR nahilalakip nahilalakip nahilalakip nahilalakip nahilalakip nahilalakip nahilalakip nahilalakip nahilalakip,tr,False,True,
GQA-ru,base,10415,Рубашка в полоску с длинными рукавами или с короткими?,с короткими,TRЁЁ étroite,trёё,False,True,
GQA-ru,base,5977,Кто стоит перед пластиковой вывеской?,мужчина,TRASHCAN,trashcan,False,True,
GQA-ru,base,2664,Деревья возле скалы низкие и зелёные?,нет,да,да,False,True,
GQA-ru,base,6065,Кто носит пальто?,дама,женщина,женщина,False,True,
GQA-ru,base,5820,Он носит перчатку?,нет,да,да,False,True,
GQA-ru,base,3432,На чём едет человек?,на мотоцикле,мотоцикл,мотоцикл,False,True,
GQA-ru,base,10980,На чем сидит человек справа от бутылки?,на стуле,стул,стул,False,True,
GQA-ru,base,4374,Что использует мужчина?,скейтборд,скейтборд,скейтборд,True,True,
GQA-ru,base,11498,Чистый ли потолок?,да,да,да,True,True,
GQA-ru,base,11199,Есть ли барные стулья или столы?,да,да,да,True,True,
GQA-ru,base,10617,Какой предмет мебели изготовлен из пластика?,письменный стол,стол,стол,False,True,
GQA-ru,base,1169,"Трибуны, которые не длинные, сделаны из дерева?",нет,нет,нет,True,True,
GQA-ru,base,9980,Хвост выглядит треугольным и красным?,да,да,да,True,True,
GQA-ru,base,10403,"Галстук имеет другой цвет, чем туфли?",нет,да,да,False,True,
GQA-ru,base,2803,Какого цвета занавеска слева от подушек?,жёлтая,красная,красная,False,True,
GQA-ru,base,8751,"Как называется транспортное средство, изготовленное из того же материала, что и не короткий столб?",фургон,фургон,фургон,True,True,
GQA-ru,base,11946,Коричневая колбаса лежит на тарелке?,да,да,да,True,True,
GQA-ru,base,4010,Что общего у пульта и телефона?,материал,цвет,цвет,False,True,
GQA-ru,base,2677,На что смотрит мужчина?,на двери,телевизор,телевизор,False,True,
GQA-ru,base,7573,С чем он играет?,с контроллером wii,контроллер,контроллер,False,True,
GQA-ru,base,6216,Кто сидит на маленькой кровати?,мальчик,ребенок,ребенок,False,True,
GQA-ru,base,4422,Что это за место?,дорога,дорога,дорога,True,True,
GQA-ru,base,10485,Пляж сухой и каменистый?,нет,нет,нет,True,True,
GQA-ru,base,11274,Бутылка вина и тостер сделаны из одного и того же материала?,нет,нет,нет,True,True,
GQA-ru,base,9125,Горшок для растений полный или пустой?,полный,полный,полный,True,True,
GQA-ru,base,3598,Есть ли девочки справа от теннисной ракетки?,да,да,да,True,True,
GQA-ru,base,11216,"Что находится перед зеркалом, слева от которого висят картины?",кровать,книга,книга,False,True,
GQA-ru,base,5313,Есть ли забор перед кустами?,нет,нет,нет,True,True,
GQA-ru,base,916,"Где на картинке высокий игрок, слева или справа?",слева,справа,справа,False,True,
GQA-ru,base,3752,Из чего сделано стекло?,из стекла,стекло,стекло,False,True,
GQA-ru,base,525,Пожарная машина на улице выглядит грязной и белой?,нет,нет,нет,True,True,
GQA-ru,base,5168,Какой предмет мебели находится под прямоугольным устройством?,стул,стул,стул,True,True,
GQA-ru,base,6572,Выглядит ли шоколадный десерт круглым и зеленым?,нет,да,да,False,True,
GQA-ru,base,4386,Флаг выглядит спокойным и синим?,нет,нет,нет,True,True,
GQA-ru,base,1084,На какой стороне картинки находится молодой человек?,слева,слева,слева,True,True,
GQA-ru,base,3456,Есть ли какие-нибудь лампы над белой стойкой?,нет,нет,нет,True,True,
GQA-ru,base,9292,"Какого цвета волосы у дамы, которая не антикварная?",блонд,белые,белые,False,True,
GQA-ru,base,11762,Кто держит ракетку?,девочка,женщина,женщина,False,True,
GQA-ru,base,5155,Как называется прямоугольный предмет мебели?,письменный стол,стол,стол,False,True,
GQA-ru,base,3483,"Какое животное висит над дорожкой, изображённое на картинке?",жираф,жираф,жираф,True,True,
GQA-ru,base,10738,"Находится ли низкий человек справа или слева от сумки, которая находится под столом?",справа,слева,слева,False,True,
GQA-ru,base,8179,"Мужчина справа или слева от слона, который стоит перед скамейками?",справа,справа,справа,True,True,
GQA-ru,base,6482,Что висит на окне из стекла?,шторы,полотенце,полотенце,False,True,
GQA-ru,base,10532,"Как называются овощи, которые лежат на кухонном принадлежности, стоящей на столе?",маринованные огурцы,лук,лук,False,True,
GQA-ru,base,7517,Что общего у книжного шкафа и сумки?,цвет,цвет,цвет,True,True,
GQA-ru,base,2340,"Кто игрок, который присел и смотрит?",бэттер,игрок,игрок,False,True,
GQA-ru,base,4339,Какое это место?,пастбище,поле,поле,False,True,
GQA-ru,base,2287,Есть ли у вас серебристые DVD-плееры или ноутбуки?,нет,нет,нет,True,True,
GQA-ru,base,4040,"Сидит ли человек слева от ноутбука рядом с подарком, который находится рядом с мужчиной?",да,нет,нет,False,True,
GQA-ru,base,12205,К чему привязана веревка?,к пальто,пальто,пальто,False,True,
GQA-ru,base,9197,Какое устройство находится рядом с компьютерной мышью?,клавиатура,экран,экран,False,True,
GQA-ru,base,8830,Из чего сделан забор?,из металла,металл,металл,False,True,
GQA-ru,base,4304,Какой предмет лежит на журнальном столике?,пульт управления,журналы,журналы,False,True,
GQA-ru,base,9577,Кто наклоняется?,футболист,девочка,девочка,False,True,
GQA-ru,base,7019,"Тележка, которая находится слева от машины, металлическая и черная?",да,да,да,True,True,
GQA-ru,base,9560,"Сидит ли человек, не являющийся женщиной, за партой?",нет,да,да,False,True,
GQA-ru,base,6543,Как называется этот предмет мебели?,полка,полка,полка,True,True,
GQA-ru,base,5930,Какая мебель жёлтая?,кровать,кровать,кровать,True,True,
GQA-ru,base,3593,Печь слева от плиты красная и квадратная?,да,да,да,True,True,
GQA-ru,base,2266,"Как называется еда, которая лежит на белой тарелке рядом с вилкой?",яйца,блины,блины,False,True,
GQA-ru,base,8348,Цвет подноса и разделочной доски одинаковый?,нет,да,да,False,True,
GQA-ru,base,8085,Диван и вентилятор одного цвета?,нет,да,да,False,True,
GQA-ru,base,1489,Есть ли красные самокаты или скейтборды?,нет,нет,нет,True,True,
GQA-ru,base,771,Шляпа выглядит черно-белой?,да,нет,нет,False,True,
GQA-ru,base,1796,Что висит на стене?,постер,бумаги,бумаги,False,True,
GQA-ru,base,2504,Настольная лампа находится в верхней или нижней части изображения?,в верхней,в верхней,в,False,True,
GQA-ru,base,10280,"Что находится перед рубашкой, которую он носит?",галстук,шляпа,шляпа,False,True,
GQA-ru,base,2621,Роскошное дерево за домом?,нет,да,да,False,True,
GQA-ru,base,11149,На чём стоит часы?,тумбочка,на полке,на,False,True,
GQA-ru,base,6916,Подушки слева от неё квадратные и белые?,нет,нет,нет,True,True,
GQA-ru,base,9771,Какое это животное?,слон,слон,слон,True,True,
GQA-ru,base,1040,Из какого материала сделан стул?,металл,кожа,кожа,False,True,
GQA-ru,base,6304,"Как называется животное, перед которым стоит обувь?",кот,кот,кот,True,True,
GQA-ru,base,6252,"Ковер такого же цвета, как растение?",да,да,да,True,True,
GQA-ru,base,9763,Человек носит шорты?,нет,нет,нет,True,True,
GQA-ru,base,7668,Перед чем находится забор?,куст,загон,загон,False,True,
GQA-ru,base,8669,Какая мебель неудобная?,журнальный столик,диван,диван,False,True,
GQA-ru,base,4119,На каком предмете мебели сидит мужчина в белом под кадром?,диван,диван,диван,True,True,
GQA-ru,base,9064,Кто носит шляпу?,мальчик,мальчик,мальчик,True,True,
GQA-ru,base,188,Какой прибор стоит перед стеной?,холодильник,холодильник,холодильник,True,True,
GQA-ru,base,11145,Видишь ли ты какие-нибудь чёрные компьютеры?,да,да,да,True,True,
GQA-ru,base,11808,Какое животное перед зеркалом?,кот,кот,кот,True,True,
GQA-ru,base,1876,"На фотографии есть и окна, и двери?",да,да,да,True,True,
GQA-ru,base,11169,"Какого размера деревянный стол, большой или маленький?",большой,большой,большой,True,True,
GQA-ru,base,8797,Что использует женщина за зеркалом?,щётку,зеркало,зеркало,False,True,
GQA-ru,base,4371,Что перед бокалом для вина?,столовые приборы,покрывало,покрывало,False,True,
GQA-ru,base,10501,Что держит человек перед стеной?,бейсбольную биту,биту,биту,False,True,
GQA-ru,base,5573,Что стоит на полке в ванной?,декорация,посуда,посуда,False,True,
GQA-ru,base,1827,Кто носит кроссовки?,спортсмен,женщина,женщина,False,True,
GQA-ru,base,4808,Отличается ли цвет стола от цвета пола?,нет,да,да,False,True,
GQA-ru,base,7123,"Есть ли какие-нибудь яблоки или апельсины, которые не очищены от кожуры?",нет,нет,нет,True,True,
GQA-ru,base,2591,"Куклы, которые находятся слева от людей, выглядят большими и яркими?",нет,да,да,False,True,
GQA-ru,base,7433,Корова над травой выглядит маленькой?,нет,да,да,False,True,
GQA-ru,base,53,Кто носит браслет?,женщина,женщина,женщина,True,True,
GQA-ru,base,11830,На какой стороне находится женщина?,слева,слева,слева,True,True,
GQA-ru,base,11791,С какой стороны зеркало?,справа,справа,справа,True,True,
GQA-ru,base,4315,Рубашка выглядит бежевой и с короткими рукавами?,нет,да,да,False,True,
GQA-ru,base,8201,Большая бытовая техника белая или темная?,темная,белая,белая,False,True,
GQA-ru,base,2927,Какой предмет мебели находится под светильником?,стул,стул,стул,True,True,
GQA-ru,base,8317,Есть ли забор перед деревьями?,нет,да,да,False,True,
GQA-ru,base,1743,Чего держится скейтер?,скейтборда,скейтборд,скейтборд,False,True,
GQA-ru,base,10244,Ожерелье выглядит серебристым и длинным?,нет,да,да,False,True,
GQA-ru,base,4889,Какого размера белое сиденье унитаза?,маленькое,маленькое,маленькое,True,True,
GQA-ru,base,10468,Кто носит перчатку?,ловец,игрок,игрок,False,True,
GQA-ru,base,9977,Кто держит весло?,мужчина,мужчина,мужчина,True,True,
GQA-ru,base,3258,Что носит молодой человек?,очки,джинсы,джинсы,False,True,
GQA-ru,base,6126,Какое животное находится слева от жирафа?,бизон,слон,слон,False,True,
GQA-ru,base,2646,Забор находится позади машины?,нет,да,да,False,True,
GQA-ru,base,8837,Что общее между сеткой и битой?,материал,цвет,цвет,False,True,
GQA-ru,base,8689,Какая мебель тяжёлая?,шкаф,шкаф,шкаф,True,True,
GQA-ru,base,9,Что находится вокруг открытого окна?,шторы,занавески,занавески,False,True,
GQA-ru,base,9813,"Кто стоит рядом с рубашкой, которая кажется сине-белой?",девочка,женщина,женщина,False,True,
GQA-ru,base,5310,Кто идет по пешеходному переходу?,мужчина,мужчина,мужчина,True,True,
GQA-ru,base,8005,"Находятся ли маленькие куклы слева от людей, стоящих за багажом?",да,да,да,True,True,
GQA-ru,base,319,Что носит счастливая женщина?,платье,платье,платье,True,True,
GQA-ru,base,1832,Трава короткая и зелёная?,да,нет,нет,False,True,
GQA-ru,base,5947,Что находится позади человека слева?,лампа,снег,снег,False,True,
GQA-ru,base,5038,"Сколько лет девочке, которая сидит?",молода,мало,мало,False,True,
GQA-ru,base,3923,Какой длины юбка?,длинная,длинная,длинная,True,True,
GQA-ru,base,949,Какое устройство находится справа от мужчины?,экран,ноутбук,ноутбук,False,True,
GQA-ru,base,3946,Какого цвета напиток посередине?,светло-коричневый,красного,красного,False,True,
GQA-ru,base,9295,"Стул, который не полностью черный, белый?",белый,нет,нет,False,True,
GQA-ru,base,1290,Мужчина носит часы?,да,да,да,True,True,
GQA-ru,base,1403,Отличается ли по цвету домашняя база от ботинка?,нет,да,да,False,True,
GQA-ru,base,11991,"Есть ли холодильники или посудомоечные машины, которые не черные?",нет,нет,нет,True,True,
GQA-ru,base,7962,Какой прибор изображен на этой сцене?,плита,микроволновка,микроволновка,False,True,
GQA-ru,base,1133,Есть ли автобусы или автомобили?,нет,нет,нет,True,True,
GQA-ru,base,8727,Находится ли ноутбук слева?,да,да,да,True,True,
GQA-ru,base,2060,Кто носит брюки?,ребёнок,ребенок,ребенок,False,True,
GQA-ru,base,2103,Какой длины хвост?,длинный,длинный,длинный,True,True,
GQA-ru,base,10809,Есть ли на фотографии зонт или полотенце?,нет,нет,нет,True,True,
GQA-ru,base,7787,Что отражается в тостере?,бутылка вина,чайник,чайник,False,True,
GQA-ru,base,9007,Какого размера письменный стол?,маленький,большой,большой,False,True,
GQA-ru,base,2705,На каком предмете мебели стоит ноутбук?,стол,стол,стол,True,True,
GQA-ru,base,4342,У шортов короткая длина?,да,нет,нет,False,True,
GQA-ru,base,8645,Где стоит человек?,на поле,на траве,на,False,True,
GQA-ru,base,9938,Рубашка белая и с длинными рукавами?,нет,да,да,False,True,
GQA-ru,base,6932,Что находится под картиной?,полотенца,полка,полка,False,True,
GQA-ru,base,3470,Кран находится справа?,да,да,да,True,True,
GQA-ru,base,8835,Кто стоит на траве?,футболист,игрок,игрок,False,True,
GQA-ru,base,11959,"Что находится на тротуаре, сделанном из бетона?",автобус,поезд,поезд,False,True,
GQA-ru,base,11302,Как называется розовый предмет одежды?,свитер,куртка,куртка,False,True,
GQA-ru,base,3295,"Как называется мясо на тарелке, которое стоит на столе?",индейка,ветчина,ветчина,False,True,
GQA-ru,base,11680,Кто указывает на розовую вещь слева от бутылки с водой?,девочка,женщина,женщина,False,True,
GQA-ru,base,5107,На чём лежит пончик?,салфетке,на бумаге,на,False,True,
GQA-ru,base,6537,Вы видите картины или заборы?,да,да,да,True,True,
GQA-ru,base,11004,На чем лежит морковь?,разделочная доска,на разделочной доске,на,False,True,
GQA-ru,base,6118,Какой длины металлический контейнер?,длинный,длинный,длинный,True,True,
GQA-ru,base,7177,Какое устройство находится под ноутбуком?,клавиатура,клавиатура,клавиатура,True,True,
GQA-ru,base,8479,Какого цвета грязь?,тёмная,черного,черного,False,True,
GQA-ru,base,7397,Он носит кепку?,да,да,да,True,True,
GQA-ru,base,1982,Этот ковёр кажется красным?,да,да,да,True,True,
GQA-ru,base,4061,Большой транспорт жёлтый или чёрный?,жёлтый,жёлтый,жёлтый,True,True,
GQA-ru,base,3681,Ракетка выглядит металлической и круглой?,да,нет,нет,False,True,
GQA-ru,base,1049,Что лежит на полках?,полотенце,книга,книга,False,True,
GQA-ru,base,5539,Какая толщина волос?,густые,толстая,толстая,False,True,
GQA-ru,base,344,"И улыбающийся господин перед картиной, и европеец выглядят молодо?",да,нет,нет,False,True,
GQA-ru,base,9638,Какой это вид транспорта?,автомобили,машина,машина,False,True,
GQA-ru,base,9075,Какой предмет мебели белый?,компьютерный стол,стол,стол,False,True,
GQA-ru,base,3770,Какой овощ не круглый?,брокколи,лук,лук,False,True,
GQA-ru,base,9641,Какой овощ лежит на твёрдом столе?,цветная капуста,морковь,морковь,False,True,
GQA-ru,base,3608,Что общего у шарика и браслета?,цвет,цвет,цвет,True,True,
GQA-ru,base,117,"На чём стоит дозатор для мыла, сделанный из хрома?",на столешнице,TRASHCAN,trashcan,False,True,
GQA-ru,base,1163,"Ты думаешь, что эта девушка брюнетка?",да,TRUTH,truth,False,True,
GQA-ru,base,11597,Платье сделано из ткани?,да,TRASH,trash,False,True,
GQA-ru,base,10339,"Есть ли парты или пуфы, которые не квадратные?",нет,TR nahilalakip nahilalakip nahilalakip nahilalakip nahilalakip nahilalakip nahilalakip nahilalakip nahilalakip,tr,False,True,
GQA-ru,base,964,Какая мебель стоит перед книжным шкафом?,кровать,TRUMPET,trumpet,False,True,
GQA-ru,base,3750,"Есть ли зонты слева от человека, который находится слева от пальмы?",да,The umbrella is green.,the,False,True,
GQA-ru,base,1104,Какое устройство находится справа от миски?,клавиатура,TRIXie,trixie,False,True,
GQA-ru,base,514,"Кажется ли, что она сидит?",да,TR nahilalakip nahilalakip nahilalakip nahilalakip nahilalakip nahilalakip nahilalakip nahilalakip nahilalakip,tr,False,True,
GQA-ru,base,5413,Сумка рядом с игроком квадратная и красная?,нет,нет,нет,True,True,
GQA-ru,base,1160,Микроволновая печь серебристая и прямоугольная?,да,нет,нет,False,True,
GQA-ru,base,8423,Какой бытовой прибор прозрачный?,холодильник,холодильник,холодильник,True,True,
GQA-ru,base,3899,Каковы размеры высокого жилого здания?,большое,маленькие,маленькие,False,True,
GQA-ru,base,4562,"Вы видите и овец, и коз?",да,нет,нет,False,True,
GQA-ru,base,10960,Куртка из кожи черная и расстегнута?,да,да,да,True,True,
GQA-ru,base,7953,Какая еда находится на круглой тарелке?,пирог,шоколад,шоколад,False,True,
GQA-ru,base,3510,Из чего сделан кофе?,из пластика,из пластика,из,False,True,
GQA-ru,base,8834,В чём сидит женщина?,складной стул,скамейка,скамейка,False,True,
GQA-ru,base,2167,Какой вид транспорта тяжелый?,автомобили,машина,машина,False,True,
GQA-ru,base,11851,Люди слева или справа от черной машины?,справа,справа,справа,True,True,
GQA-ru,base,9355,Из чего сделан ящик?,из пластика,пластик,пластик,False,True,
GQA-ru,base,9440,"Мальчик, который справа от другого мальчика, азиатский и молодой?",нет,да,да,False,True,
GQA-ru,base,7744,Что общего у автобуса и дерева?,цвет,цвет,цвет,True,True,
GQA-ru,base,3981,"На этом изображении есть и грязь, и трава?",да,нет,нет,False,True,
GQA-ru,base,7749,"Какая мебель находится справа от контроллера, установленного на вертолёте?",стул,стул,стул,True,True,
GQA-ru,base,6669,Есть ли на картинке ковры или заборы?,да,да,да,True,True,
GQA-ru,base,3119,"Труба, которая выглядит белой, высокая и тонкая?",да,да,да,True,True,
GQA-ru,base,1545,Перед чем стоит эта статуя?,забор,деревья,деревья,False,True,
GQA-ru,base,1588,Из чего сделан контейнер для хранения?,металл,пластик,пластик,False,True,
GQA-ru,base,10796,Этот ноутбук кажется белым?,да,да,да,True,True,
GQA-ru,base,7062,"Как называются предметы мебели, в которых лежат сложенные полотенца?",полки,полки,полки,True,True,
GQA-ru,base,5804,Тумба под телевизор выглядит коричневой и низкой?,да,да,да,True,True,
GQA-ru,base,6939,На какой стороне красный ковер?,слева,справа,справа,False,True,
GQA-ru,base,6735,Что делает мальчик?,отдыхает,TRICKER,tricker,False,True,
GQA-ru,base,7651,Какое животное тёмно-коричневое?,жираф,TRUMBEER,trumbeer,False,True,
GQA-ru,base,11945,Какое устройство находится справа от карандаша?,монитор,TRIX,trix,False,True,
GQA-ru,base,887,Какого цвета слова?,золотой,TRUTH,truth,False,True,
GQA-ru,base,11032,Какое животное перед забором?,лошадь,TRUCK,truck,False,True,
GQA-ru,base,10706,Это воздушный змей или флаг?,флаг,TRЁЁЗ autorité,trёёз,False,True,
GQA-ru,base,10587,Этот мальчик слева от скейтборда?,нет,TRADA,trada,False,True,
GQA-ru,base,1612,Есть ли на изображении диспенсеры для полотенец или игрушки?,нет,The image does not show any of these items.,the,False,True,
GQA-ru,base,993,Несет ли мужчина сноуборд?,нет,нет,нет,True,True,
GQA-ru,base,6596,"Какой девайс, по-вашему, держит пожилой человек?",пульт wii,контроллер,контроллер,False,True,
GQA-ru,base,11931,Какое устройство находится под рамкой для картин?,монитор компьютера,компьютер,компьютер,False,True,
GQA-ru,base,5559,У микроволновки цвет отличается от цвета тостера?,нет,да,да,False,True,
GQA-ru,base,1790,Есть ли очки или теннисные мячи?,да,нет,нет,False,True,
GQA-ru,base,4073,Что растет за забором из металла?,сосны,лимон,лимон,False,True,
GQA-ru,base,3139,Какой прибор стоит на ящике?,блендер,блендер,блендер,True,True,
GQA-ru,base,3116,Какая одежда серая?,носки,куртка,куртка,False,True,
GQA-ru,base,8786,Что находится перед большим зданием?,деревья,TRUCK,truck,False,True,
GQA-ru,base,7350,"Что менее полезно для здоровья, хот-доги или яблоки?",хот-доги,TRМ,trм,False,True,
GQA-ru,base,2296,Находится ли подстриженный газон рядом с серым гравием?,да,The grass is short and green.,the,False,True,
GQA-ru,base,3006,Есть ли бутылки на деревянном столе?,нет,TR nahilalakip nahilalakip nahilalakip nahilalakip nahilalakip nahilalakip nahilalakip nahilalakip nahilalakip,tr,False,True,
GQA-ru,base,4563,Что находится перед мужчиной?,вход,TRUCK,truck,False,True,
GQA-ru,base,7579,Выглядит ли книжный шкаф из дерева современно?,да,TRUTH,truth,False,True,
GQA-ru,base,4092,Молодой человек перед скамейкой?,да,TRICKER,tricker,False,True,
GQA-ru,base,1235,Что общего у фольги и бутылки?,форма,TRФА haupika,trфа,False,True,
GQA-ru,base,7260,Какая мебель стоит за столом?,шкаф,стул,стул,False,True,
GQA-ru,base,9016,Мужчина перед телевизором?,да,нет,нет,False,True,
GQA-ru,base,1604,На какой стороне изображения находится кран?,слева,справа,справа,False,True,
GQA-ru,base,828,Находится ли морозильник справа или слева от низкого столика у двери?,справа,справа,справа,True,True,
GQA-ru,base,10684,Какое животное находится перед голой стеной?,котенок,кот,кот,False,True,
GQA-ru,base,8856,Что покрыто снегом?,гора,гора,гора,True,True,
GQA-ru,base,241,Какого тона пластиковый контейнер?,светлый,маленький,маленький,False,True,
GQA-ru,base,1528,Есть ли какие-нибудь столы перед стулом под светильником?,да,да,да,True,True,
GQA-ru,base,3872,Есть ли на картине часы?,нет,нет,нет,True,True,
GQA-ru,base,2724,"Транспортное средство, которое не грязное, красное и металлическое?",да,нет,нет,False,True,
GQA-ru,base,6658,У куртки серый цвет и длинная длина?,да,да,да,True,True,
GQA-ru,base,7956,"Что находится под маслом, которое больше, чем вино?",плита,половник,половник,False,True,
GQA-ru,base,7886,Рубашка тусклая или яркая?,тусклая,яркая,яркая,False,True,
GQA-ru,base,3502,Какая одежда длинная?,джинсы,джинсы,джинсы,True,True,
GQA-ru,base,6570,Есть ли чистые тарелки или вилки?,да,да,да,True,True,
GQA-ru,base,960,Кто играет?,мужчина,женщина,женщина,False,True,
GQA-ru,base,2697,Есть ли рядом с раковиной полотенце?,да,да,да,True,True,
GQA-ru,base,6209,Скейтборд одновременно черный и деревянный?,да,нет,нет,False,True,
GQA-ru,base,35,Что окружают занавески?,окно,окно,окно,True,True,
GQA-ru,base,6396,Футбольный мяч на поле кажется неподвижным и красным?,да,да,да,True,True,
GQA-ru,base,4345,"Как называется знак, перед которым стоит девушка?",дорожный знак,дорожный знак,дорожный,False,True,
GQA-ru,base,7454,Что держит взрослый человек?,телефон,камера,камера,False,True,
GQA-ru,base,4673,Какой это вид фастфуда?,сосиски в тесте,хот-дог,хот-дог,False,True,
GQA-ru,base,6930,Пальто синее или жёлтое?,жёлтое,жёлтое,жёлтое,True,True,
GQA-ru,base,11412,Узкая река выглядит синей и влажной?,да,да,да,True,True,
GQA-ru,base,11968,На какой стороне прямоугольное устройство?,слева,слева,слева,True,True,
GQA-ru,base,9105,Мужчина находится под зеркалом?,да,нет,нет,False,True,
GQA-ru,base,10844,Дверь деревянная и открытая?,нет,нет,нет,True,True,
GQA-ru,base,11770,Какого цвета маленькая сумка?,синий,синяя,синяя,False,True,
GQA-ru,base,7973,Дверь и шкаф сделаны из одного и того же материала?,да,нет,нет,False,True,
GQA-ru,base,2536,Зеркало сверху или снизу?,сверху,сверху,сверху,True,True,
GQA-ru,base,3111,Есть ли здесь высокие мужчины или женщины?,нет,нет,нет,True,True,
GQA-ru,base,4861,"Есть ли либо ноутбук, либо стул, сделанный из пластика?",да,да,да,True,True,
GQA-ru,base,3566,Какая игрушка у маленького человека?,кукла,плюшевый медведь,плюшевый,False,True,
GQA-ru,base,958,"Что расположено на краю автобуса, что не является узким?",дверь,знак,знак,False,True,
GQA-ru,base,9489,Какой высоты красивые дикие цветы?,высокие,высокие,высокие,True,True,
GQA-ru,base,12054,На каком предмете мебели стоит торт?,на столе,стол,стол,False,True,
GQA-ru,base,8883,Какой вид мебели находится перед мужчиной в джинсах?,журнальный столик,диван,диван,False,True,
GQA-ru,base,998,Какая мебель на фото не маленькая?,стул,стул,стул,True,True,
GQA-ru,base,5138,"Что лежит на подносе, который сделан из дерева?",клавиатура,книга,книга,False,True,
GQA-ru,base,936,"Кофейный столик того, что выглядит немного коричневым или белым?",коричневый,коричневый,коричневый,True,True,
GQA-ru,base,821,Есть ли телефоны слева от мужчины под рамкой?,да,да,да,True,True,
GQA-ru,base,9571,Находится ли белая клавиатура справа от пластикового стакана?,нет,да,да,False,True,
GQA-ru,base,7811,На чем сидит женщина?,на стуле,стул,стул,False,True,
GQA-ru,base,8238,Что перед статуей?,забор,скамейка,скамейка,False,True,
GQA-ru,base,8701,Люди находятся с правой стороны изображения?,да,да,да,True,True,
GQA-ru,base,2579,Какой компании принадлежит шапка?,nike,Nike,nike,True,True,
GQA-ru,base,931,Что летает над землей?,фрисби,фрисби,фрисби,True,True,
GQA-ru,base,8320,Насколько чистая улица?,грязная,грязная,грязная,True,True,
GQA-ru,base,1312,Деревья за пожарной машиной выглядят уродливыми и высокими?,да,да,да,True,True,
GQA-ru,base,3044,Какая мебель находится под столом?,стул,стул,стул,True,True,
GQA-ru,base,1122,"Есть ли бекон справа от блина, который лежит на тарелке?",да,да,да,True,True,
GQA-ru,base,9749,Какая мебель сделана из дерева?,стол,стол,стол,True,True,
GQA-ru,base,1113,Какое животное слева от бутылки?,корова,корова,корова,True,True,
GQA-ru,base,11062,Что делает мужской зритель?,стоит,сидит,сидит,False,True,
GQA-ru,base,3853,Какой овощ на столе?,капуста,морковь,морковь,False,True,
GQA-ru,base,6615,"Выглядит ли шапка, которая кажется черно-белой, закрытой и Adidas?",нет,да,да,False,True,
GQA-ru,base,1964,Находится ли невысокий человек за сумкой из кожи?,да,да,да,True,True,
GQA-ru,base,9333,Прибор рядом с туалетом стоит?,да,да,да,True,True,
GQA-ru,base,4033,Как называется белая бытовая техника?,плита,холодильник,холодильник,False,True,
GQA-ru,base,9485,Кто стоит на поле?,женщина,женщина,женщина,True,True,
GQA-ru,base,9740,Что находится на полосатом ковре?,стул,подушка,подушка,False,True,
GQA-ru,base,651,Она в юбке?,да,нет,нет,False,True,
GQA-ru,base,10147,Открытый зонтик красный или серый?,серый,красный,красный,False,True,
GQA-ru,base,1343,Что окружает шаттл?,звезды,одеяло,одеяло,False,True,
GQA-ru,base,6868,"Кажется ли, что пожилые женщины идут пешком?",нет,нет,нет,True,True,
GQA-ru,base,10770,Находятся ли маленькие книги справа или слева от женщины?,справа,справа,справа,True,True,
GQA-ru,base,9562,Эта тарелка выглядит полной и черной?,да,да,да,True,True,
GQA-ru,base,9260,Дом стоит рядом с блендером?,нет,да,да,False,True,
GQA-ru,base,8565,На каком кухонном принадлежности лежит картофель?,разделочная доска,плита,плита,False,True,
GQA-ru,base,5183,"На картине есть и еда, и вино?",нет,да,да,False,True,
GQA-ru,base,4272,Что общего у скульптуры и камина?,цвет,цвет,цвет,True,True,
GQA-ru,base,3346,Высокие здания находятся за чистым песком?,да,да,да,True,True,
GQA-ru,base,10972,Человек возле дерева низкий или высокий?,высокий,высокий,высокий,True,True,
GQA-ru,base,11734,Какой это прибор?,тостер,микроволновка,микроволновка,False,True,
GQA-ru,base,5147,Какая одежда белая?,платье,платье,платье,True,True,
GQA-ru,base,3910,В чём растение?,в цветочном горшке,в горшке,в,False,True,
GQA-ru,base,4351,Белые штаны короткие или длинные?,короткие,короткие,короткие,True,True,
GQA-ru,base,6484,Белая рубашка без рукавов?,да,да,да,True,True,
GQA-ru,base,2144,Есть ли большие телевизоры или принтеры?,нет,нет,нет,True,True,
GQA-ru,base,10575,Приправы в блендере?,да,да,да,True,True,
GQA-ru,base,4915,Насколько чистая ложка?,чистая,грязная,грязная,False,True,
GQA-ru,base,7491,Рубашка с длинными рукавами и белая?,да,нет,нет,False,True,
GQA-ru,base,5180,Какого цвета этот диван?,коричневый,коричневый,коричневый,True,True,
GQA-ru,base,1188,Какой вид транспорта находится на дороге?,автобус,автобус,автобус,True,True,
GQA-ru,base,152,На чём мальчик?,на велосипеде,велосипед,велосипед,False,True,
GQA-ru,base,7508,Что держит женщина?,сумку,банан,банан,False,True,
GQA-ru,base,10177,Какая еда находится на тарелке рядом с вилкой?,блин,блины,блины,False,True,
GQA-ru,base,9224,Есть ли какие-нибудь красные воздушные змеи или флаги?,нет,да,да,False,True,
GQA-ru,base,1638,Что внутри кружки?,зубная паста,суп,суп,False,True,
GQA-ru,base,1200,Что надето на мужчине?,шляпа,шляпа,шляпа,True,True,
GQA-ru,base,8808,Одинаковый ли цвет у оливки и у коробки для пиццы?,нет,да,да,False,True,
GQA-ru,base,3492,На чем едет велосипедист?,на мотоцикле,велосипед,велосипед,False,True,
GQA-ru,base,8288,Кто под зонтом?,мужчина,мужчина,мужчина,True,True,
GQA-ru,base,2170,Какое мясо на тарелке?,ветчина,мясо,мясо,False,True,
GQA-ru,base,5718,"На изображении есть и компьютеры, и телефоны?",да,нет,нет,False,True,
GQA-ru,base,1127,Какие предметы одежды чистые?,брюки,перчатки,перчатки,False,True,
GQA-ru,base,4002,Из какого материала сделан скейтборд справа от скейтбордиста?,пластик,дерево,дерево,False,True,
GQA-ru,base,6054,Ручки рядом с котом маленькие и яркие?,да,да,да,True,True,
GQA-ru,base,4669,"Где на фотографии находится ноутбук, справа или слева?",слева,слева,слева,True,True,
GQA-ru,base,2584,Какая одежда красная?,пальто,куртка,куртка,False,True,
GQA-ru,base,7179,Что держит худая женщина?,корзину,бутылку,бутылку,False,True,
GQA-ru,base,8900,Есть ли жёлтые шлемы на изображении?,нет,нет,нет,True,True,
GQA-ru,base,11526,Бумажный пакет слева или справа от неё?,слева,слева,слева,True,True,
GQA-ru,base,4956,Мужчина пьёт или смотрит?,смотрит,смотрит,смотрит,True,True,
GQA-ru,base,10021,Надел ли кэтчер перчатку?,да,да,да,True,True,
GQA-ru,base,10714,Плита отличается по цвету от духовки?,нет,да,да,False,True,
GQA-ru,base,8666,"Какого цвета тарелка, стоящая на столе?",тёмно-синий,белая,белая,False,True,
GQA-ru,base,128,Пластиковый шлем слева от женщины?,да,нет,нет,False,True,
GQA-ru,base,10942,"Кто стоит рядом со знаком ""стоп"", сделанным из металла?",мужчина,мужчина,мужчина,True,True,
GQA-ru,base,9086,У дерева и дивана одинаковый цвет?,да,да,да,True,True,
GQA-ru,base,4905,"Из какого материала сделана скамейка слева от лампы, из бетона или железа?",из бетона,бетон,бетон,False,True,
GQA-ru,base,10868,Является ли тяжелый самолет винтажным и металлическим?,нет,нет,нет,True,True,
GQA-ru,base,1697,Кто сидит наверху ступенек?,женщина,мужчина,мужчина,False,True,
GQA-ru,base,2200,Трава мокрая или сухая?,сухая,мокрая,мокрая,False,True,
GQA-ru,base,1891,Они перед квадратной рамой окна?,да,да,да,True,True,
GQA-ru,base,1753,Отличается ли блузка по цвету от бейджика?,да,да,да,True,True,
GQA-ru,base,12163,"Что находится под шкафом, украшающим кухню?",полки,полка,полка,False,True,
GQA-ru,base,2546,"Что находится за мостом, пожарная машина или скорая помощь?",пожарная машина,пожарная машина,пожарная,False,True,
GQA-ru,base,4462,"Вы видите хоть одну бутылку или чашку, которые не сделаны из пластика?",нет,нет,нет,True,True,
GQA-ru,base,4616,"Что находится под спортсменом, который в шортах?",песок,скамейка,скамейка,False,True,
GQA-ru,base,9909,"Какова высота мусорного бака, стоящего на полу?",невысокий,маленькая,маленькая,False,True,
GQA-ru,base,3450,Какая еда на пицце?,колбаса,мясо,мясо,False,True,
GQA-ru,base,11757,Она в шортах?,да,да,да,True,True,
GQA-ru,base,5617,Высокие стулья стоят под столешницей?,да,да,да,True,True,
GQA-ru,base,3335,"Что вокруг стола, который находится под потолком?",стулья,стулья,стулья,True,True,
GQA-ru,base,11263,Очки находятся справа или слева от позирующего мужчины?,справа,справа,справа,True,True,
GQA-ru,base,10391,"Выглядит ли счастливым мужчина, стоящий слева от женщины?",да,да,да,True,True,
GQA-ru,base,4325,Какое животное спокойное?,лошадь,лошадь,лошадь,True,True,
GQA-ru,base,8280,"Как выглядит цифровое устройство, которое находится слева от телефона, включено оно или выключено?",выключено,выключено,выключено,True,True,
GQA-ru,base,8004,Тёмный стул на ковре кажется круглым?,нет,да,да,False,True,
GQA-ru,base,4114,Цветной ли сад?,да,да,да,True,True,
GQA-ru,base,832,"Что делает человек, который смотрит вверх, катается на коньках или едет?",катается на коньках,катается,катается,False,True,
GQA-ru,base,1512,Кажутся ли черные брюки длинными?,да,да,да,True,True,
GQA-ru,base,10392,"Кто, по-твоему, держит черную рубашку?",мальчик,мальчик,мальчик,True,True,
GQA-ru,base,4533,Какая мебель широкая?,диван,диван,диван,True,True,
GQA-ru,base,722,"Мягкая подушка слева или справа от мужчины, который носит шорты?",слева,справа,справа,False,True,
GQA-ru,base,58,Кто носит рубашку?,девочка,женщина,женщина,False,True,
GQA-ru,base,5464,Какой предмет мебели находится под телевизором?,тумба под телевизор,полка,полка,False,True,
GQA-ru,base,2143,Где находится скейтер?,на парковке,на скейтборде,на,False,True,
GQA-ru,base,10438,Растут ли сосны за забором справа?,да,да,да,True,True,
GQA-ru,base,4291,Что находится перед занавеской?,письменный стол,компьютер,компьютер,False,True,
GQA-ru,base,2647,"В какой части изображения находятся очки, в верхней или нижней?",в верхней,в верхней,в,False,True,
GQA-ru,base,12144,Похожи ли простыни на голубые или розовые?,голубые,голубые,голубые,True,True,
GQA-ru,base,7239,Какое животное несет мужчина?,собаку,собака,собака,False,True,
GQA-ru,base,9038,Кто держит зонт?,женщина,женщина,женщина,True,True,
GQA-ru,base,11561,Зебры перед кустарником кажутся большими и черно-белыми?,да,да,да,True,True,
GQA-ru,base,7007,Кто смотрит на большую раму для картины?,мужчина,мужчина,мужчина,True,True,
GQA-ru,base,9189,Какое животное маленькое?,котенок,кот,кот,False,True,
GQA-ru,base,158,Какая еда находится слева от младенца?,зефир,суп,суп,False,True,
GQA-ru,base,1232,Кто носит очки?,девочка,женщина,женщина,False,True,
GQA-ru,base,11321,Штаны бежевые?,нет,нет,нет,True,True,
GQA-ru,base,2442,"Человек, который не грязный, носит шлем?",нет,нет,нет,True,True,
GQA-ru,base,8938,Он играет с мячом?,нет,нет,нет,True,True,
GQA-ru,base,590,Кто носит рубашку?,мужчина,мужчина,мужчина,True,True,
GQA-ru,base,6049,Какую еду не режут?,морковь,морковь,морковь,True,True,
GQA-ru,base,9543,Этот транспортное средство белое и маленькое?,да,нет,нет,False,True,
GQA-ru,base,9052,Что перед горами?,океан,облака,облака,False,True,
GQA-ru,base,2426,Какое это животное?,слон,слон,слон,True,True,
GQA-ru,base,7041,Что делает стоящий человек справа от мужчины?,ждёт,сидит,сидит,False,True,
GQA-ru,base,2088,Что держит человек рядом с подарком?,мобильный телефон,лыжу,лыжу,False,True,
GQA-ru,base,685,Что находится на телевизоре?,пульт управления,контроллер,контроллер,False,True,
GQA-ru,base,5050,Какой высоты стол?,высокий,высокий,высокий,True,True,
GQA-ru,base,5974,Телевизор и стул сделаны из одного и того же материала?,нет,нет,нет,True,True,
GQA-ru,base,653,"На этом фото есть и миски, и морковь?",нет,да,да,False,True,
GQA-ru,base,5862,Толстый и сердитый ли мужчина справа от другого мужчины?,нет,нет,нет,True,True,
GQA-ru,base,3441,"Шкафы находятся под шкафчиками, которые показаны на этом изображении?",да,да,да,True,True,
GQA-ru,base,11174,"Находится ли шлем слева или справа от человека, справа от которого находится мотоцикл?",слева,справа,справа,False,True,
GQA-ru,base,4088,Судья справа?,нет,нет,нет,True,True,
GQA-ru,base,10927,Какая одежда спортивная?,рубашка,шорты,шорты,False,True,
GQA-ru,base,1684,Какая мебель стоит перед окном?,диван,диван,диван,True,True,
GQA-ru,base,5794,На кого смотрит большое животное?,на ребенка,люди,люди,False,True,
GQA-ru,base,9173,Свеча красная и красивая?,да,нет,нет,False,True,
GQA-ru,base,10168,"Что больше, чем знак?",логотип,подушки,подушки,False,True,
GQA-ru,base,2532,Над кем висит плакат?,над женщиной,женщина,женщина,False,True,
GQA-ru,base,3878,В каком месте находится это изображение?,во дворе,в парке,в,False,True,
GQA-ru,base,2662,Вы видите какие-либо туалеты слева от ящика?,да,да,да,True,True,
GQA-ru,base,2900,"Что, по вашему мнению, вставлено в розетки, которые сделаны из дерева?",шнуры,подушка,подушка,False,True,
GQA-ru,base,6755,"Кажется ли, что мужчина занимается серфингом?",нет,нет,нет,True,True,
GQA-ru,base,406,Стоит ли женщина рядом с мужчиной на кирпичах?,да,да,да,True,True,
GQA-ru,base,2938,Какого цвета хвост у лошади?,чёрный,красного,красного,False,True,
GQA-ru,base,12067,Из чего сделано зеркало?,из стекла,дерево,дерево,False,True,
GQA-ru,base,5442,На чём установлен кран?,на столешнице,на стене,на,False,True,
GQA-ru,base,6745,"Стул, который находится слева от чашек, золотой или черный?",золотой,золотой,золотой,True,True,
GQA-ru,base,10975,Какой овощ лежит в прямоугольной корзине?,брокколи,TRUMBLE congrès,trumble,False,True,
GQA-ru,base,12043,Что делает мужчина?,разговаривает,TRASHCAN,trashcan,False,True,
GQA-ru,base,4065,"Обе рубашка, которая выглядит серой, и черная блузка в полоску?",да,The answer is no,the,False,True,
GQA-ru,base,2608,"Кто сидит перед подушкой, которая находится слева от контроллера Wii?",мужчина,TRUMPETER,trumpeter,False,True,
GQA-ru,base,11489,"Какое устройство не является цифровым, клавиатура или монитор?",клавиатура,TRICKER,tricker,False,True,
GQA-ru,base,1771,"Есть ли на этом изображении стулья, которые не белые?",да,TR nahilalakip nahilalakip nahilalakip nahilalakip nahilalakip nahilalakip nahilalakip nahilalakip nahilalakip,tr,False,True,
GQA-ru,base,6267,Этот туалет металлический и белый?,нет,TR nahilalakip nahilalakip nahilalakip nahilalakip nahilalakip nahilalakip nahilalakip nahilalakip nahilalakip,tr,False,True,
GQA-ru,base,634,Картины находятся справа или слева?,слева,TR PLOS,tr,False,True,
GQA-ru,base,7711,Есть ли там какие-нибудь ящики или столы?,нет,да,да,False,True,
GQA-ru,base,3644,"Есть ли тарелка слева от салфетки, справа от которой находится сумочка?",нет,нет,нет,True,True,
GQA-ru,base,3269,Лампа белая и высокая?,да,нет,нет,False,True,
GQA-ru,base,7541,Что находится перед многоквартирным домом?,машина,автобус,автобус,False,True,
GQA-ru,base,5728,Что носит мужчина справа от женщины?,костюм,костюм,костюм,True,True,
GQA-ru,base,5000,Что делает человек?,играет,играет,играет,True,True,
GQA-ru,base,3728,Кисть за лошадьми?,нет,нет,нет,True,True,
GQA-ru,base,3652,Что делает мужчина?,нагибается,занимается уборкой,занимается,False,True,
GQA-ru,base,387,"Она справа от дивана, который слева от телевизора?",нет,да,да,False,True,
GQA-ru,base,10813,"Как называется предмет мебели, на котором стоит банка?",полка,полка,полка,True,True,
GQA-ru,base,3164,Кто носит рубашку?,женщина,мужчина,мужчина,False,True,
GQA-ru,base,6528,Что держит человек?,зонт,зонт,зонт,True,True,
GQA-ru,base,5378,Что прикреплено к стенам?,трубы,раковина,раковина,False,True,
GQA-ru,base,4564,Что находится перед мужчиной?,вход,машина,машина,False,True,
GQA-ru,base,1137,"Какой прибор находится справа от человека, который стоит перед велосипедом?",блендер,блендер,блендер,True,True,
GQA-ru,base,4573,Какой это знак?,знак стоп,"знак ""запрещено""",знак,False,True,
GQA-ru,base,5753,Женщина слева от мужчины сидит?,да,да,да,True,True,
GQA-ru,base,10510,Что находится справа от женщины в брюках?,автомобиль,чайник,чайник,False,True,
GQA-ru,base,8346,Из одного и того же материала сделаны стол и сервировочное блюдо?,нет,да,да,False,True,
GQA-ru,base,6548,Маршмеллоу слева от ребенка выглядит белым и мягким?,да,да,да,True,True,
GQA-ru,base,11133,Пожарный гидрант оранжевый и большой?,да,да,да,True,True,
GQA-ru,base,5425,"Какого цвета книга, которая не закрыта?",белый,синяя,синяя,False,True,
GQA-ru,base,452,"На картинке есть и шлем, и мотоцикл?",нет,нет,нет,True,True,
GQA-ru,base,1889,Какой предмет мебели чистый?,шкаф,шкаф,шкаф,True,True,
GQA-ru,base,4279,"Какое устройство изготовлено из того же материала, что и заколка для волос, лежащая на кровати?",мобильный телефон,мобильный телефон,мобильный,False,True,
GQA-ru,base,2925,"Есть ли стулья под светильником, который сделан из дерева?",да,да,да,True,True,
GQA-ru,base,9512,Вы видите какие-нибудь шарфы или перчатки?,нет,нет,нет,True,True,
GQA-ru,base,4349,"Металлический забор находится перед мужчиной, держащим теннисную ракетку, или за ним?",позади,перед,перед,False,True,
GQA-ru,base,626,Трава длинная или короткая?,короткая,длинная,длинная,False,True,
GQA-ru,base,1776,"Есть ли шкафы слева от стоящих людей, находящихся за багажом?",да,нет,нет,False,True,
GQA-ru,base,9774,Какое устройство стоит рядом с курицей?,ноутбук,компьютер,компьютер,False,True,
GQA-ru,base,7119,"Облако такого же цвета, как и шарф?",да,да,да,True,True,
GQA-ru,base,5663,Дом деревянный и красный?,нет,нет,нет,True,True,
GQA-ru,base,11936,Белая бумага над наклейками?,да,да,да,True,True,
GQA-ru,base,5139,Есть ли тарелка слева от девушки справа на картине?,да,да,да,True,True,
GQA-ru,base,7149,На какой стороне изображения находится зеркало?,слева,слева,слева,True,True,
GQA-ru,base,9932,Кто стоит рядом с ловцом?,бейсболист,игрок,игрок,False,True,
GQA-ru,base,8379,Какая одежда связана?,рубашка,платье,платье,False,True,
GQA-ru,base,1894,Что перед женщинами?,рама окна,стол,стол,False,True,
GQA-ru,base,6311,Изготовлены ли окно и дверь из одного и того же материала?,нет,нет,нет,True,True,
GQA-ru,base,9446,Где суп?,на столе,стол,стол,False,True,
GQA-ru,base,3114,Какого цвета майка?,розовая,белая,белая,False,True,
GQA-ru,base,4173,Какая мебель не крупная?,стул,стол,стол,False,True,
GQA-ru,base,727,Какой прибор закрыт?,духовка,плита,плита,False,True,
GQA-ru,base,11612,Из чего сделана черная маска для лица?,из металла,пластик,пластик,False,True,
GQA-ru,base,7144,"Какой тип мебели имеет такой же цвет, как рубашка?",стул,стол,стол,False,True,
GQA-ru,base,27,"Какая еда находится слева от младенца, сидящего на женщине?",зефир,суп,суп,False,True,
GQA-ru,base,8518,Она в пальто?,нет,нет,нет,True,True,
GQA-ru,base,8821,"Смотрит ли лыжник, который не низкий, вниз?",да,да,да,True,True,
GQA-ru,base,11253,Есть ли черная клавиатура или пульт дистанционного управления?,нет,да,да,False,True,
GQA-ru,base,11787,"Мост находится за транспортным средством, которое находится за наклейкой?",да,да,да,True,True,
GQA-ru,base,12156,Какое животное находится справа от зебры?,лошади,коза,коза,False,True,
GQA-ru,base,12075,"Какого размера куртка, маленькая или большая?",маленькая,маленькая,маленькая,True,True,
GQA-ru,base,10987,Какого цвета ковер?,черный,черный,черный,True,True,
GQA-ru,base,3228,"Какого, по вашему мнению, цвета пол?",серый,зелёный,зелёный,False,True,
GQA-ru,base,5967,Какого цвета зубная щётка?,жёлтая,жёлтая,жёлтая,True,True,
GQA-ru,base,7066,"Какого размера стол, на котором стоит чашка?",маленький,большой,большой,False,True,
GQA-ru,base,1146,Есть ли в этой картине белая кровать или стол?,нет,да,да,False,True,
GQA-ru,base,10882,Находится ли ноутбук слева или справа от мобильного телефона?,слева,слева,слева,True,True,
GQA-ru,base,5409,Кто носит рубашку?,мужчина,мальчик,мальчик,False,True,
GQA-ru,base,10209,"На каком предмете мебели лежит пульт управления, на шкафу или журнальном столике?",журнальный столик,журнальный столик,журнальный,False,True,
GQA-ru,base,5143,На какой стороне круглая еда?,справа,слева,слева,False,True,
GQA-ru,base,2041,Пожилые люди слева или справа?,справа,справа,справа,True,True,
GQA-ru,base,11792,"Клавиатура чёрная или, может быть, серебристая?",серебристая,черная,черная,False,True,
GQA-ru,base,4920,"Какая еда находится справа от контейнера, который не открыт?",печенье,рис,рис,False,True,
GQA-ru,base,8308,Из чего сделан пылесос?,из пластика,из пластика,из,False,True,
GQA-ru,base,5067,Какой тип одежды в полоску?,рубашка,рубашка,рубашка,True,True,
GQA-ru,base,10926,Печенья круглые?,да,да,да,True,True,
GQA-ru,base,6691,Европец мужчина и счастлив?,да,да,да,True,True,
GQA-ru,base,5344,Что стоит на столешнице?,подставка для столовых приборов,чайник,чайник,False,True,
GQA-ru,base,6592,Раковина сделана из хрома?,нет,нет,нет,True,True,
GQA-ru,base,11423,Какое устройство находится на столе?,компьютер,компьютер,компьютер,True,True,
GQA-ru,base,4844,Какое это место?,парк,дорога,дорога,False,True,
GQA-ru,base,9083,"Какая мебель имеет такой же цвет, как дерево перед стеной?",диван,стул,стул,False,True,
GQA-ru,base,2085,Какое животное стоит на земле?,слон,медведь,медведь,False,True,
GQA-ru,base,3143,Стоят ли слоны за камнями?,да,да,да,True,True,
GQA-ru,base,6888,Какой транспортное средство серого цвета?,фургон,грузовик,грузовик,False,True,
GQA-ru,base,10894,Какой знак изображён на этой картинке?,знак остановки,"знак ""стоп""",знак,False,True,
GQA-ru,base,6211,Полки находятся над миской?,да,да,да,True,True,
GQA-ru,base,11097,Сумка и спальня одного и того же цвета?,нет,да,да,False,True,
GQA-ru,base,2851,Кровать белого цвета выглядит маленькой и мягкой?,нет,да,да,False,True,
GQA-ru,base,10084,Стеклянный контейнер перед бумажными полотенцами сделан из бумаги?,да,да,да,True,True,
GQA-ru,base,9324,"Какая мебель не белая, стул или стол?",стол,стул,стул,False,True,
GQA-ru,base,4930,Полотенце выглядит толстым?,нет,нет,нет,True,True,
GQA-ru,base,6653,Маркер выглядит серым или красным?,серым,серый,серый,False,True,
GQA-ru,base,8977,Мужчина справа от коровы?,нет,нет,нет,True,True,
GQA-ru,base,6,Над чем летит самолёт?,океан,воздушное пространство,воздушное,False,True,
GQA-ru,base,4978,Какая мебель низкая?,кровать,кровать,кровать,True,True,
GQA-ru,base,4700,Зеркало из серебра справа или слева?,справа,справа,справа,True,True,
GQA-ru,base,3443,Какое животное маленькое?,зебра,зебра,зебра,True,True,
GQA-ru,base,7043,Этот стол гладкий и темно-коричневый?,да,нет,нет,False,True,
GQA-ru,base,9502,Это сцена в помещении?,да,да,да,True,True,
GQA-ru,base,9939,Младенец на велосипеде выглядит уродливо?,нет,нет,нет,True,True,
GQA-ru,base,10726,Кто катается на скейтборде?,мальчик,мальчик,мальчик,True,True,
GQA-ru,base,5279,Лампа рядом с ноутбуком выглядит тонкой и высокой?,да,да,да,True,True,
GQA-ru,base,7618,Кто прикасается к ноутбукам?,мужчина,мальчик,мальчик,False,True,
GQA-ru,base,7238,"Человек справа или слева от сумки, которая лежит на верху шкафа?",слева,слева,слева,True,True,
GQA-ru,base,7244,Что перед окном?,шторы,раковина,раковина,False,True,
GQA-ru,base,11069,Клавиатура слева от подноса белая или черная?,белая,белая,белая,True,True,
GQA-ru,base,3501,С какой стороны картинки находятся бумаги?,слева,слева,слева,True,True,
GQA-ru,base,8375,"Вы видите и кружки, и чашки?",нет,нет,нет,True,True,
GQA-ru,base,7752,Какого цвета статуя?,серая,синяя,синяя,False,True,
GQA-ru,base,12057,Что находится перед белыми цветами?,меню,картина,картина,False,True,
GQA-ru,base,2780,Какая мебель плоская?,стол,стол,стол,True,True,
GQA-ru,base,10794,Полотенце справа от мыльницы цветное и маленькое?,да,да,да,True,True,
GQA-ru,base,1389,Какой тип воздушного судна находится над океаном?,вертолет,верной самолет,верной,False,True,
GQA-ru,base,4649,На какой стороне находится синяя зубная щетка?,справа,справа,справа,True,True,
GQA-ru,base,8445,"Как называется десерт, имеющий ту же форму, что и большой контейнер?",брауни,мороженое,мороженое,False,True,
GQA-ru,base,10876,Над чем висит лампа?,стол,стена,стена,False,True,
GQA-ru,base,10370,Какая это комната?,спальня,гостиная,гостиная,False,True,
GQA-ru,base,10145,Оранжевый кот слева от лампы?,да,нет,нет,False,True,
GQA-ru,base,5491,"Что за устройство держит блондинка, стоящая перед столом, контроллер Wii или телефон?",контроллер wii,контроллер Wii,контроллер,False,True,
GQA-ru,base,1530,Какие предметы мебели находятся под плитой?,шкафы,шкафы,шкафы,True,True,
GQA-ru,base,3848,Выглядит ли книжный шкаф рядом с лампой высоким и пустым?,нет,да,да,False,True,
GQA-ru,base,11023,Каков вес корабля?,тяжёлый,маленький,маленький,False,True,
GQA-ru,base,5085,"Стол стоит перед рождественской гирляндой, которая на стене?",да,да,да,True,True,
GQA-ru,base,3680,Велосипед слева или справа от человека в куртке?,справа,справа,справа,True,True,
GQA-ru,base,3262,На чём стоит лампа?,на тумбочке,на полке,на,False,True,
GQA-ru,base,2414,Какая мебель находится справа от мужчины?,полки,полка,полка,False,True,
GQA-ru,base,400,Вода волнуется?,нет,нет,нет,True,True,
GQA-ru,base,757,Какой вид кухонного инструмента тёплый?,сковорода,лопатка,лопатка,False,True,
GQA-ru,base,4011,Какого цвета те часы?,розовые,синие,синие,False,True,
GQA-ru,base,7784,В каком приборе отражается бутылка вина?,в тостере,микроволновка,микроволновка,False,True,
GQA-ru,base,10015,Лежит ли металлическая лопатка на кофейнике?,нет,да,да,False,True,
GQA-ru,base,1193,"Кто смотрит на десерт, который находится на подносе?",девочка,женщина,женщина,False,True,
GQA-ru,base,7461,Какое это место?,парковка,дорога,дорога,False,True,
GQA-ru,base,6790,Брюки выглядят темными и длинными?,да,да,да,True,True,
GQA-ru,base,10318,Корзина открытая зелёная или коричневая?,коричневая,зелёная,зелёная,False,True,
GQA-ru,base,9431,С каким устройством играет мальчик?,с контроллером wii,контроллер,контроллер,False,True,
GQA-ru,base,3185,Есть ли двери?,нет,да,да,False,True,
GQA-ru,base,11769,Доска для мела находится над банками?,да,да,да,True,True,
GQA-ru,base,11409,Кто носит шапку?,сноубордист,девочка,девочка,False,True,
GQA-ru,base,6291,Что находится на столе?,тарелки,чайник,чайник,False,True,
GQA-ru,base,8099,Провода выглядят твердыми?,да,нет,нет,False,True,
GQA-ru,base,6547,Стол коричневого цвета и квадратной формы?,нет,да,да,False,True,
GQA-ru,base,3997,У куртки и подноса разные цвета?,да,да,да,True,True,
GQA-ru,base,2417,Кто перед мальчиком?,бэттер,игрок,игрок,False,True,
GQA-ru,base,10748,Какая мебель находится за мужчиной?,стол,стул,стул,False,True,
GQA-ru,base,11266,Есть ли красная тарелка или банка?,нет,нет,нет,True,True,
GQA-ru,base,90,Что стоит на полу?,полка,бутылка,бутылка,False,True,
GQA-ru,base,1746,Что общего у брауни и контейнера?,форма,цвет,цвет,False,True,
GQA-ru,base,6965,Мусорное ведро находится под раковиной?,нет,да,да,False,True,
GQA-ru,base,3585,"Человек, который смотрит, держит теннисную ракетку?",да,да,да,True,True,
GQA-ru,base,2881,Какого цвета контейнер из картона?,белый,коричневый,коричневый,False,True,
GQA-ru,base,11401,"Есть ли на этом изображении и шлем, и сноубордист?",да,The man is wearing a helmet and a snowsuit,the,False,True,
GQA-ru,base,8486,Стол кажется белым и круглым?,да,TR nahilalakip nahilalakip nahilalakip nahilalakip nahilalakip nahilalakip nahilalakip nahilalakip nahilalakip,tr,False,True,
GQA-ru,base,7611,Носит ли этот питчер перчатку?,нет,TR,tr,False,True,
GQA-ru,base,822,Летучая мышь черная и металлическая?,нет,TRUCK,truck,False,True,
GQA-ru,base,9132,Какой прибор находится перед столом?,плита,TRASHER,trasher,False,True,
GQA-ru,base,4082,На какой стороне изображения находится красная книга?,справа,TRUCK,truck,False,True,
GQA-ru,base,1988,Что делает собака?,играет,TRекет,trекет,False,True,
GQA-ru,base,7478,Рядом с чем стоит этот стул?,цветы,TRUMPET,trumpet,False,True,
GQA-ru,base,2184,Подушки на диване белые и мягкие?,да,да,да,True,True,
GQA-ru,base,7612,Какая мебель сделана из дерева?,письменный стол,стол,стол,False,True,
GQA-ru,base,10937,За каким видом мебели находится книжная полка?,кровать,полка,полка,False,True,
GQA-ru,base,8702,Какой тип овощей находится слева от круглой еды?,фасоль,морковь,морковь,False,True,
GQA-ru,base,9157,Есть ли какие-нибудь лампы рядом с книгами справа?,да,да,да,True,True,
GQA-ru,base,9755,Есть ли оранжевая сумка или телефон?,да,да,да,True,True,
GQA-ru,base,5198,Есть ли черные стулья или телевизоры?,да,да,да,True,True,
GQA-ru,base,7251,Какого цвета шорты?,серые,серые,серые,True,True,
GQA-ru,base,10037,Какое животное смотрит на человека?,кот,кот,кот,True,True,
GQA-ru,base,11784,Капуста справа от другой капусты одновременно лиственная и красная?,нет,нет,нет,True,True,
GQA-ru,base,8270,"На чем лежит закуска, на книжной полке или на кровати?",на кровати,книжная полка,книжная,False,True,
GQA-ru,base,6991,Как называются эти животные?,козы,коровы,коровы,False,True,
GQA-ru,base,8976,Какой предмет одежды черный?,рубашка,куртка,куртка,False,True,
GQA-ru,base,7305,Чем окружен песок?,деревьями,забор,забор,False,True,
GQA-ru,base,2607,Кто стоит за тортом?,дама,женщина,женщина,False,True,
GQA-ru,base,12184,Рама для картин выглядит деревянной и коричневой?,нет,да,да,False,True,
GQA-ru,base,7777,Какой предмет мебели не коричневый?,диван,полка,полка,False,True,
GQA-ru,base,7373,"В какой части фотографии находится ящик, в верхней или нижней?",в верхней,в верхней,в,False,True,
GQA-ru,base,4246,Смотрит ли судья за битой на бейсболиста?,да,да,да,True,True,
GQA-ru,base,4050,Кто носит рубашку?,мужчина,игрок,игрок,False,True,
GQA-ru,base,10447,"Что растёт за забором, который находится за столбом?",сосны,лимон,лимон,False,True,
GQA-ru,base,4543,"Человек, находящийся слева от бутылки с водой, молод и азиат?",да,да,да,True,True,
GQA-ru,base,8540,Есть ли здесь скамейки или бинты?,да,да,да,True,True,
GQA-ru,base,7939,Лук слева от сервировочной тарелки выглядит здоровым и маленьким?,да,да,да,True,True,
GQA-ru,base,10268,Бокал для вина слева или справа от тарелки?,справа,справа,справа,True,True,
GQA-ru,base,3919,Что лежит на сковороде?,лопатка,пирог,пирог,False,True,
GQA-ru,base,4499,"Пол сделан из такого же материала, как и стена?",нет,да,да,False,True,
GQA-ru,base,7206,Какого размера поднос в центре?,маленький,маленький,маленький,True,True,
GQA-ru,base,1269,"Куртка такого же цвета, как сумка?",нет,да,да,False,True,
GQA-ru,base,11690,Волосы светлые и длинные?,да,да,да,True,True,
GQA-ru,base,4681,Держится ли мужчина слева от очков за зонт справа от очков?,да,да,да,True,True,
GQA-ru,base,3841,Какой размер у чистого душа возле зеркала?,большой,маленький,маленький,False,True,
GQA-ru,base,4451,Включенный ноутбук на столе закрыт и прямоугольный?,нет,нет,нет,True,True,
GQA-ru,base,5502,Есть ли маленькие настольные лампы или заборы?,да,да,да,True,True,
GQA-ru,base,5238,Выглядит ли жираф справа от дома худым?,да,нет,нет,False,True,
GQA-ru,base,8849,У плиты и варочной поверхности одинаковый цвет?,нет,да,да,False,True,
GQA-ru,base,1320,Как называется мягкая еда?,бутерброды,сэндвич,сэндвич,False,True,
GQA-ru,base,2267,Что лежит на джинсах?,скейтборд,книга,книга,False,True,
GQA-ru,base,2471,"Есть ли на полу книги, которые выглядят красными?",нет,да,да,False,True,
GQA-ru,base,3788,Какой вид бытовой техники изготовлен из металла?,тостер,микроволновка,микроволновка,False,True,
GQA-ru,base,6275,"Находится ли автомобиль справа от автобуса, рядом с которым находится стрелка?",да,The bus is green and has a green arrow on,the,False,True,
GQA-ru,base,11369,Что находится под телевизором?,тумба для аппаратуры,TRASHCAN,trashcan,False,True,
GQA-ru,base,2503,Какой транспорт находится позади внедорожника?,грузовик,TRUCK,truck,False,True,
GQA-ru,base,11573,Какого цвета книга?,белый,TRUMPET,trumpet,False,True,
GQA-ru,base,3505,Что лежит на жёлтом столе?,бумага,TRASH,trash,False,True,
GQA-ru,base,1052,"Какого цвета ручки, которые лежат на кровати?",белые,TRUMBLE,trumble,False,True,
GQA-ru,base,6797,Что находится перед экраном?,ноутбук,TRASH,trash,False,True,
GQA-ru,base,6678,Есть ли коврики перед раковиной?,да,TRASHCAN,trashcan,False,True,
GQA-ru,base,5421,Какого размера зонтик в верхней части изображения?,огромный,маленький,маленький,False,True,
GQA-ru,base,8890,На какой стороне изображения находится блендер?,слева,слева,слева,True,True,
GQA-ru,base,7633,Брюки и полотенца одного цвета?,нет,да,да,False,True,
GQA-ru,base,6812,Кто носит повязку на голову?,футболист,девочка,девочка,False,True,
GQA-ru,base,1020,Кто носит сандалии?,мужчина,мужчина,мужчина,True,True,
GQA-ru,base,3388,Есть ли на этой фотографии шкафы или стулья?,нет,нет,нет,True,True,
GQA-ru,base,6883,Что находится перед каменным зданием?,дерево,машина,машина,False,True,
GQA-ru,base,6381,Какого цвета столешница?,черная,черного,черного,False,True,
GQA-ru,base,9569,Какого цвета обувь?,белые,оранжевая,оранжевая,False,True,
GQA-ru,base,11395,Сколько лет счастливому мужчине?,пожилой,мало,мало,False,True,
GQA-ru,base,320,Кто носит рубашку?,женщина,женщина,женщина,True,True,
GQA-ru,base,9432,Какой предмет мебели находится справа от журнального столика?,тумбочка,диван,диван,False,True,
GQA-ru,base,6232,Из чего сделан стол?,из металла,металл,металл,False,True,
GQA-ru,base,7814,"Человек, который не женского пола, носит гидрокостюм?",нет,нет,нет,True,True,
GQA-ru,base,96,Что лежит на полу?,подарок,снег,снег,False,True,
GQA-ru,base,5763,Что находится перед ковром?,свитшот,стол,стол,False,True,
GQA-ru,base,4892,Какие фрукты коричневые?,яблоки,яблоки,яблоки,True,True,
GQA-ru,base,6389,На какой стороне изображения находится дом?,справа,справа,справа,True,True,
GQA-ru,base,6865,Человек возле туалета выглядит как европеец и мужчина?,нет,нет,нет,True,True,
GQA-ru,base,8818,Кто носит очки?,джентльмен,мужчина,мужчина,False,True,
GQA-ru,base,12036,Эта майка розовая и без рукавов?,да,нет,нет,False,True,
GQA-ru,base,8947,Кухонный инструмент из дерева имеет прямоугольную форму?,да,да,да,True,True,
GQA-ru,base,9883,"Есть ли велосипедисты или мужчины, которые едут?",да,да,да,True,True,
GQA-ru,base,3613,Как называется транспортное средство слева от скорой помощи?,пожарная машина,пожарная машина,пожарная,False,True,
GQA-ru,base,7999,Какое мясо под мустардой?,ветчина,ветчина,ветчина,True,True,
GQA-ru,base,3595,На какой стороне изображения находится пустая коробка?,справа,справа,справа,True,True,
GQA-ru,base,4471,"Кто стоит на скейтборде, который выглядит черным?",скейтбордист,парень,парень,False,True,
GQA-ru,base,7140,Что находится перед устройством около стекла?,экран,камень,камень,False,True,
GQA-ru,base,475,У шлема синий цвет?,да,да,да,True,True,
GQA-ru,base,6371,На что смотрит человек слева от очков?,океан,на воду,на,False,True,
GQA-ru,base,5507,Что находится перед стулом?,дверь,яблоко,яблоко,False,True,
GQA-ru,base,10958,Кто перед женщиной?,мужчина,мужчина,мужчина,True,True,
GQA-ru,base,11127,"Большой и круглый ли пончик, который слева от человека?",нет,да,да,False,True,
GQA-ru,base,6624,Отличается ли тарелка по цвету от кружки?,нет,да,да,False,True,
GQA-ru,base,11864,Какая мебель находится справа от ноутбука?,стул,стул,стул,True,True,
GQA-ru,base,2704,Грязный ли транспортное средство?,нет,нет,нет,True,True,
GQA-ru,base,7657,Что перевозит вертолёт?,корабль,люд,люд,False,True,
GQA-ru,base,2091,Какое устройство держит мужчина?,мобильный телефон,камера,камера,False,True,
GQA-ru,base,10195,Какая мебель серая?,диван,полка,полка,False,True,
GQA-ru,base,441,Имеет ли нож в блоке для ножей черный цвет и короткую длину?,нет,да,да,False,True,
GQA-ru,base,6455,Где находится транспортное средство?,на поле,в поле,в,False,True,
GQA-ru,base,9697,Какие устройства открыты?,ноутбуки,ноутбуки,ноутбуки,True,True,
GQA-ru,base,9246,С какой стороны монитор?,справа,справа,справа,True,True,
GQA-ru,base,10862,"Жалюзи и толстые, и плотные?",нет,нет,нет,True,True,
GQA-ru,base,444,Забор перед скамейкой высокий и серый?,да,да,да,True,True,
GQA-ru,base,1375,Какой тип мебели находится на полу?,тумба под телевизор,диван,диван,False,True,
GQA-ru,base,10530,Куртка легкая и коричневая?,нет,нет,нет,True,True,
GQA-ru,base,7022,Вы видите там сноуборд или серфборд?,да,да,да,True,True,
GQA-ru,base,2223,Отличается ли верёвка по цвету от велосипеда?,да,да,да,True,True,
GQA-ru,base,7564,Кто носит шляпу?,мальчик,игрок,игрок,False,True,
GQA-ru,base,2977,"Что больше, чем напиток, который находится сверху?",масло,чай,чай,False,True,
GQA-ru,base,823,Находится ли маленькое устройство слева?,нет,да,да,False,True,
GQA-ru,base,4262,Какое это место?,поле,трава,трава,False,True,
GQA-ru,base,5363,За каким предметом мебели находится стена?,диван,диван,диван,True,True,
GQA-ru,base,3467,Есть ли туалеты возле стены?,нет,нет,нет,True,True,
GQA-ru,base,7449,Какой предмет держит женщина?,телефон,камера,камера,False,True,
GQA-ru,base,5355,За кем идет мужчина?,за женщиной,женщиной,женщиной,False,True,
GQA-ru,base,5529,На чём лежит коврик для мыши?,на компьютерном столе,на столе,на,False,True,
GQA-ru,base,4558,Кто держит теннисную ракетку жёлто-серого цвета?,игрок,игрок,игрок,True,True,
GQA-ru,base,6906,Мужчина выглядит молодым и высоким?,да,да,да,True,True,
GQA-ru,base,4133,Где находится тот слон?,на поле,на дороге,на,False,True,
GQA-ru,base,1341,За кем идёт мужчина?,за женщиной,женщина,женщина,False,True,
GQA-ru,base,7705,Есть ли на картинке мячи или скворечники?,нет,нет,нет,True,True,
GQA-ru,base,317,Что делает женщина?,смотрит вниз,пожариваетasserole,пожариваетasserole,False,True,
GQA-ru,base,853,"Смотрит ли женщина, которая не худая, в мобильный телефон?",нет,да,да,False,True,
GQA-ru,base,5733,"Тарелка такого же цвета, как и занавеска?",да,да,да,True,True,
GQA-ru,base,3673,Эта дверь выглядит тонкой и деревянной?,да,да,да,True,True,
GQA-ru,base,10651,Вы видите пальмы справа от шкафа?,да,да,да,True,True,
GQA-ru,base,1124,Вы видите большое зеркало или стол?,нет,да,да,False,True,
GQA-ru,base,10678,Футболка синяя и чистая?,нет,нет,нет,True,True,
GQA-ru,base,659,На какой стороне фото находится скульптура?,справа,справа,справа,True,True,
GQA-ru,base,508,Из чего сделаны полки?,из металла,дерево,дерево,False,True,
GQA-ru,base,4051,"Забор находится перед деревьями или за деревьями, которые зеленые и коричневые?",позади,перед,перед,False,True,
GQA-ru,base,3266,"Как называется предмет одежды, который носят расстёгнутым?",толстовка,рубашка,рубашка,False,True,
GQA-ru,base,333,Что держит полный мужчина?,зонт,зонт,зонт,True,True,
GQA-ru,base,10179,Какая выпечка перед женщиной?,пирог,торт,торт,False,True,
GQA-ru,base,2496,"Находится ли бутылка справа или слева от зубной щётки, которая выглядит зелёной и белой?",слева,слева,слева,True,True,
GQA-ru,base,3908,Выглядит ли шина круглой и большой?,нет,да,да,False,True,
GQA-ru,base,2068,Находится ли мусорное ведро под тумбочкой?,нет,да,да,False,True,
GQA-ru,base,7758,Какая мебель висит на стене?,шкафы,шкаф,шкаф,False,True,
GQA-ru,base,10968,Какого цвета горшок для цветов?,коричневый,коричневый,коричневый,True,True,
GQA-ru,base,1874,Какого цвета горы рядом с океаном?,серые,коричневые,коричневые,False,True,
GQA-ru,base,9240,Кто носит брюки?,женщина,женщина,женщина,True,True,
GQA-ru,base,3571,Раковина установлена на столешнице?,да,нет,нет,False,True,
GQA-ru,base,7619,Звезды кажутся яркими и маленькими?,да,да,да,True,True,
GQA-ru,base,11460,Есть ли на картине телефон?,да,нет,нет,False,True,
GQA-ru,base,4198,"Как выглядит еда слева от верёвки, белая или тёмно-коричневая?",тёмно-коричневая,тёмно-коричневая,тёмно-коричневая,True,True,
GQA-ru,base,6043,Из чего сделана рамка для картины?,из пластика,дерево,дерево,False,True,
GQA-ru,base,2749,Какого цвета зонт слева?,розовый,розовый,розовый,True,True,
GQA-ru,base,9926,Дикие цветы фиолетовые?,нет,нет,нет,True,True,
GQA-ru,base,9949,Какой транспортный средство припарковано возле здания из кирпича?,автобус,автобус,автобус,True,True,
GQA-ru,base,2683,На какой стороне изображения находится коврик?,справа,слева,слева,False,True,
GQA-ru,base,5096,Рубашка-поло оранжевая или белая?,белая,белая,белая,True,True,
GQA-ru,base,9481,Кто катается на коньках по дороге?,женщина,мужчина,мужчина,False,True,
GQA-ru,base,420,Этот автомобиль серебристый?,нет,нет,нет,True,True,
GQA-ru,base,5111,"Корзина, которая коричневая, закрыта или открыта?",открыта,открыта,открыта,True,True,
GQA-ru,base,9433,Носки выглядят жёлтыми?,нет,да,да,False,True,
GQA-ru,base,6149,Есть ли брокколи рядом с круглой едой?,да,да,да,True,True,
GQA-ru,base,6498,Какое животное перед диваном?,собака,собака,собака,True,True,
GQA-ru,base,11714,"Вы видите там доску для серфинга, которая не тонкая?",нет,да,да,False,True,
GQA-ru,base,3249,Где сделана эта фотография?,на равнине,в поле,в,False,True,
GQA-ru,base,1245,Есть ли серебристые краны или заборы?,да,да,да,True,True,
GQA-ru,base,9700,Какая одежда не черная?,платье,платье,платье,True,True,
GQA-ru,base,11315,"Что находится перед транспортным средством, которое выглядит темным?",забор,забор,забор,True,True,
GQA-ru,base,10276,Что находится перед галстуком?,рубашка,шляпа,шляпа,False,True,
GQA-ru,base,3978,Из одного ли материала сделаны забор и знак?,нет,да,да,False,True,
GQA-ru,base,1669,Кто носит рубашку?,джентльмен,мужчина,мужчина,False,True,
GQA-ru,base,11422,Что за устройство на столе?,компьютер,компьютер,компьютер,True,True,
GQA-ru,base,4941,"Какое животное находится перед счастливым человеком, который стоит перед козой?",овца,коза,коза,False,True,
GQA-ru,base,11210,Какого цвета чистая раковина?,белый,белая,белая,False,True,
GQA-ru,base,9837,"Какой цвет у светофора, который не короткий?",черный,черный,черный,True,True,
GQA-ru,base,1983,Что находится перед бутылкой?,миска,компьютер,компьютер,False,True,
GQA-ru,base,9272,Это тостер или миксер?,тостер,миксер,миксер,False,True,
GQA-ru,base,672,Что это за место?,улица,магазин,магазин,False,True,
GQA-ru,base,5688,На чём стоит растение?,на полке,на столе,на,False,True,
GQA-ru,base,8728,Какие предметы мебели находятся под шкафами?,шкафчики,шкафы,шкафы,False,True,
GQA-ru,base,7018,Выглядит ли играющий над водой мужчина старым?,нет,нет,нет,True,True,
GQA-ru,base,10838,Ковёр под ней мягкий и белый?,нет,нет,нет,True,True,
GQA-ru,base,6071,С какой стороны находится телевизор?,справа,справа,справа,True,True,
GQA-ru,base,1129,Есть ли маленькие женщины или мужчины?,нет,нет,нет,True,True,
GQA-ru,base,8289,Дверь выглядит деревянной и большой?,да,TRADA,trada,False,True,
GQA-ru,base,10609,Находятся ли маленькие книги с правой стороны картинки?,нет,TR nahilalakip nahilalakip nahilalakip nahilalakip nahilalakip nahilalakip nahilalakip nahilalakip nahilalakip,tr,False,True,
GQA-ru,base,5590,Какое животное молодое?,котенок,TRAMP,tramp,False,True,
GQA-ru,base,207,Что находится на столе?,цветы,TRINKets,trinkets,False,True,
GQA-ru,base,6882,Маленький обогреватель чистый или грязный?,чистый,TRASH,trash,False,True,
GQA-ru,base,8031,"Какая этническая принадлежность у человека, стоящего рядом с другим человеком?",азиатский,The Asian man,the,False,True,
GQA-ru,base,1729,Чем закрыто окно рядом с часами?,занавесками,TRТОМ,trтом,False,True,
GQA-ru,base,7102,"Материал окна такой же, как у пистолета?",нет,TRUTH,truth,False,True,
GQA-ru,base,5934,"Какое животное сидит рядом с человеком, который носит пальто?",собака,собака,собака,True,True,
GQA-ru,base,10413,Отражение каких металлических предметов можно увидеть в чем?,тостер,в миске,в,False,True,
GQA-ru,base,7532,"Выглядит ли шляпа, сделанная из ткани, кривой и зелёной?",да,нет,нет,False,True,
GQA-ru,base,11588,Шкаф справа от другого шкафа закрыт и маленький?,нет,нет,нет,True,True,
GQA-ru,base,2506,"Есть ли диваны или лампы, которые не розовые?",нет,нет,нет,True,True,
GQA-ru,base,7135,Выглядит ли стул слева от чашек низким и золотым?,да,да,да,True,True,
GQA-ru,base,2885,На какой стороне синяя сумка?,слева,слева,слева,True,True,
GQA-ru,base,12022,"Устройство, которое выглядит серым, выключено или включено?",включено,выключено,выключено,False,True,
GQA-ru,base,8548,Какая еда находится справа от блина?,яйца,TRASH,trash,False,True,
GQA-ru,base,10657,Отличается ли цвет пастбища от цвета дома?,да,TR nahilalakip nahilalakip nahilalakip nahilalakip nahilalakip nahilalakip nahilalakip nahilalakip nahilalakip,tr,False,True,
GQA-ru,base,4425,За стеной из кирпича есть щенки?,нет,TRASH,trash,False,True,
GQA-ru,base,10091,"Скейтбордист, который смотрит вверх, носит кепку?",да,The man is wearing a green hat.,the,False,True,
GQA-ru,base,8817,Кто носит пальто?,джентльмен,TRТОР,trтор,False,True,
GQA-ru,base,7921,Какое животное стоит на траве?,олень,TRUMBARA,trumbara,False,True,
GQA-ru,base,7616,"Что, по-вашему, висит над столешницей?",гроздь бананов,TRAY,tray,False,True,
GQA-ru,base,7136,Есть ли динамик над тротуаром?,нет,TRUCK,truck,False,True,
GQA-ru,base,11977,Кто катается на скейтборде?,скейтбордист,мальчик,мальчик,False,True,
GQA-ru,base,9707,Какое устройство необычное?,телефон,компьютер,компьютер,False,True,
GQA-ru,base,4397,Сумка черного цвета и большого размера?,нет,нет,нет,True,True,
GQA-ru,base,5280,Её видно сквозь лампу?,нет,да,да,False,True,
GQA-ru,base,4022,Что лежит на горах?,снег,снег,снег,True,True,
GQA-ru,base,1419,Какого цвета мягкий свитер?,черный,зелёный,зелёный,False,True,
GQA-ru,base,4569,Есть ли матрасы или тележки?,нет,да,да,False,True,
GQA-ru,base,7385,Совпадает ли цвет раковины с цветом рамы картины?,нет,да,да,False,True,
GQA-ru,base,3995,Выглядит ли мусорный бак черно-белым?,да,да,да,True,True,
GQA-ru,base,7613,Подушка неудобная?,нет,да,да,False,True,
GQA-ru,base,9336,"Какого цвета светофор, на котором висит дорожный знак?",черный,красный,красный,False,True,
GQA-ru,base,9999,Что перед миской?,клубника,крем,крем,False,True,
GQA-ru,base,10947,Волосы светлые и короткие?,нет,нет,нет,True,True,
GQA-ru,base,5511,"Как называется предмет мебели, на котором стоит коробка?",компьютерный стол,стол,стол,False,True,
GQA-ru,base,470,"Что находится перед зданием, над которым небо?",дорожный знак,забор,забор,False,True,
GQA-ru,base,8098,Что находится перед черными кабелями?,ноутбуки,клавиатура,клавиатура,False,True,
GQA-ru,base,5325,Эта девушка европеоидной или азиатской расы?,азиатской,азиатской,азиатской,True,True,
GQA-ru,base,2979,Кажется ли масло у полки густым или жидким?,густое,густым,густым,False,True,
GQA-ru,base,7988,"Носит ли человек, который не молод, шорты?",нет,нет,нет,True,True,
GQA-ru,base,3475,Что находится перед забором?,скамейка,забор,забор,False,True,
GQA-ru,base,5813,Что находится перед тротуаром?,корзина,грузовик,грузовик,False,True,
GQA-ru,base,4232,Включена ли серебристая раковина?,выключена,да,да,False,True,
GQA-ru,base,5576,Штаны белые и мягкие?,да,нет,нет,False,True,
GQA-ru,base,4581,Какую форму имеет коробка для салфеток?,прямоугольная,круглая,круглая,False,True,
GQA-ru,base,9767,Какого пола сноубордист?,женский,женщина,женщина,False,True,
GQA-ru,base,11488,Какое устройство не цифровое?,клавиатура,компьютер,компьютер,False,True,
GQA-ru,base,4526,Что находится перед телефоном?,компьютер,компьютерная мышь,компьютерная,False,True,
GQA-ru,base,9106,Книга выглядит закрытой?,да,нет,нет,False,True,
GQA-ru,base,166,Есть ли серебристый ноутбук или DVD-плеер?,нет,нет,нет,True,True,
GQA-ru,base,8464,Погода облачная или ясная?,ясная,облачная,облачная,False,True,
GQA-ru,base,3130,Что находится перед столом?,скамейка,стол,стол,False,True,
GQA-ru,base,1402,Рубашка выглядит белой и с длинными рукавами?,да,да,да,True,True,
GQA-ru,base,3954,Какой предмет мебели металлический?,стул,стул,стул,True,True,
GQA-ru,base,11797,Знак на улице оранжевый и прямоугольный?,да,нет,нет,False,True,
GQA-ru,base,9096,Что на траве?,фургон,забор,забор,False,True,
GQA-ru,base,3937,Какая это мебель?,стулья,стулья,стулья,True,True,
GQA-ru,base,11314,Что держит счастливый мужчина?,флаг,камень,камень,False,True,
GQA-ru,base,7800,Лошади большие и белые?,нет,нет,нет,True,True,
GQA-ru,base,10582,Находится ли чёрно-белое изображение в нижней части фотографии?,нет,нет,нет,True,True,
GQA-ru,base,11662,Скамейка справа от другой скамейки серебристая и волнистая?,да,да,да,True,True,
GQA-ru,base,8041,Какого цвета та куртка?,коричневый,белая,белая,False,True,
GQA-ru,base,7342,Воздушный змей над человеком длинный и лёгкий?,да,да,да,True,True,
GQA-ru,base,282,Выглядит ли бетонная тротуарная дорожка шероховатой и мощеной?,да,нет,нет,False,True,
GQA-ru,base,1524,Отражается ли бутылка вина из стекла в кофеварке?,нет,да,да,False,True,
GQA-ru,base,4820,Есть ли чёрные духовки или шкафы?,да,да,да,True,True,
GQA-ru,base,3630,Перед чем находится печенье?,скотч,бумаги,бумаги,False,True,
GQA-ru,base,6625,Статуя сделана из камня?,нет,да,да,False,True,
GQA-ru,base,11334,"На изображении есть и столы, и клавиатуры?",нет,нет,нет,True,True,
GQA-ru,base,3986,Этот провод тонкий и серый?,да,нет,нет,False,True,
GQA-ru,base,5016,Лента находится за печеньем?,да,да,да,True,True,
GQA-ru,base,10878,Что перед сапогами?,стена,телевизор,телевизор,False,True,
GQA-ru,base,9528,Высокий столб находится за забором?,нет,да,да,False,True,
GQA-ru,base,6046,Какая мебель металлическая?,стол,стол,стол,True,True,
GQA-ru,base,7753,Какая мебель висит на бежевой стене?,шкафчики,шкафы,шкафы,False,True,
GQA-ru,base,9068,Находится ли коврик для мыши на компьютерном столе рядом с бумагами?,да,да,да,True,True,
GQA-ru,base,8698,Эта метла выглядит темной и длинной?,да,да,да,True,True,
GQA-ru,base,5632,Какой кухонный инструмент находится над горшком с цветком?,сковорода,половник,половник,False,True,
GQA-ru,base,6971,"Что находится перед мужчиной, который стоит перед знаком?",блендер,бутылка,бутылка,False,True,
GQA-ru,base,9017,"Насколько тонким кажется вам светофор, который не короткий?",тонким,тонкий,тонкий,False,True,
GQA-ru,base,5419,Какого цвета зонт у джентльмена?,жёлтый,жёлтый,жёлтый,True,True,
GQA-ru,base,5764,"Как называется бытовой прибор, который не серый?",духовка,микроволновка,микроволновка,False,True,
GQA-ru,base,11515,В каком транспортном средстве сидит коричневая собака?,грузовик,грузовик,грузовик,True,True,
GQA-ru,base,7434,"Как называется предмет мебели, на котором стоит ноутбук?",компьютерный стол,стол,стол,False,True,
GQA-ru,base,4438,Как называется красочное водное судно?,лодки,лодка,лодка,False,True,
GQA-ru,base,5023,Какая мебель не белая?,стул,TR colonia,tr,False,True,
GQA-ru,base,4118,Что находится рядом со скамейкой?,камень,TRINKER,trinker,False,True,
GQA-ru,base,3777,Что находится перед холмом?,небо,TRUCK,truck,False,True,
GQA-ru,base,1976,"Какого цвета куртка, которую носит мужчина?",черная,TRUMBLE,trumble,False,True,
GQA-ru,base,11817,Что за еда находится сверху шоколадного десерта?,зефир,TRIX,trix,False,True,
GQA-ru,base,3155,Вы видите вилки на белой салфетке?,да,TR nahilalakip nahilalakip nahilalakip nahilalakip nahilalakip nahilalakip nahilalakip nahilalakip nahilalakip,tr,False,True,
GQA-ru,base,5169,"Как называется предмет мебели, который изготовлен из того же материала, что и пол?",книжный шкаф,The bed,the,False,True,
GQA-ru,base,1958,"Какой формы коврик для мыши, квадратный или круглый?",квадратный,TRANGULAR,trangular,False,True,
GQA-ru,base,12171,Человек справа от теннисной ракетки в шляпе?,да,да,да,True,True,
GQA-ru,base,8779,"Он слева от фрисби, за которым находятся деревья?",нет,да,да,False,True,
GQA-ru,base,11307,Какое это место?,железная дорога,город,город,False,True,
GQA-ru,base,3033,Вы видите кровать перед белыми занавесками?,нет,нет,нет,True,True,
GQA-ru,base,3138,Какая чистота грязи возле травы?,грязная,грязная,грязная,True,True,
GQA-ru,base,3545,Что делает арбитр?,стоит,ест,ест,False,True,
GQA-ru,base,12101,Что находится перед лентой?,чашка кофе,компьютер,компьютер,False,True,
GQA-ru,base,7933,Какое животное находится слева от клавиатуры?,собака,собака,собака,True,True,
GQA-ru,base,4530,Земля у леса заснеженная или голая?,заснеженная,заснеженная,заснеженная,True,True,
GQA-ru,base,11871,Ковер находится под диваном?,нет,да,да,False,True,
GQA-ru,base,9659,Какое устройство не серебристое?,клавиатура,экран,экран,False,True,
GQA-ru,base,8595,Какого размера самолёт?,маленький,маленький,маленький,True,True,
GQA-ru,base,9777,Есть ли чёрный рюкзак или портфель?,нет,нет,нет,True,True,
GQA-ru,base,4636,Из чего сделана чашка?,пластик,пластик,пластик,True,True,
GQA-ru,base,1647,Коробка квадратная и коричневая?,да,нет,нет,False,True,
GQA-ru,base,3180,Где находится бьющий?,на домашней плите,в воздухе,в,False,True,
GQA-ru,base,4853,"Какого тона стулья, которые находятся слева на фото?",светлые,TRASH,trash,False,True,
GQA-ru,base,3727,Есть ли красные подушки или одеяла?,нет,TR nahilalakip nahilalakip nahilalakip nahilalakip nahilalakip nahilalakip nahilalakip nahilalakip nahilalakip,tr,False,True,
GQA-ru,base,5912,"Какое устройство включено, ноутбук или клавиатура?",ноутбук,TRAVERSED,traversed,False,True,
GQA-ru,base,2939,Какой формы стеклянное окно?,прямоугольная,TRANGULAR divertente,trangular,False,True,
GQA-ru,base,4952,Как называется светло-синий предмет одежды?,майка,TR urllib/media/1200/,tr,False,True,
GQA-ru,base,231,Что за большой автомобиль?,грузовик,TRUCK,truck,False,True,
GQA-ru,base,11600,Закрыт или открыт синий зонт?,закрыт,TRASH,trash,False,True,
GQA-ru,base,2073,"Что, по-вашему, покрывает человека, который носит джинсы?",куртка,The umbrella,the,False,True,
GQA-ru,base,4494,Слоны мокрые или сухие?,сухие,мокрые,мокрые,False,True,
GQA-ru,base,745,Какой предмет мебели находится над столешницей?,шкаф,шкаф,шкаф,True,True,
GQA-ru,base,893,"Есть ли на этой фотографии и пульты дистанционного управления, и компьютерные мыши?",да,да,да,True,True,
GQA-ru,base,9066,Окно маленькое и серое?,да,нет,нет,False,True,
GQA-ru,base,4786,Кто стоит рядом с домашней плитой?,бэттер,игрок,игрок,False,True,
GQA-ru,base,11426,Какой тип мебели стоит рядом со свежими цветами?,стул,стул,стул,True,True,
GQA-ru,base,10450,Какая мебель коричневая?,книжный шкаф,диван,диван,False,True,
GQA-ru,base,8042,"Какого цвета деревья, которые не маленькие?",зелёные,черные,черные,False,True,
GQA-ru,base,1680,Какой предмет мебели находится перед обувью?,стол,полка,полка,False,True,
GQA-ru,base,200,"Вы видите забор перед деревом, которое стоит перед школой?",нет,нет,нет,True,True,
GQA-ru,base,9405,Полка рядом с человеком светло-коричневая или серебристая?,светло-коричневая,светло-коричневая,светло-коричневая,True,True,
GQA-ru,base,4658,"Какой высоты лампа, которая находится справа от компьютера?",невысокая,высокая,высокая,False,True,
GQA-ru,base,7690,Вы видите женщину рядом с белой одеждой?,да,нет,нет,False,True,
GQA-ru,base,7843,Растение стоит на лампе?,нет,нет,нет,True,True,
GQA-ru,base,7216,Что находится сверху на печи?,плита,чайник,чайник,False,True,
GQA-ru,base,5582,Кто перед окном?,ребенок,мальчик,мальчик,False,True,
GQA-ru,base,3020,Вы видите деревянную дверь или окно?,да,да,да,True,True,
GQA-ru,base,841,Какого цвета этот стол?,красный,коричневый,коричневый,False,True,
GQA-ru,base,4136,Есть ли слоны под голубым небом?,да,да,да,True,True,
GQA-ru,base,7827,Трава кажется короткой и светло-коричневой?,да,нет,нет,False,True,
GQA-ru,base,1869,Кто носит обувь?,мужчина,мужчина,мужчина,True,True,
GQA-ru,base,1070,На что посыпают посыпку?,на кексы,пончик,пончик,False,True,
GQA-ru,base,6565,Компьютер слева или справа от устройства посередине?,справа,слева,слева,False,True,
GQA-ru,base,8056,Что делает большое животное?,смотрит вверх,стоит,стоит,False,True,
GQA-ru,base,1213,Что общего у футбольного мяча и повязки на голову?,форма,цвет,цвет,False,True,
GQA-ru,base,9453,Письменный стол выглядит белым?,да,да,да,True,True,
GQA-ru,base,10312,Подушка находится на диване?,да,да,да,True,True,
GQA-ru,base,11246,"Есть ли окна или двери, которые не закрыты?",нет,нет,нет,True,True,
GQA-ru,base,878,Есть ли зубные щетки на этом изображении?,да,да,да,True,True,
GQA-ru,base,2485,У шортов и у обуви одинаковый цвет?,нет,да,да,False,True,
GQA-ru,base,2444,Что носит мужчина?,рубашку,очки,очки,False,True,
GQA-ru,base,9221,Какой прибор находится перед полом?,посудомоечная машина,духовка,духовка,False,True,
GQA-ru,base,1395,"С чего прыгает скейтбордист, не являющийся женщиной?",с тротуара,The train,the,False,True,
GQA-ru,base,4066,Трава выглядит высокой?,нет,TRAVIA,travia,False,True,
GQA-ru,base,1940,Кто стоит перед рамой из дерева?,мужчина,TRТО姆,trто姆,False,True,
GQA-ru,base,9143,Шкаф твердый?,да,TRASHCAN,trashcan,False,True,
GQA-ru,base,6818,Какого цвета зубная щетка слева от другой зубной щетки?,синий,TRUMBLE,trumble,False,True,
GQA-ru,base,9933,"Ты думаешь, что бейсбольный мяч плотный?",да,TRUTH,truth,False,True,
GQA-ru,base,9766,"Что находится перед людьми, стоящими справа от кукол?",багаж,TRASHCAN,trashcan,False,True,
GQA-ru,base,10132,У девушки светлые и длинные волосы?,нет,TR nahilalakip nahilalakip nahilalakip nahilalakip nahilalakip nahilalakip nahilalakip nahilalakip nahilalakip,tr,False,True,
GQA-ru,base,3697,"Какая мебель не коричневая, полка или стол?",полка,полка,полка,True,True,
GQA-ru,base,8561,Какая погода?,безоблачная,облачно,облачно,False,True,
GQA-ru,base,7381,Какие животные сухие?,слоны,слоны,слоны,True,True,
GQA-ru,base,7253,У кошелька маленький размер?,да,нет,нет,False,True,
GQA-ru,base,4871,"Ты думаешь, что тот дом синий?",да,да,да,True,True,
GQA-ru,base,9642,Какое устройство не серебристое?,клавиатура,экран,экран,False,True,
GQA-ru,base,7025,Над кем висит дорожный знак черно-белого цвета?,над мужчиной,автобус,автобус,False,True,
GQA-ru,base,5003,Кажется ли скамейка шероховатой и деревянной?,да,да,да,True,True,
GQA-ru,base,9316,С какой стороны картины находится мягкий диван?,слева,слева,слева,True,True,
GQA-ru,base,10174,Кто носит брюки?,судья,игрок,игрок,False,True,
GQA-ru,base,986,"Находится ли чёрная машина справа от человека, который наблюдает за футболистом?",да,да,да,True,True,
GQA-ru,base,9988,Широкое небо выше чего?,деревья,дерево,дерево,False,True,
GQA-ru,base,12125,"Шлем, который находится справа от мужчины, белый и твердый?",да,да,да,True,True,
GQA-ru,base,1625,Где стоит худенькая девушка?,на земле,на полу,на,False,True,
GQA-ru,base,3404,Какой длины шорты?,короткие,длинные,длинные,False,True,
GQA-ru,base,10248,Корзина под другой корзиной выглядит пустой?,да,да,да,True,True,
GQA-ru,base,3457,"Есть ли тарелки или банки, которые не круглые?",нет,нет,нет,True,True,
GQA-ru,base,4335,Какое это место?,пастбище,поле,поле,False,True,
GQA-ru,base,10820,Кто носит рубашку?,мужчина,мужчина,мужчина,True,True,
GQA-ru,base,1330,"Кто смотрит на двери, на которых висит рюкзак?",мужчина,мальчик,мальчик,False,True,
GQA-ru,base,2573,Шторы разноцветные?,да,да,да,True,True,
GQA-ru,base,3929,С чего он прыгает?,с травы,скейтборд,скейтборд,False,True,
GQA-ru,base,2847,Какая еда находится в морозильнике?,сметана,салат,салат,False,True,
GQA-ru,base,9043,Какой предмет одежды белый: шляпа или футболка?,футболка,футболка,футболка,True,True,
GQA-ru,base,1229,"Что находится внутри холодильника, который стоит перед стеной?",стаканы,бутылки,бутылки,False,True,
GQA-ru,base,2564,Старики слева от машины?,да,да,да,True,True,
GQA-ru,base,43,Этот вертолет включен или выключен?,выключен,выключен,выключен,True,True,
GQA-ru,base,6693,Какая еда находится справа от столового прибора слева на фотографии?,пюре,рис,рис,False,True,
GQA-ru,base,11294,Какого цвета этот налокотник?,белый,серый,серый,False,True,
GQA-ru,base,9729,Какая бытовая техника находится слева от плиты?,духовка,микроволновка,микроволновка,False,True,
GQA-ru,base,7699,Кто носит шорты?,мальчик,мальчик,мальчик,True,True,
GQA-ru,base,4771,Какое животное внутри грузовика?,собака,собака,собака,True,True,
GQA-ru,lora,10476,Полотенца белые и грязные?,нет,да,да,False,True,
GQA-ru,lora,1824,"Какого цвета свитер, который носит женщина?",синий,синий,синий,True,True,
GQA-ru,lora,409,Из какого материала сделан знак стоп на верхушке столба?,металл,металл,металл,True,True,
GQA-ru,lora,12149,Какого цвета брюки?,черные,синие,синие,False,True,
GQA-ru,lora,4506,Какие предметы мебели сделаны из дерева?,шкафы,полки,полки,False,True,
GQA-ru,lora,4012,Какой предмет мебели высокий?,полка,стол,стол,False,True,
GQA-ru,lora,3657,"Торт, который находится справа от девочки, выглядит коричневым и круглым?",да,да,да,True,True,
GQA-ru,lora,2286,Что висит над цветами?,картина,картина,картина,True,True,
GQA-ru,lora,12066,На какой стороне изображения находятся книги?,справа,справа,справа,True,True,
GQA-ru,lora,1679,Как называется широкий предмет мебели?,стул,стул,стул,True,True,
GQA-ru,lora,11087,"За чем находится этот забор, за коровой или за слоном?",за слоном,за слоном,за,False,True,
GQA-ru,lora,12135,Брюки короткие и темного цвета?,нет,да,да,False,True,
GQA-ru,lora,8935,"На каком предмете мебели лежит порошок, на кровати или на книжном шкафу?",на кровати,кровать,кровать,False,True,
GQA-ru,lora,1424,Блузка в полоску длинного рукава и розового цвета?,нет,нет,нет,True,True,
GQA-ru,lora,9674,"Ты думаешь, что дорога грязная?",да,да,да,True,True,
GQA-ru,lora,6912,Имеет ли зеркало на стене серебристый цвет и круглую форму?,нет,да,да,False,True,
GQA-ru,lora,520,Каковы размеры бетонной тротуарной дорожки?,большие,большой,большой,False,True,
GQA-ru,lora,488,Есть ли лошади перед белым забором?,нет,да,да,False,True,
GQA-ru,lora,1535,Какое животное красивое?,лошади,лошадь,лошадь,False,True,
GQA-ru,lora,3582,"Какая мебель сделана из такого же материала, как оконная рама, которая выглядит белой?",книжный шкаф,диван,диван,False,True,
GQA-ru,lora,3811,"Какой рост у человека, стоящего рядом с другим человеком?",высокий,короткий,короткий,False,True,
GQA-ru,lora,8279,Как называется предмет мебели перед огромным зеркалом?,диван,диван,диван,True,True,
GQA-ru,lora,9863,Есть ли бумажные стаканы или тарелки?,да,да,да,True,True,
GQA-ru,lora,434,Как называется черный предмет мебели?,книжный шкаф,кровать,кровать,False,True,
GQA-ru,lora,9195,У занавесок и чашек одинаковый цвет?,да,да,да,True,True,
GQA-ru,lora,3257,Какая одежда не является нарядной?,рубашка,шляпа,шляпа,False,True,
GQA-ru,lora,11731,Кого преследует мужчина?,женщину,женщину,женщину,True,True,
GQA-ru,lora,10647,Салфетка сделана из ткани или бумаги?,бумага,ткань,ткань,False,True,
GQA-ru,lora,11490,Какого цвета знак рядом со светофором?,красный,красного,красного,False,True,
GQA-ru,lora,8928,"Озеро, которое кажется мокрым, выглядит спокойным?",нет,да,да,False,True,
GQA-ru,lora,6873,Какого размера окно?,маленькое,большой,большой,False,True,
GQA-ru,lora,3611,Какое устройство находится справа от колонки?,компьютер,клавиатура,клавиатура,False,True,
GQA-ru,lora,7359,"Какой прибор находится справа от контейнера, который меньше пылесоса?",плита,холодильник,холодильник,False,True,
GQA-ru,lora,9654,Какой предмет мебели показан?,диван,диван,диван,True,True,
GQA-ru,lora,4557,Есть ли шкаф слева от прибора у окна?,нет,нет,нет,True,True,
GQA-ru,lora,106,Из чего сделан телефон?,пластик,металл,металл,False,True,
GQA-ru,lora,2615,Что находится перед белой плиткой?,кран,шкаф,шкаф,False,True,
GQA-ru,lora,11438,В каком устройстве находится алкоголь?,в блендере,блендер,блендер,False,True,
GQA-ru,lora,6924,Этот стол круглый?,нет,нет,нет,True,True,
GQA-ru,lora,5574,Что выше трубы?,окно,плита,плита,False,True,
GQA-ru,lora,4552,"Стоят ли банки справа от кружек, которые стоят на плите?",да,да,да,True,True,
GQA-ru,lora,2547,"Что менее здоровое, зефир или малина?",зефир,малина,малина,False,True,
GQA-ru,lora,3527,"Вы видите велосипеды или самокаты, которые не серые?",нет,нет,нет,True,True,
GQA-ru,lora,5514,Животные разных видов?,нет,да,да,False,True,
GQA-ru,lora,1674,Из какого материала сделан черный стул?,металл,кожа,кожа,False,True,
GQA-ru,lora,1519,Что находится перед улицей?,деревья,поле,поле,False,True,
GQA-ru,lora,6224,Девушка слева или справа от серебристого автомобиля?,справа,справа,справа,True,True,
GQA-ru,lora,1584,Монитор над клавиатурой серый и маленький?,нет,да,да,False,True,
GQA-ru,lora,5881,"Есть ли на этой фотографии и тарелка, и нож?",нет,**нет,**нет,False,True,
GQA-ru,lora,5635,Какой это предмет мебели?,кровать,**кровать,**кровать,False,True,
GQA-ru,lora,9891,Какой прибор находится справа от контейнера?,духовка,**микроволновка,**микроволновка,False,True,
GQA-ru,lora,4333,Облачно ли на этой фотографии?,да,**нет,**нет,False,True,
GQA-ru,lora,711,Какого цвета стул справа от женщины?,черный,**коричневый,**коричневый,False,True,
GQA-ru,lora,11955,"Пирс, который сделан из дерева, коричневый или, может быть, белый?",коричневый,The white plane is on the water.,the,False,True,
GQA-ru,lora,7527,Чего держится спортсмен?,ракетку,**ракетка,**ракетка,False,True,
GQA-ru,lora,8785,Что перед зданием?,деревья,**забор,**забор,False,True,
GQA-ru,lora,2045,Какая погода?,облачно,облачно,облачно,True,True,
GQA-ru,lora,6201,"Ваза и унитаз, которые выглядят прямоугольными, оба белые?",да,да,да,True,True,
GQA-ru,lora,1291,Какого цвета поле за забором?,коричневый,зелёного,зелёного,False,True,
GQA-ru,lora,9044,"Как вы думаете, какая вещь сделана из хлопка?",футболка,шляпа,шляпа,False,True,
GQA-ru,lora,4803,На какой стороне находится аптечка?,справа,слева,слева,False,True,
GQA-ru,lora,10299,Соус одновременно жидкий и темный?,нет,нет,нет,True,True,
GQA-ru,lora,10133,В чём находится вода?,стакан,в стакане,в,False,True,
GQA-ru,lora,5925,Какой вид транспортного средства черный?,автобус,автобус,автобус,True,True,
GQA-ru,lora,9459,Какое устройство находится справа от стула?,ноутбук,ноутбук,ноутбук,True,True,
GQA-ru,lora,3150,Эта девочка под мягкой игрушкой?,нет,да,да,False,True,
GQA-ru,lora,11543,"Вы видите дверь, которая не закрыта?",нет,нет,нет,True,True,
GQA-ru,lora,1139,Кто держит белую еду внутри холодильника?,женщина,женщина,женщина,True,True,
GQA-ru,lora,750,Какой кухонный предмет не тёплый?,лопатка,чайник,чайник,False,True,
GQA-ru,lora,10834,Какого размера рубашка?,маленькая,маленькая,маленькая,True,True,
GQA-ru,lora,3733,"Какой твёрдости скейтпарк, на котором катается мужчина?",твёрдый,скейтборд,скейтборд,False,True,
GQA-ru,lora,4741,"Как вы думаете, на что смотрит бейсболист перед судьей?",на бейсбольный мяч,на мяч,на,False,True,
GQA-ru,lora,1307,Серф находится в нижней части или в верхней части изображения?,в верхней,**в нижней,**в,False,True,
GQA-ru,lora,3814,С какой стороны изображения находится арбитр?,слева,**слева,**слева,False,True,
GQA-ru,lora,1654,Какой тип знака установлен на широком тротуаре?,дорожный знак,"**знак ""Champs-Élysées",**знак,False,True,
GQA-ru,lora,6227,Есть ли на этом изображении черные ракетки или бейсбольные биты?,нет,The image does not show any black rackets or,the,False,True,
GQA-ru,lora,4554,"Как ты думаешь, кто на скейтборде?",мальчик,**мальчик,**мальчик,False,True,
GQA-ru,lora,7428,Выглядит ли велосипед на тротуаре красочным?,да,**да,**да,False,True,
GQA-ru,lora,10415,Рубашка в полоску с длинными рукавами или с короткими?,с короткими,**с длинными рукавами,**с,False,True,
GQA-ru,lora,5977,Кто стоит перед пластиковой вывеской?,мужчина,**мужчина,**мужчина,False,True,
GQA-ru,lora,2664,Деревья возле скалы низкие и зелёные?,нет,да,да,False,True,
GQA-ru,lora,6065,Кто носит пальто?,дама,женщина,женщина,False,True,
GQA-ru,lora,5820,Он носит перчатку?,нет,да,да,False,True,
GQA-ru,lora,3432,На чём едет человек?,на мотоцикле,мотоцикл,мотоцикл,False,True,
GQA-ru,lora,10980,На чем сидит человек справа от бутылки?,на стуле,стул,стул,False,True,
GQA-ru,lora,4374,Что использует мужчина?,скейтборд,скейтборд,скейтборд,True,True,
GQA-ru,lora,11498,Чистый ли потолок?,да,да,да,True,True,
GQA-ru,lora,11199,Есть ли барные стулья или столы?,да,да,да,True,True,
GQA-ru,lora,10617,Какой предмет мебели изготовлен из пластика?,письменный стол,стол,стол,False,True,
GQA-ru,lora,1169,"Трибуны, которые не длинные, сделаны из дерева?",нет,нет,нет,True,True,
GQA-ru,lora,9980,Хвост выглядит треугольным и красным?,да,да,да,True,True,
GQA-ru,lora,10403,"Галстук имеет другой цвет, чем туфли?",нет,да,да,False,True,
GQA-ru,lora,2803,Какого цвета занавеска слева от подушек?,жёлтая,синяя,синяя,False,True,
GQA-ru,lora,8751,"Как называется транспортное средство, изготовленное из того же материала, что и не короткий столб?",фургон,фургон,фургон,True,True,
GQA-ru,lora,11946,Коричневая колбаса лежит на тарелке?,да,да,да,True,True,
GQA-ru,lora,4010,Что общего у пульта и телефона?,материал,цвет,цвет,False,True,
GQA-ru,lora,2677,На что смотрит мужчина?,на двери,клавиатура,клавиатура,False,True,
GQA-ru,lora,7573,С чем он играет?,с контроллером wii,контроллер Wii,контроллер,False,True,
GQA-ru,lora,6216,Кто сидит на маленькой кровати?,мальчик,ребенок,ребенок,False,True,
GQA-ru,lora,4422,Что это за место?,дорога,дорога,дорога,True,True,
GQA-ru,lora,10485,Пляж сухой и каменистый?,нет,нет,нет,True,True,
GQA-ru,lora,11274,Бутылка вина и тостер сделаны из одного и того же материала?,нет,нет,нет,True,True,
GQA-ru,lora,9125,Горшок для растений полный или пустой?,полный,полный,полный,True,True,
GQA-ru,lora,3598,Есть ли девочки справа от теннисной ракетки?,да,да,да,True,True,
GQA-ru,lora,11216,"Что находится перед зеркалом, слева от которого висят картины?",кровать,кровать,кровать,True,True,
GQA-ru,lora,5313,Есть ли забор перед кустами?,нет,нет,нет,True,True,
GQA-ru,lora,916,"Где на картинке высокий игрок, слева или справа?",слева,слева,слева,True,True,
GQA-ru,lora,3752,Из чего сделано стекло?,из стекла,стекло,стекло,False,True,
GQA-ru,lora,525,Пожарная машина на улице выглядит грязной и белой?,нет,нет,нет,True,True,
GQA-ru,lora,5168,Какой предмет мебели находится под прямоугольным устройством?,стул,стул,стул,True,True,
GQA-ru,lora,6572,Выглядит ли шоколадный десерт круглым и зеленым?,нет,да,да,False,True,
GQA-ru,lora,4386,Флаг выглядит спокойным и синим?,нет,нет,нет,True,True,
GQA-ru,lora,1084,На какой стороне картинки находится молодой человек?,слева,справа,справа,False,True,
GQA-ru,lora,3456,Есть ли какие-нибудь лампы над белой стойкой?,нет,нет,нет,True,True,
GQA-ru,lora,9292,"Какого цвета волосы у дамы, которая не антикварная?",блонд,белые,белые,False,True,
GQA-ru,lora,11762,Кто держит ракетку?,девочка,женщина,женщина,False,True,
GQA-ru,lora,5155,Как называется прямоугольный предмет мебели?,письменный стол,стол,стол,False,True,
GQA-ru,lora,3483,"Какое животное висит над дорожкой, изображённое на картинке?",жираф,жираф,жираф,True,True,
GQA-ru,lora,10738,"Находится ли низкий человек справа или слева от сумки, которая находится под столом?",справа,слева,слева,False,True,
GQA-ru,lora,8179,"Мужчина справа или слева от слона, который стоит перед скамейками?",справа,справа,справа,True,True,
GQA-ru,lora,6482,Что висит на окне из стекла?,шторы,полотенце,полотенце,False,True,
GQA-ru,lora,10532,"Как называются овощи, которые лежат на кухонном принадлежности, стоящей на столе?",маринованные огурцы,лук,лук,False,True,
GQA-ru,lora,7517,Что общего у книжного шкафа и сумки?,цвет,цвет,цвет,True,True,
GQA-ru,lora,2340,"Кто игрок, который присел и смотрит?",бэттер,игрок,игрок,False,True,
GQA-ru,lora,4339,Какое это место?,пастбище,поле,поле,False,True,
GQA-ru,lora,2287,Есть ли у вас серебристые DVD-плееры или ноутбуки?,нет,нет,нет,True,True,
GQA-ru,lora,4040,"Сидит ли человек слева от ноутбука рядом с подарком, который находится рядом с мужчиной?",да,нет,нет,False,True,
GQA-ru,lora,12205,К чему привязана веревка?,к пальто,пальто,пальто,False,True,
GQA-ru,lora,9197,Какое устройство находится рядом с компьютерной мышью?,клавиатура,пульт управления,пульт,False,True,
GQA-ru,lora,8830,Из чего сделан забор?,из металла,металл,металл,False,True,
GQA-ru,lora,4304,Какой предмет лежит на журнальном столике?,пульт управления,карман,карман,False,True,
GQA-ru,lora,9577,Кто наклоняется?,футболист,девочка,девочка,False,True,
GQA-ru,lora,7019,"Тележка, которая находится слева от машины, металлическая и черная?",да,да,да,True,True,
GQA-ru,lora,9560,"Сидит ли человек, не являющийся женщиной, за партой?",нет,да,да,False,True,
GQA-ru,lora,6543,Как называется этот предмет мебели?,полка,полка,полка,True,True,
GQA-ru,lora,5930,Какая мебель жёлтая?,кровать,кровать,кровать,True,True,
GQA-ru,lora,3593,Печь слева от плиты красная и квадратная?,да,да,да,True,True,
GQA-ru,lora,2266,"Как называется еда, которая лежит на белой тарелке рядом с вилкой?",яйца,блины,блины,False,True,
GQA-ru,lora,8348,Цвет подноса и разделочной доски одинаковый?,нет,да,да,False,True,
GQA-ru,lora,8085,Диван и вентилятор одного цвета?,нет,да,да,False,True,
GQA-ru,lora,1489,Есть ли красные самокаты или скейтборды?,нет,нет,нет,True,True,
GQA-ru,lora,771,Шляпа выглядит черно-белой?,да,нет,нет,False,True,
GQA-ru,lora,1796,Что висит на стене?,постер,бутылки,бутылки,False,True,
GQA-ru,lora,2504,Настольная лампа находится в верхней или нижней части изображения?,в верхней,в верхней,в,False,True,
GQA-ru,lora,10280,"Что находится перед рубашкой, которую он носит?",галстук,шляпа,шляпа,False,True,
GQA-ru,lora,2621,Роскошное дерево за домом?,нет,да,да,False,True,
GQA-ru,lora,11149,На чём стоит часы?,тумбочка,на стене,на,False,True,
GQA-ru,lora,6916,Подушки слева от неё квадратные и белые?,нет,нет,нет,True,True,
GQA-ru,lora,9771,Какое это животное?,слон,слон,слон,True,True,
GQA-ru,lora,1040,Из какого материала сделан стул?,металл,кожа,кожа,False,True,
GQA-ru,lora,6304,"Как называется животное, перед которым стоит обувь?",кот,кошка,кошка,False,True,
GQA-ru,lora,6252,"Ковер такого же цвета, как растение?",да,да,да,True,True,
GQA-ru,lora,9763,Человек носит шорты?,нет,нет,нет,True,True,
GQA-ru,lora,7668,Перед чем находится забор?,куст,загон,загон,False,True,
GQA-ru,lora,8669,Какая мебель неудобная?,журнальный столик,диван,диван,False,True,
GQA-ru,lora,4119,На каком предмете мебели сидит мужчина в белом под кадром?,диван,диван,диван,True,True,
GQA-ru,lora,9064,Кто носит шляпу?,мальчик,мальчик,мальчик,True,True,
GQA-ru,lora,188,Какой прибор стоит перед стеной?,холодильник,холодильник,холодильник,True,True,
GQA-ru,lora,11145,Видишь ли ты какие-нибудь чёрные компьютеры?,да,да,да,True,True,
GQA-ru,lora,11808,Какое животное перед зеркалом?,кот,кошка,кошка,False,True,
GQA-ru,lora,1876,"На фотографии есть и окна, и двери?",да,да,да,True,True,
GQA-ru,lora,11169,"Какого размера деревянный стол, большой или маленький?",большой,большой,большой,True,True,
GQA-ru,lora,8797,Что использует женщина за зеркалом?,щётку,маска,маска,False,True,
GQA-ru,lora,4371,Что перед бокалом для вина?,столовые приборы,покрывало,покрывало,False,True,
GQA-ru,lora,10501,Что держит человек перед стеной?,бейсбольную биту,биту,биту,False,True,
GQA-ru,lora,5573,Что стоит на полке в ванной?,декорация,полотенце,полотенце,False,True,
GQA-ru,lora,1827,Кто носит кроссовки?,спортсмен,женщина,женщина,False,True,
GQA-ru,lora,4808,Отличается ли цвет стола от цвета пола?,нет,да,да,False,True,
GQA-ru,lora,7123,"Есть ли какие-нибудь яблоки или апельсины, которые не очищены от кожуры?",нет,нет,нет,True,True,
GQA-ru,lora,2591,"Куклы, которые находятся слева от людей, выглядят большими и яркими?",нет,да,да,False,True,
GQA-ru,lora,7433,Корова над травой выглядит маленькой?,нет,да,да,False,True,
GQA-ru,lora,53,Кто носит браслет?,женщина,женщина,женщина,True,True,
GQA-ru,lora,11830,На какой стороне находится женщина?,слева,слева,слева,True,True,
GQA-ru,lora,11791,С какой стороны зеркало?,справа,слева,слева,False,True,
GQA-ru,lora,4315,Рубашка выглядит бежевой и с короткими рукавами?,нет,да,да,False,True,
GQA-ru,lora,8201,Большая бытовая техника белая или темная?,темная,белая,белая,False,True,
GQA-ru,lora,2927,Какой предмет мебели находится под светильником?,стул,стул,стул,True,True,
GQA-ru,lora,8317,Есть ли забор перед деревьями?,нет,да,да,False,True,
GQA-ru,lora,1743,Чего держится скейтер?,скейтборда,скейтборд,скейтборд,False,True,
GQA-ru,lora,10244,Ожерелье выглядит серебристым и длинным?,нет,да,да,False,True,
GQA-ru,lora,4889,Какого размера белое сиденье унитаза?,маленькое,маленькое,маленькое,True,True,
GQA-ru,lora,10468,Кто носит перчатку?,ловец,игрок,игрок,False,True,
GQA-ru,lora,9977,Кто держит весло?,мужчина,мужчина,мужчина,True,True,
GQA-ru,lora,3258,Что носит молодой человек?,очки,джинсы,джинсы,False,True,
GQA-ru,lora,6126,Какое животное находится слева от жирафа?,бизон,слон,слон,False,True,
GQA-ru,lora,2646,Забор находится позади машины?,нет,да,да,False,True,
GQA-ru,lora,8837,Что общее между сеткой и битой?,материал,цвет,цвет,False,True,
GQA-ru,lora,8689,Какая мебель тяжёлая?,шкаф,полка,полка,False,True,
GQA-ru,lora,9,Что находится вокруг открытого окна?,шторы,занавески,занавески,False,True,
GQA-ru,lora,9813,"Кто стоит рядом с рубашкой, которая кажется сине-белой?",девочка,женщина,женщина,False,True,
GQA-ru,lora,5310,Кто идет по пешеходному переходу?,мужчина,мужчина,мужчина,True,True,
GQA-ru,lora,8005,"Находятся ли маленькие куклы слева от людей, стоящих за багажом?",да,да,да,True,True,
GQA-ru,lora,319,Что носит счастливая женщина?,платье,платье,платье,True,True,
GQA-ru,lora,1832,Трава короткая и зелёная?,да,да,да,True,True,
GQA-ru,lora,5947,Что находится позади человека слева?,лампа,ресторан,ресторан,False,True,
GQA-ru,lora,5038,"Сколько лет девочке, которая сидит?",молода,мало,мало,False,True,
GQA-ru,lora,3923,Какой длины юбка?,длинная,длиннаяда,длиннаяда,False,True,
GQA-ru,lora,949,Какое устройство находится справа от мужчины?,экран,ноутбук,ноутбук,False,True,
GQA-ru,lora,3946,Какого цвета напиток посередине?,светло-коричневый,коричневый,коричневый,False,True,
GQA-ru,lora,9295,"Стул, который не полностью черный, белый?",белый,нет,нет,False,True,
GQA-ru,lora,1290,Мужчина носит часы?,да,да,да,True,True,
GQA-ru,lora,1403,Отличается ли по цвету домашняя база от ботинка?,нет,да,да,False,True,
GQA-ru,lora,11991,"Есть ли холодильники или посудомоечные машины, которые не черные?",нет,нет,нет,True,True,
GQA-ru,lora,7962,Какой прибор изображен на этой сцене?,плита,микроволновка,микроволновка,False,True,
GQA-ru,lora,1133,Есть ли автобусы или автомобили?,нет,нет,нет,True,True,
GQA-ru,lora,8727,Находится ли ноутбук слева?,да,да,да,True,True,
GQA-ru,lora,2060,Кто носит брюки?,ребёнок,ребенок,ребенок,False,True,
GQA-ru,lora,2103,Какой длины хвост?,длинный,длинный,длинный,True,True,
GQA-ru,lora,10809,Есть ли на фотографии зонт или полотенце?,нет,нет,нет,True,True,
GQA-ru,lora,7787,Что отражается в тостере?,бутылка вина,бутылки,бутылки,False,True,
GQA-ru,lora,9007,Какого размера письменный стол?,маленький,большой,большой,False,True,
GQA-ru,lora,2705,На каком предмете мебели стоит ноутбук?,стол,стол,стол,True,True,
GQA-ru,lora,4342,У шортов короткая длина?,да,да,да,True,True,
GQA-ru,lora,8645,Где стоит человек?,на поле,на земле,на,False,True,
GQA-ru,lora,9938,Рубашка белая и с длинными рукавами?,нет,да,да,False,True,
GQA-ru,lora,6932,Что находится под картиной?,полотенца,раковина,раковина,False,True,
GQA-ru,lora,3470,Кран находится справа?,да,да,да,True,True,
GQA-ru,lora,8835,Кто стоит на траве?,футболист,мальчик,мальчик,False,True,
GQA-ru,lora,11959,"Что находится на тротуаре, сделанном из бетона?",автобус,автобус,автобус,True,True,
GQA-ru,lora,11302,Как называется розовый предмет одежды?,свитер,куртка,куртка,False,True,
GQA-ru,lora,3295,"Как называется мясо на тарелке, которое стоит на столе?",индейка,ветчина,ветчина,False,True,
GQA-ru,lora,11680,Кто указывает на розовую вещь слева от бутылки с водой?,девочка,ребенок,ребенок,False,True,
GQA-ru,lora,5107,На чём лежит пончик?,салфетке,на бумаге,на,False,True,
GQA-ru,lora,6537,Вы видите картины или заборы?,да,да,да,True,True,
GQA-ru,lora,11004,На чем лежит морковь?,разделочная доска,на разделочной доске,на,False,True,
GQA-ru,lora,6118,Какой длины металлический контейнер?,длинный,длинный,длинный,True,True,
GQA-ru,lora,7177,Какое устройство находится под ноутбуком?,клавиатура,клавиатура,клавиатура,True,True,
GQA-ru,lora,8479,Какого цвета грязь?,тёмная,коричневого,коричневого,False,True,
GQA-ru,lora,7397,Он носит кепку?,да,да,да,True,True,
GQA-ru,lora,1982,Этот ковёр кажется красным?,да,да,да,True,True,
GQA-ru,lora,4061,Большой транспорт жёлтый или чёрный?,жёлтый,жёлтый,жёлтый,True,True,
GQA-ru,lora,3681,Ракетка выглядит металлической и круглой?,да,нет,нет,False,True,
GQA-ru,lora,1049,Что лежит на полках?,полотенце,книга,книга,False,True,
GQA-ru,lora,5539,Какая толщина волос?,густые,толстая,толстая,False,True,
GQA-ru,lora,344,"И улыбающийся господин перед картиной, и европеец выглядят молодо?",да,нет,нет,False,True,
GQA-ru,lora,9638,Какой это вид транспорта?,автомобили,машина,машина,False,True,
GQA-ru,lora,9075,Какой предмет мебели белый?,компьютерный стол,стол,стол,False,True,
GQA-ru,lora,3770,Какой овощ не круглый?,брокколи,лук,лук,False,True,
GQA-ru,lora,9641,Какой овощ лежит на твёрдом столе?,цветная капуста,брокколи,брокколи,False,True,
GQA-ru,lora,3608,Что общего у шарика и браслета?,цвет,цвет,цвет,True,True,
GQA-ru,lora,117,"На чём стоит дозатор для мыла, сделанный из хрома?",на столешнице,**полка,**полка,False,True,
GQA-ru,lora,1163,"Ты думаешь, что эта девушка брюнетка?",да,**нет,**нет,False,True,
GQA-ru,lora,11597,Платье сделано из ткани?,да,**нет,**нет,False,True,
GQA-ru,lora,10339,"Есть ли парты или пуфы, которые не квадратные?",нет,**нет,**нет,False,True,
GQA-ru,lora,964,Какая мебель стоит перед книжным шкафом?,кровать,**кровать,**кровать,False,True,
GQA-ru,lora,3750,"Есть ли зонты слева от человека, который находится слева от пальмы?",да,The umbrella is green.,the,False,True,
GQA-ru,lora,1104,Какое устройство находится справа от миски?,клавиатура,**клавиатура,**клавиатура,False,True,
GQA-ru,lora,514,"Кажется ли, что она сидит?",да,**да,**да,False,True,
GQA-ru,lora,5413,Сумка рядом с игроком квадратная и красная?,нет,нет,нет,True,True,
GQA-ru,lora,1160,Микроволновая печь серебристая и прямоугольная?,да,да,да,True,True,
GQA-ru,lora,8423,Какой бытовой прибор прозрачный?,холодильник,холодильник,холодильник,True,True,
GQA-ru,lora,3899,Каковы размеры высокого жилого здания?,большое,большой,большой,False,True,
GQA-ru,lora,4562,"Вы видите и овец, и коз?",да,да,да,True,True,
GQA-ru,lora,10960,Куртка из кожи черная и расстегнута?,да,да,да,True,True,
GQA-ru,lora,7953,Какая еда находится на круглой тарелке?,пирог,торт,торт,False,True,
GQA-ru,lora,3510,Из чего сделан кофе?,из пластика,пластик,пластик,False,True,
GQA-ru,lora,8834,В чём сидит женщина?,складной стул,на скамейке,на,False,True,
GQA-ru,lora,2167,Какой вид транспорта тяжелый?,автомобили,машина,машина,False,True,
GQA-ru,lora,11851,Люди слева или справа от черной машины?,справа,справа,справа,True,True,
GQA-ru,lora,9355,Из чего сделан ящик?,из пластика,пластик,пластик,False,True,
GQA-ru,lora,9440,"Мальчик, который справа от другого мальчика, азиатский и молодой?",нет,да,да,False,True,
GQA-ru,lora,7744,Что общего у автобуса и дерева?,цвет,цвет,цвет,True,True,
GQA-ru,lora,3981,"На этом изображении есть и грязь, и трава?",да,нет,нет,False,True,
GQA-ru,lora,7749,"Какая мебель находится справа от контроллера, установленного на вертолёте?",стул,стул,стул,True,True,
GQA-ru,lora,6669,Есть ли на картинке ковры или заборы?,да,да,да,True,True,
GQA-ru,lora,3119,"Труба, которая выглядит белой, высокая и тонкая?",да,да,да,True,True,
GQA-ru,lora,1545,Перед чем стоит эта статуя?,забор,деревьями,деревьями,False,True,
GQA-ru,lora,1588,Из чего сделан контейнер для хранения?,металл,пластик,пластик,False,True,
GQA-ru,lora,10796,Этот ноутбук кажется белым?,да,да,да,True,True,
GQA-ru,lora,7062,"Как называются предметы мебели, в которых лежат сложенные полотенца?",полки,полки,полки,True,True,
GQA-ru,lora,5804,Тумба под телевизор выглядит коричневой и низкой?,да,да,да,True,True,
GQA-ru,lora,6939,На какой стороне красный ковер?,слева,слева,слева,True,True,
GQA-ru,lora,6735,Что делает мальчик?,отдыхает,**сидит,**сидит,False,True,
GQA-ru,lora,7651,Какое животное тёмно-коричневое?,жираф,**жираф,**жираф,False,True,
GQA-ru,lora,11945,Какое устройство находится справа от карандаша?,монитор,**клавиатура,**клавиатура,False,True,
GQA-ru,lora,887,Какого цвета слова?,золотой,**белые,**белые,False,True,
GQA-ru,lora,11032,Какое животное перед забором?,лошадь,**лошадь,**лошадь,False,True,
GQA-ru,lora,10706,Это воздушный змей или флаг?,флаг,**флаг,**флаг,False,True,
GQA-ru,lora,10587,Этот мальчик слева от скейтборда?,нет,**нет,**нет,False,True,
GQA-ru,lora,1612,Есть ли на изображении диспенсеры для полотенец или игрушки?,нет,The image does not show any of these items.,the,False,True,
GQA-ru,lora,993,Несет ли мужчина сноуборд?,нет,нет,нет,True,True,
GQA-ru,lora,6596,"Какой девайс, по-вашему, держит пожилой человек?",пульт wii,контроллер Wii,контроллер,False,True,
GQA-ru,lora,11931,Какое устройство находится под рамкой для картин?,монитор компьютера,ноутбук,ноутбук,False,True,
GQA-ru,lora,5559,У микроволновки цвет отличается от цвета тостера?,нет,да,да,False,True,
GQA-ru,lora,1790,Есть ли очки или теннисные мячи?,да,нет,нет,False,True,
GQA-ru,lora,4073,Что растет за забором из металла?,сосны,лимон,лимон,False,True,
GQA-ru,lora,3139,Какой прибор стоит на ящике?,блендер,блендер,блендер,True,True,
GQA-ru,lora,3116,Какая одежда серая?,носки,куртка,куртка,False,True,
GQA-ru,lora,8786,Что находится перед большим зданием?,деревья,**забор,**забор,False,True,
GQA-ru,lora,7350,"Что менее полезно для здоровья, хот-доги или яблоки?",хот-доги,**хот-доги,**хот-доги,False,True,
GQA-ru,lora,2296,Находится ли подстриженный газон рядом с серым гравием?,да,The grass is green and the ground is covered with,the,False,True,
GQA-ru,lora,3006,Есть ли бутылки на деревянном столе?,нет,**нет,**нет,False,True,
GQA-ru,lora,4563,Что находится перед мужчиной?,вход,**знак,**знак,False,True,
GQA-ru,lora,7579,Выглядит ли книжный шкаф из дерева современно?,да,**нет,**нет,False,True,
GQA-ru,lora,4092,Молодой человек перед скамейкой?,да,**да,**да,False,True,
GQA-ru,lora,1235,Что общего у фольги и бутылки?,форма,**цвет,**цвет,False,True,
GQA-ru,lora,7260,Какая мебель стоит за столом?,шкаф,стул,стул,False,True,
GQA-ru,lora,9016,Мужчина перед телевизором?,да,нет,нет,False,True,
GQA-ru,lora,1604,На какой стороне изображения находится кран?,слева,слева,слева,True,True,
GQA-ru,lora,828,Находится ли морозильник справа или слева от низкого столика у двери?,справа,справа,справа,True,True,
GQA-ru,lora,10684,Какое животное находится перед голой стеной?,котенок,кошка,кошка,False,True,
GQA-ru,lora,8856,Что покрыто снегом?,гора,гора,гора,True,True,
GQA-ru,lora,241,Какого тона пластиковый контейнер?,светлый,маленький,маленький,False,True,
GQA-ru,lora,1528,Есть ли какие-нибудь столы перед стулом под светильником?,да,да,да,True,True,
GQA-ru,lora,3872,Есть ли на картине часы?,нет,нет,нет,True,True,
GQA-ru,lora,2724,"Транспортное средство, которое не грязное, красное и металлическое?",да,нет,нет,False,True,
GQA-ru,lora,6658,У куртки серый цвет и длинная длина?,да,да,да,True,True,
GQA-ru,lora,7956,"Что находится под маслом, которое больше, чем вино?",плита,чайник,чайник,False,True,
GQA-ru,lora,7886,Рубашка тусклая или яркая?,тусклая,яркая,яркая,False,True,
GQA-ru,lora,3502,Какая одежда длинная?,джинсы,джинсы,джинсы,True,True,
GQA-ru,lora,6570,Есть ли чистые тарелки или вилки?,да,да,да,True,True,
GQA-ru,lora,960,Кто играет?,мужчина,женщина,женщина,False,True,
GQA-ru,lora,2697,Есть ли рядом с раковиной полотенце?,да,да,да,True,True,
GQA-ru,lora,6209,Скейтборд одновременно черный и деревянный?,да,нет,нет,False,True,
GQA-ru,lora,35,Что окружают занавески?,окно,окно,окно,True,True,
GQA-ru,lora,6396,Футбольный мяч на поле кажется неподвижным и красным?,да,да,да,True,True,
GQA-ru,lora,4345,"Как называется знак, перед которым стоит девушка?",дорожный знак,"знак ""стоп""",знак,False,True,
GQA-ru,lora,7454,Что держит взрослый человек?,телефон,камера,камера,False,True,
GQA-ru,lora,4673,Какой это вид фастфуда?,сосиски в тесте,хот-дог,хот-дог,False,True,
GQA-ru,lora,6930,Пальто синее или жёлтое?,жёлтое,жёлтое,жёлтое,True,True,
GQA-ru,lora,11412,Узкая река выглядит синей и влажной?,да,да,да,True,True,
GQA-ru,lora,11968,На какой стороне прямоугольное устройство?,слева,слева,слева,True,True,
GQA-ru,lora,9105,Мужчина находится под зеркалом?,да,нет,нет,False,True,
GQA-ru,lora,10844,Дверь деревянная и открытая?,нет,нет,нет,True,True,
GQA-ru,lora,11770,Какого цвета маленькая сумка?,синий,синяя,синяя,False,True,
GQA-ru,lora,7973,Дверь и шкаф сделаны из одного и того же материала?,да,нет,нет,False,True,
GQA-ru,lora,2536,Зеркало сверху или снизу?,сверху,сверху,сверху,True,True,
GQA-ru,lora,3111,Есть ли здесь высокие мужчины или женщины?,нет,нет,нет,True,True,
GQA-ru,lora,4861,"Есть ли либо ноутбук, либо стул, сделанный из пластика?",да,да,да,True,True,
GQA-ru,lora,3566,Какая игрушка у маленького человека?,кукла,плюшевый медведь,плюшевый,False,True,
GQA-ru,lora,958,"Что расположено на краю автобуса, что не является узким?",дверь,знак,знак,False,True,
GQA-ru,lora,9489,Какой высоты красивые дикие цветы?,высокие,высокие,высокие,True,True,
GQA-ru,lora,12054,На каком предмете мебели стоит торт?,на столе,стол,стол,False,True,
GQA-ru,lora,8883,Какой вид мебели находится перед мужчиной в джинсах?,журнальный столик,диван,диван,False,True,
GQA-ru,lora,998,Какая мебель на фото не маленькая?,стул,стул,стул,True,True,
GQA-ru,lora,5138,"Что лежит на подносе, который сделан из дерева?",клавиатура,книга,книга,False,True,
GQA-ru,lora,936,"Кофейный столик того, что выглядит немного коричневым или белым?",коричневый,коричневый,коричневый,True,True,
GQA-ru,lora,821,Есть ли телефоны слева от мужчины под рамкой?,да,да,да,True,True,
GQA-ru,lora,9571,Находится ли белая клавиатура справа от пластикового стакана?,нет,да,да,False,True,
GQA-ru,lora,7811,На чем сидит женщина?,на стуле,стул,стул,False,True,
GQA-ru,lora,8238,Что перед статуей?,забор,скамейка,скамейка,False,True,
GQA-ru,lora,8701,Люди находятся с правой стороны изображения?,да,нет,нет,False,True,
GQA-ru,lora,2579,Какой компании принадлежит шапка?,nike,Nike,nike,True,True,
GQA-ru,lora,931,Что летает над землей?,фрисби,фрисби,фрисби,True,True,
GQA-ru,lora,8320,Насколько чистая улица?,грязная,грязная,грязная,True,True,
GQA-ru,lora,1312,Деревья за пожарной машиной выглядят уродливыми и высокими?,да,да,да,True,True,
GQA-ru,lora,3044,Какая мебель находится под столом?,стул,стул,стул,True,True,
GQA-ru,lora,1122,"Есть ли бекон справа от блина, который лежит на тарелке?",да,да,да,True,True,
GQA-ru,lora,9749,Какая мебель сделана из дерева?,стол,стол,стол,True,True,
GQA-ru,lora,1113,Какое животное слева от бутылки?,корова,корова,корова,True,True,
GQA-ru,lora,11062,Что делает мужской зритель?,стоит,сидит,сидит,False,True,
GQA-ru,lora,3853,Какой овощ на столе?,капуста,брокколи,брокколи,False,True,
GQA-ru,lora,6615,"Выглядит ли шапка, которая кажется черно-белой, закрытой и Adidas?",нет,да,да,False,True,
GQA-ru,lora,1964,Находится ли невысокий человек за сумкой из кожи?,да,да,да,True,True,
GQA-ru,lora,9333,Прибор рядом с туалетом стоит?,да,да,да,True,True,
GQA-ru,lora,4033,Как называется белая бытовая техника?,плита,холодильник,холодильник,False,True,
GQA-ru,lora,9485,Кто стоит на поле?,женщина,женщина,женщина,True,True,
GQA-ru,lora,9740,Что находится на полосатом ковре?,стул,подушка,подушка,False,True,
GQA-ru,lora,651,Она в юбке?,да,нет,нет,False,True,
GQA-ru,lora,10147,Открытый зонтик красный или серый?,серый,красный,красный,False,True,
GQA-ru,lora,1343,Что окружает шаттл?,звезды,одеяло,одеяло,False,True,
GQA-ru,lora,6868,"Кажется ли, что пожилые женщины идут пешком?",нет,нет,нет,True,True,
GQA-ru,lora,10770,Находятся ли маленькие книги справа или слева от женщины?,справа,справа,справа,True,True,
GQA-ru,lora,9562,Эта тарелка выглядит полной и черной?,да,да,да,True,True,
GQA-ru,lora,9260,Дом стоит рядом с блендером?,нет,да,да,False,True,
GQA-ru,lora,8565,На каком кухонном принадлежности лежит картофель?,разделочная доска,лопатка,лопатка,False,True,
GQA-ru,lora,5183,"На картине есть и еда, и вино?",нет,да,да,False,True,
GQA-ru,lora,4272,Что общего у скульптуры и камина?,цвет,цвет,цвет,True,True,
GQA-ru,lora,3346,Высокие здания находятся за чистым песком?,да,да,да,True,True,
GQA-ru,lora,10972,Человек возле дерева низкий или высокий?,высокий,высокий,высокий,True,True,
GQA-ru,lora,11734,Какой это прибор?,тостер,микроволновка,микроволновка,False,True,
GQA-ru,lora,5147,Какая одежда белая?,платье,платье,платье,True,True,
GQA-ru,lora,3910,В чём растение?,в цветочном горшке,в горшке,в,False,True,
GQA-ru,lora,4351,Белые штаны короткие или длинные?,короткие,длинные,длинные,False,True,
GQA-ru,lora,6484,Белая рубашка без рукавов?,да,нет,нет,False,True,
GQA-ru,lora,2144,Есть ли большие телевизоры или принтеры?,нет,нет,нет,True,True,
GQA-ru,lora,10575,Приправы в блендере?,да,да,да,True,True,
GQA-ru,lora,4915,Насколько чистая ложка?,чистая,грязная,грязная,False,True,
GQA-ru,lora,7491,Рубашка с длинными рукавами и белая?,да,нет,нет,False,True,
GQA-ru,lora,5180,Какого цвета этот диван?,коричневый,коричневый,коричневый,True,True,
GQA-ru,lora,1188,Какой вид транспорта находится на дороге?,автобус,автобус,автобус,True,True,
GQA-ru,lora,152,На чём мальчик?,на велосипеде,велосипед,велосипед,False,True,
GQA-ru,lora,7508,Что держит женщина?,сумку,банан,банан,False,True,
GQA-ru,lora,10177,Какая еда находится на тарелке рядом с вилкой?,блин,блины,блины,False,True,
GQA-ru,lora,9224,Есть ли какие-нибудь красные воздушные змеи или флаги?,нет,да,да,False,True,
GQA-ru,lora,1638,Что внутри кружки?,зубная паста,полотенца,полотенца,False,True,
GQA-ru,lora,1200,Что надето на мужчине?,шляпа,шляпа,шляпа,True,True,
GQA-ru,lora,8808,Одинаковый ли цвет у оливки и у коробки для пиццы?,нет,да,да,False,True,
GQA-ru,lora,3492,На чем едет велосипедист?,на мотоцикле,мотоцикл,мотоцикл,False,True,
GQA-ru,lora,8288,Кто под зонтом?,мужчина,мужчина,мужчина,True,True,
GQA-ru,lora,2170,Какое мясо на тарелке?,ветчина,ветчина,ветчина,True,True,
GQA-ru,lora,5718,"На изображении есть и компьютеры, и телефоны?",да,нет,нет,False,True,
GQA-ru,lora,1127,Какие предметы одежды чистые?,брюки,шорты,шорты,False,True,
GQA-ru,lora,4002,Из какого материала сделан скейтборд справа от скейтбордиста?,пластик,дерево,дерево,False,True,
GQA-ru,lora,6054,Ручки рядом с котом маленькие и яркие?,да,да,да,True,True,
GQA-ru,lora,4669,"Где на фотографии находится ноутбук, справа или слева?",слева,слева,слева,True,True,
GQA-ru,lora,2584,Какая одежда красная?,пальто,куртка,куртка,False,True,
GQA-ru,lora,7179,Что держит худая женщина?,корзину,камера,камера,False,True,
GQA-ru,lora,8900,Есть ли жёлтые шлемы на изображении?,нет,нет,нет,True,True,
GQA-ru,lora,11526,Бумажный пакет слева или справа от неё?,слева,слева,слева,True,True,
GQA-ru,lora,4956,Мужчина пьёт или смотрит?,смотрит,смотрит,смотрит,True,True,
GQA-ru,lora,10021,Надел ли кэтчер перчатку?,да,да,да,True,True,
GQA-ru,lora,10714,Плита отличается по цвету от духовки?,нет,да,да,False,True,
GQA-ru,lora,8666,"Какого цвета тарелка, стоящая на столе?",тёмно-синий,белая,белая,False,True,
GQA-ru,lora,128,Пластиковый шлем слева от женщины?,да,да,да,True,True,
GQA-ru,lora,10942,"Кто стоит рядом со знаком ""стоп"", сделанным из металла?",мужчина,мужчина,мужчина,True,True,
GQA-ru,lora,9086,У дерева и дивана одинаковый цвет?,да,да,да,True,True,
GQA-ru,lora,4905,"Из какого материала сделана скамейка слева от лампы, из бетона или железа?",из бетона,бетон,бетон,False,True,
GQA-ru,lora,10868,Является ли тяжелый самолет винтажным и металлическим?,нет,нет,нет,True,True,
GQA-ru,lora,1697,Кто сидит наверху ступенек?,женщина,мужчина,мужчина,False,True,
GQA-ru,lora,2200,Трава мокрая или сухая?,сухая,мокрая,мокрая,False,True,
GQA-ru,lora,1891,Они перед квадратной рамой окна?,да,да,да,True,True,
GQA-ru,lora,1753,Отличается ли блузка по цвету от бейджика?,да,да,да,True,True,
GQA-ru,lora,12163,"Что находится под шкафом, украшающим кухню?",полки,полка,полка,False,True,
GQA-ru,lora,2546,"Что находится за мостом, пожарная машина или скорая помощь?",пожарная машина,пожарная машина,пожарная,False,True,
GQA-ru,lora,4462,"Вы видите хоть одну бутылку или чашку, которые не сделаны из пластика?",нет,нет,нет,True,True,
GQA-ru,lora,4616,"Что находится под спортсменом, который в шортах?",песок,скамейка,скамейка,False,True,
GQA-ru,lora,9909,"Какова высота мусорного бака, стоящего на полу?",невысокий,маленькая,маленькая,False,True,
GQA-ru,lora,3450,Какая еда на пицце?,колбаса,мясо,мясо,False,True,
GQA-ru,lora,11757,Она в шортах?,да,да,да,True,True,
GQA-ru,lora,5617,Высокие стулья стоят под столешницей?,да,да,да,True,True,
GQA-ru,lora,3335,"Что вокруг стола, который находится под потолком?",стулья,стулья,стулья,True,True,
GQA-ru,lora,11263,Очки находятся справа или слева от позирующего мужчины?,справа,справа,справа,True,True,
GQA-ru,lora,10391,"Выглядит ли счастливым мужчина, стоящий слева от женщины?",да,да,да,True,True,
GQA-ru,lora,4325,Какое животное спокойное?,лошадь,лошадь,лошадь,True,True,
GQA-ru,lora,8280,"Как выглядит цифровое устройство, которое находится слева от телефона, включено оно или выключено?",выключено,выключено,выключено,True,True,
GQA-ru,lora,8004,Тёмный стул на ковре кажется круглым?,нет,да,да,False,True,
GQA-ru,lora,4114,Цветной ли сад?,да,да,да,True,True,
GQA-ru,lora,832,"Что делает человек, который смотрит вверх, катается на коньках или едет?",катается на коньках,катается на коньках,катается,False,True,
GQA-ru,lora,1512,Кажутся ли черные брюки длинными?,да,да,да,True,True,
GQA-ru,lora,10392,"Кто, по-твоему, держит черную рубашку?",мальчик,мальчик,мальчик,True,True,
GQA-ru,lora,4533,Какая мебель широкая?,диван,диван,диван,True,True,
GQA-ru,lora,722,"Мягкая подушка слева или справа от мужчины, который носит шорты?",слева,справа,справа,False,True,
GQA-ru,lora,58,Кто носит рубашку?,девочка,женщина,женщина,False,True,
GQA-ru,lora,5464,Какой предмет мебели находится под телевизором?,тумба под телевизор,полка,полка,False,True,
GQA-ru,lora,2143,Где находится скейтер?,на парковке,на скейтборде,на,False,True,
GQA-ru,lora,10438,Растут ли сосны за забором справа?,да,да,да,True,True,
GQA-ru,lora,4291,Что находится перед занавеской?,письменный стол,клавиатура,клавиатура,False,True,
GQA-ru,lora,2647,"В какой части изображения находятся очки, в верхней или нижней?",в верхней,в верхней,в,False,True,
GQA-ru,lora,12144,Похожи ли простыни на голубые или розовые?,голубые,розовые,розовые,False,True,
GQA-ru,lora,7239,Какое животное несет мужчина?,собаку,собака,собака,False,True,
GQA-ru,lora,9038,Кто держит зонт?,женщина,женщина,женщина,True,True,
GQA-ru,lora,11561,Зебры перед кустарником кажутся большими и черно-белыми?,да,да,да,True,True,
GQA-ru,lora,7007,Кто смотрит на большую раму для картины?,мужчина,мужчина,мужчина,True,True,
GQA-ru,lora,9189,Какое животное маленькое?,котенок,кошка,кошка,False,True,
GQA-ru,lora,158,Какая еда находится слева от младенца?,зефир,суп,суп,False,True,
GQA-ru,lora,1232,Кто носит очки?,девочка,женщина,женщина,False,True,
GQA-ru,lora,11321,Штаны бежевые?,нет,нет,нет,True,True,
GQA-ru,lora,2442,"Человек, который не грязный, носит шлем?",нет,нет,нет,True,True,
GQA-ru,lora,8938,Он играет с мячом?,нет,нет,нет,True,True,
GQA-ru,lora,590,Кто носит рубашку?,мужчина,мужчина,мужчина,True,True,
GQA-ru,lora,6049,Какую еду не режут?,морковь,морковь,морковь,True,True,
GQA-ru,lora,9543,Этот транспортное средство белое и маленькое?,да,нет,нет,False,True,
GQA-ru,lora,9052,Что перед горами?,океан,воздушного судна,воздушного,False,True,
GQA-ru,lora,2426,Какое это животное?,слон,слон,слон,True,True,
GQA-ru,lora,7041,Что делает стоящий человек справа от мужчины?,ждёт,играет,играет,False,True,
GQA-ru,lora,2088,Что держит человек рядом с подарком?,мобильный телефон,камеру,камеру,False,True,
GQA-ru,lora,685,Что находится на телевизоре?,пульт управления,картина,картина,False,True,
GQA-ru,lora,5050,Какой высоты стол?,высокий,высокий,высокий,True,True,
GQA-ru,lora,5974,Телевизор и стул сделаны из одного и того же материала?,нет,нет,нет,True,True,
GQA-ru,lora,653,"На этом фото есть и миски, и морковь?",нет,да,да,False,True,
GQA-ru,lora,5862,Толстый и сердитый ли мужчина справа от другого мужчины?,нет,нет,нет,True,True,
GQA-ru,lora,3441,"Шкафы находятся под шкафчиками, которые показаны на этом изображении?",да,да,да,True,True,
GQA-ru,lora,11174,"Находится ли шлем слева или справа от человека, справа от которого находится мотоцикл?",слева,справа,справа,False,True,
GQA-ru,lora,4088,Судья справа?,нет,нет,нет,True,True,
GQA-ru,lora,10927,Какая одежда спортивная?,рубашка,шорты,шорты,False,True,
GQA-ru,lora,1684,Какая мебель стоит перед окном?,диван,диван,диван,True,True,
GQA-ru,lora,5794,На кого смотрит большое животное?,на ребенка,люди,люди,False,True,
GQA-ru,lora,9173,Свеча красная и красивая?,да,нет,нет,False,True,
GQA-ru,lora,10168,"Что больше, чем знак?",логотип,шкаф,шкаф,False,True,
GQA-ru,lora,2532,Над кем висит плакат?,над женщиной,женщиной,женщиной,False,True,
GQA-ru,lora,3878,В каком месте находится это изображение?,во дворе,на теннисном корте,на,False,True,
GQA-ru,lora,2662,Вы видите какие-либо туалеты слева от ящика?,да,да,да,True,True,
GQA-ru,lora,2900,"Что, по вашему мнению, вставлено в розетки, которые сделаны из дерева?",шнуры,пожарный гидрант,пожарный,False,True,
GQA-ru,lora,6755,"Кажется ли, что мужчина занимается серфингом?",нет,нет,нет,True,True,
GQA-ru,lora,406,Стоит ли женщина рядом с мужчиной на кирпичах?,да,да,да,True,True,
GQA-ru,lora,2938,Какого цвета хвост у лошади?,чёрный,коричневый,коричневый,False,True,
GQA-ru,lora,12067,Из чего сделано зеркало?,из стекла,дерево,дерево,False,True,
GQA-ru,lora,5442,На чём установлен кран?,на столешнице,на стене,на,False,True,
GQA-ru,lora,6745,"Стул, который находится слева от чашек, золотой или черный?",золотой,черный,черный,False,True,
GQA-ru,lora,10975,Какой овощ лежит в прямоугольной корзине?,брокколи,**брокколи,**брокколи,False,True,
GQA-ru,lora,12043,Что делает мужчина?,разговаривает,**стоит,**стоит,False,True,
GQA-ru,lora,4065,"Обе рубашка, которая выглядит серой, и черная блузка в полоску?",да,The girl is wearing a black shirt with a bow,the,False,True,
GQA-ru,lora,2608,"Кто сидит перед подушкой, которая находится слева от контроллера Wii?",мужчина,**женщина,**женщина,False,True,
GQA-ru,lora,11489,"Какое устройство не является цифровым, клавиатура или монитор?",клавиатура,**клавиатура,**клавиатура,False,True,
GQA-ru,lora,1771,"Есть ли на этом изображении стулья, которые не белые?",да,**да,**да,False,True,
GQA-ru,lora,6267,Этот туалет металлический и белый?,нет,**нет,**нет,False,True,
GQA-ru,lora,634,Картины находятся справа или слева?,слева,**слева,**слева,False,True,
GQA-ru,lora,7711,Есть ли там какие-нибудь ящики или столы?,нет,нет,нет,True,True,
GQA-ru,lora,3644,"Есть ли тарелка слева от салфетки, справа от которой находится сумочка?",нет,нет,нет,True,True,
GQA-ru,lora,3269,Лампа белая и высокая?,да,нет,нет,False,True,
GQA-ru,lora,7541,Что находится перед многоквартирным домом?,машина,автобус,автобус,False,True,
GQA-ru,lora,5728,Что носит мужчина справа от женщины?,костюм,костюм,костюм,True,True,
GQA-ru,lora,5000,Что делает человек?,играет,бежит,бежит,False,True,
GQA-ru,lora,3728,Кисть за лошадьми?,нет,нет,нет,True,True,
GQA-ru,lora,3652,Что делает мужчина?,нагибается,стоит,стоит,False,True,
GQA-ru,lora,387,"Она справа от дивана, который слева от телевизора?",нет,да,да,False,True,
GQA-ru,lora,10813,"Как называется предмет мебели, на котором стоит банка?",полка,полка,полка,True,True,
GQA-ru,lora,3164,Кто носит рубашку?,женщина,мужчина,мужчина,False,True,
GQA-ru,lora,6528,Что держит человек?,зонт,зонт,зонт,True,True,
GQA-ru,lora,5378,Что прикреплено к стенам?,трубы,раковина,раковина,False,True,
GQA-ru,lora,4564,Что находится перед мужчиной?,вход,машина,машина,False,True,
GQA-ru,lora,1137,"Какой прибор находится справа от человека, который стоит перед велосипедом?",блендер,блендер,блендер,True,True,
GQA-ru,lora,4573,Какой это знак?,знак стоп,"знак ""стоп""",знак,False,True,
GQA-ru,lora,5753,Женщина слева от мужчины сидит?,да,да,да,True,True,
GQA-ru,lora,10510,Что находится справа от женщины в брюках?,автомобиль,хот-дог,хот-дог,False,True,
GQA-ru,lora,8346,Из одного и того же материала сделаны стол и сервировочное блюдо?,нет,да,да,False,True,
GQA-ru,lora,6548,Маршмеллоу слева от ребенка выглядит белым и мягким?,да,да,да,True,True,
GQA-ru,lora,11133,Пожарный гидрант оранжевый и большой?,да,да,да,True,True,
GQA-ru,lora,5425,"Какого цвета книга, которая не закрыта?",белый,белая,белая,False,True,
GQA-ru,lora,452,"На картинке есть и шлем, и мотоцикл?",нет,нет,нет,True,True,
GQA-ru,lora,1889,Какой предмет мебели чистый?,шкаф,стол,стол,False,True,
GQA-ru,lora,4279,"Какое устройство изготовлено из того же материала, что и заколка для волос, лежащая на кровати?",мобильный телефон,ноутбук,ноутбук,False,True,
GQA-ru,lora,2925,"Есть ли стулья под светильником, который сделан из дерева?",да,да,да,True,True,
GQA-ru,lora,9512,Вы видите какие-нибудь шарфы или перчатки?,нет,нет,нет,True,True,
GQA-ru,lora,4349,"Металлический забор находится перед мужчиной, держащим теннисную ракетку, или за ним?",позади,перед,перед,False,True,
GQA-ru,lora,626,Трава длинная или короткая?,короткая,длинная,длинная,False,True,
GQA-ru,lora,1776,"Есть ли шкафы слева от стоящих людей, находящихся за багажом?",да,нет,нет,False,True,
GQA-ru,lora,9774,Какое устройство стоит рядом с курицей?,ноутбук,ноутбук,ноутбук,True,True,
GQA-ru,lora,7119,"Облако такого же цвета, как и шарф?",да,да,да,True,True,
GQA-ru,lora,5663,Дом деревянный и красный?,нет,нет,нет,True,True,
GQA-ru,lora,11936,Белая бумага над наклейками?,да,да,да,True,True,
GQA-ru,lora,5139,Есть ли тарелка слева от девушки справа на картине?,да,да,да,True,True,
GQA-ru,lora,7149,На какой стороне изображения находится зеркало?,слева,слева,слева,True,True,
GQA-ru,lora,9932,Кто стоит рядом с ловцом?,бейсболист,игрок,игрок,False,True,
GQA-ru,lora,8379,Какая одежда связана?,рубашка,платье,платье,False,True,
GQA-ru,lora,1894,Что перед женщинами?,рама окна,пицца,пицца,False,True,
GQA-ru,lora,6311,Изготовлены ли окно и дверь из одного и того же материала?,нет,нет,нет,True,True,
GQA-ru,lora,9446,Где суп?,на столе,на тарелке,на,False,True,
GQA-ru,lora,3114,Какого цвета майка?,розовая,белая,белая,False,True,
GQA-ru,lora,4173,Какая мебель не крупная?,стул,стол,стол,False,True,
GQA-ru,lora,727,Какой прибор закрыт?,духовка,плита,плита,False,True,
GQA-ru,lora,11612,Из чего сделана черная маска для лица?,из металла,металл,металл,False,True,
GQA-ru,lora,7144,"Какой тип мебели имеет такой же цвет, как рубашка?",стул,стол,стол,False,True,
GQA-ru,lora,27,"Какая еда находится слева от младенца, сидящего на женщине?",зефир,суп,суп,False,True,
GQA-ru,lora,8518,Она в пальто?,нет,нет,нет,True,True,
GQA-ru,lora,8821,"Смотрит ли лыжник, который не низкий, вниз?",да,да,да,True,True,
GQA-ru,lora,11253,Есть ли черная клавиатура или пульт дистанционного управления?,нет,да,да,False,True,
GQA-ru,lora,11787,"Мост находится за транспортным средством, которое находится за наклейкой?",да,да,да,True,True,
GQA-ru,lora,12156,Какое животное находится справа от зебры?,лошади,коза,коза,False,True,
GQA-ru,lora,12075,"Какого размера куртка, маленькая или большая?",маленькая,маленькая,маленькая,True,True,
GQA-ru,lora,10987,Какого цвета ковер?,черный,черный,черный,True,True,
GQA-ru,lora,3228,"Какого, по вашему мнению, цвета пол?",серый,зеленый,зеленый,False,True,
GQA-ru,lora,5967,Какого цвета зубная щётка?,жёлтая,белая,белая,False,True,
GQA-ru,lora,7066,"Какого размера стол, на котором стоит чашка?",маленький,большой,большой,False,True,
GQA-ru,lora,1146,Есть ли в этой картине белая кровать или стол?,нет,да,да,False,True,
GQA-ru,lora,10882,Находится ли ноутбук слева или справа от мобильного телефона?,слева,слева,слева,True,True,
GQA-ru,lora,5409,Кто носит рубашку?,мужчина,мальчик,мальчик,False,True,
GQA-ru,lora,10209,"На каком предмете мебели лежит пульт управления, на шкафу или журнальном столике?",журнальный столик,журнальный столик,журнальный,False,True,
GQA-ru,lora,5143,На какой стороне круглая еда?,справа,слева,слева,False,True,
GQA-ru,lora,2041,Пожилые люди слева или справа?,справа,справа,справа,True,True,
GQA-ru,lora,11792,"Клавиатура чёрная или, может быть, серебристая?",серебристая,черная,черная,False,True,
GQA-ru,lora,4920,"Какая еда находится справа от контейнера, который не открыт?",печенье,суп,суп,False,True,
GQA-ru,lora,8308,Из чего сделан пылесос?,из пластика,металл,металл,False,True,
GQA-ru,lora,5067,Какой тип одежды в полоску?,рубашка,рубашка,рубашка,True,True,
GQA-ru,lora,10926,Печенья круглые?,да,да,да,True,True,
GQA-ru,lora,6691,Европец мужчина и счастлив?,да,да,да,True,True,
GQA-ru,lora,5344,Что стоит на столешнице?,подставка для столовых приборов,чайник,чайник,False,True,
GQA-ru,lora,6592,Раковина сделана из хрома?,нет,да,да,False,True,
GQA-ru,lora,11423,Какое устройство находится на столе?,компьютер,ноутбук,ноутбук,False,True,
GQA-ru,lora,4844,Какое это место?,парк,тротуар,тротуар,False,True,
GQA-ru,lora,9083,"Какая мебель имеет такой же цвет, как дерево перед стеной?",диван,стул,стул,False,True,
GQA-ru,lora,2085,Какое животное стоит на земле?,слон,медведь,медведь,False,True,
GQA-ru,lora,3143,Стоят ли слоны за камнями?,да,да,да,True,True,
GQA-ru,lora,6888,Какой транспортное средство серого цвета?,фургон,грузовик,грузовик,False,True,
GQA-ru,lora,10894,Какой знак изображён на этой картинке?,знак остановки,"знак ""стоп""",знак,False,True,
GQA-ru,lora,6211,Полки находятся над миской?,да,да,да,True,True,
GQA-ru,lora,11097,Сумка и спальня одного и того же цвета?,нет,да,да,False,True,
GQA-ru,lora,2851,Кровать белого цвета выглядит маленькой и мягкой?,нет,да,да,False,True,
GQA-ru,lora,10084,Стеклянный контейнер перед бумажными полотенцами сделан из бумаги?,да,да,да,True,True,
GQA-ru,lora,9324,"Какая мебель не белая, стул или стол?",стол,стул,стул,False,True,
GQA-ru,lora,4930,Полотенце выглядит толстым?,нет,нет,нет,True,True,
GQA-ru,lora,6653,Маркер выглядит серым или красным?,серым,серый,серый,False,True,
GQA-ru,lora,8977,Мужчина справа от коровы?,нет,нет,нет,True,True,
GQA-ru,lora,6,Над чем летит самолёт?,океан,воздушным потоком,воздушным,False,True,
GQA-ru,lora,4978,Какая мебель низкая?,кровать,кровать,кровать,True,True,
GQA-ru,lora,4700,Зеркало из серебра справа или слева?,справа,справа,справа,True,True,
GQA-ru,lora,3443,Какое животное маленькое?,зебра,зебра,зебра,True,True,
GQA-ru,lora,7043,Этот стол гладкий и темно-коричневый?,да,нет,нет,False,True,
GQA-ru,lora,9502,Это сцена в помещении?,да,да,да,True,True,
GQA-ru,lora,9939,Младенец на велосипеде выглядит уродливо?,нет,да,да,False,True,
GQA-ru,lora,10726,Кто катается на скейтборде?,мальчик,мальчик,мальчик,True,True,
GQA-ru,lora,5279,Лампа рядом с ноутбуком выглядит тонкой и высокой?,да,да,да,True,True,
GQA-ru,lora,7618,Кто прикасается к ноутбукам?,мужчина,мальчик,мальчик,False,True,
GQA-ru,lora,7238,"Человек справа или слева от сумки, которая лежит на верху шкафа?",слева,слева,слева,True,True,
GQA-ru,lora,7244,Что перед окном?,шторы,раковина,раковина,False,True,
GQA-ru,lora,11069,Клавиатура слева от подноса белая или черная?,белая,белая,белая,True,True,
GQA-ru,lora,3501,С какой стороны картинки находятся бумаги?,слева,слева,слева,True,True,
GQA-ru,lora,8375,"Вы видите и кружки, и чашки?",нет,да,да,False,True,
GQA-ru,lora,7752,Какого цвета статуя?,серая,синяя,синяя,False,True,
GQA-ru,lora,12057,Что находится перед белыми цветами?,меню,картина,картина,False,True,
GQA-ru,lora,2780,Какая мебель плоская?,стол,стол,стол,True,True,
GQA-ru,lora,10794,Полотенце справа от мыльницы цветное и маленькое?,да,да,да,True,True,
GQA-ru,lora,1389,Какой тип воздушного судна находится над океаном?,вертолет,вертолёт,вертолёт,False,True,
GQA-ru,lora,4649,На какой стороне находится синяя зубная щетка?,справа,справа,справа,True,True,
GQA-ru,lora,8445,"Как называется десерт, имеющий ту же форму, что и большой контейнер?",брауни,торт,торт,False,True,
GQA-ru,lora,10876,Над чем висит лампа?,стол,на потолке,на,False,True,
GQA-ru,lora,10370,Какая это комната?,спальня,гостиная,гостиная,False,True,
GQA-ru,lora,10145,Оранжевый кот слева от лампы?,да,нет,нет,False,True,
GQA-ru,lora,5491,"Что за устройство держит блондинка, стоящая перед столом, контроллер Wii или телефон?",контроллер wii,контроллер Wii,контроллер,False,True,
GQA-ru,lora,1530,Какие предметы мебели находятся под плитой?,шкафы,шкафы,шкафы,True,True,
GQA-ru,lora,3848,Выглядит ли книжный шкаф рядом с лампой высоким и пустым?,нет,да,да,False,True,
GQA-ru,lora,11023,Каков вес корабля?,тяжёлый,маленький,маленький,False,True,
GQA-ru,lora,5085,"Стол стоит перед рождественской гирляндой, которая на стене?",да,да,да,True,True,
GQA-ru,lora,3680,Велосипед слева или справа от человека в куртке?,справа,справа,справа,True,True,
GQA-ru,lora,3262,На чём стоит лампа?,на тумбочке,на тумбочке,на,False,True,
GQA-ru,lora,2414,Какая мебель находится справа от мужчины?,полки,полка,полка,False,True,
GQA-ru,lora,400,Вода волнуется?,нет,нет,нет,True,True,
GQA-ru,lora,757,Какой вид кухонного инструмента тёплый?,сковорода,лопатка,лопатка,False,True,
GQA-ru,lora,4011,Какого цвета те часы?,розовые,черные,черные,False,True,
GQA-ru,lora,7784,В каком приборе отражается бутылка вина?,в тостере,микроволновка,микроволновка,False,True,
GQA-ru,lora,10015,Лежит ли металлическая лопатка на кофейнике?,нет,да,да,False,True,
GQA-ru,lora,1193,"Кто смотрит на десерт, который находится на подносе?",девочка,девочка,девочка,True,True,
GQA-ru,lora,7461,Какое это место?,парковка,парк,парк,False,True,
GQA-ru,lora,6790,Брюки выглядят темными и длинными?,да,да,да,True,True,
GQA-ru,lora,10318,Корзина открытая зелёная или коричневая?,коричневая,зелёная,зелёная,False,True,
GQA-ru,lora,9431,С каким устройством играет мальчик?,с контроллером wii,контроллер Wii,контроллер,False,True,
GQA-ru,lora,3185,Есть ли двери?,нет,нет,нет,True,True,
GQA-ru,lora,11769,Доска для мела находится над банками?,да,да,да,True,True,
GQA-ru,lora,11409,Кто носит шапку?,сноубордист,девочка,девочка,False,True,
GQA-ru,lora,6291,Что находится на столе?,тарелки,посуда,посуда,False,True,
GQA-ru,lora,8099,Провода выглядят твердыми?,да,нет,нет,False,True,
GQA-ru,lora,6547,Стол коричневого цвета и квадратной формы?,нет,да,да,False,True,
GQA-ru,lora,3997,У куртки и подноса разные цвета?,да,да,да,True,True,
GQA-ru,lora,2417,Кто перед мальчиком?,бэттер,игрок,игрок,False,True,
GQA-ru,lora,10748,Какая мебель находится за мужчиной?,стол,стул,стул,False,True,
GQA-ru,lora,11266,Есть ли красная тарелка или банка?,нет,нет,нет,True,True,
GQA-ru,lora,90,Что стоит на полу?,полка,бутылка,бутылка,False,True,
GQA-ru,lora,1746,Что общего у брауни и контейнера?,форма,цвет,цвет,False,True,
GQA-ru,lora,6965,Мусорное ведро находится под раковиной?,нет,да,да,False,True,
GQA-ru,lora,3585,"Человек, который смотрит, держит теннисную ракетку?",да,да,да,True,True,
GQA-ru,lora,2881,Какого цвета контейнер из картона?,белый,коричневый,коричневый,False,True,
GQA-ru,lora,11401,"Есть ли на этом изображении и шлем, и сноубордист?",да,The answer is no,the,False,True,
GQA-ru,lora,8486,Стол кажется белым и круглым?,да,**нет,**нет,False,True,
GQA-ru,lora,7611,Носит ли этот питчер перчатку?,нет,**да,**да,False,True,
GQA-ru,lora,822,Летучая мышь черная и металлическая?,нет,**нет,**нет,False,True,
GQA-ru,lora,9132,Какой прибор находится перед столом?,плита,**холодильник,**холодильник,False,True,
GQA-ru,lora,4082,На какой стороне изображения находится красная книга?,справа,**справа,**справа,False,True,
GQA-ru,lora,1988,Что делает собака?,играет,**идет,**идет,False,True,
GQA-ru,lora,7478,Рядом с чем стоит этот стул?,цветы,**книжный шкаф,**книжный,False,True,
GQA-ru,lora,2184,Подушки на диване белые и мягкие?,да,да,да,True,True,
GQA-ru,lora,7612,Какая мебель сделана из дерева?,письменный стол,стол,стол,False,True,
GQA-ru,lora,10937,За каким видом мебели находится книжная полка?,кровать,полка,полка,False,True,
GQA-ru,lora,8702,Какой тип овощей находится слева от круглой еды?,фасоль,морковь,морковь,False,True,
GQA-ru,lora,9157,Есть ли какие-нибудь лампы рядом с книгами справа?,да,да,да,True,True,
GQA-ru,lora,9755,Есть ли оранжевая сумка или телефон?,да,да,да,True,True,
GQA-ru,lora,5198,Есть ли черные стулья или телевизоры?,да,да,да,True,True,
GQA-ru,lora,7251,Какого цвета шорты?,серые,синие,синие,False,True,
GQA-ru,lora,10037,Какое животное смотрит на человека?,кот,кошка,кошка,False,True,
GQA-ru,lora,11784,Капуста справа от другой капусты одновременно лиственная и красная?,нет,нет,нет,True,True,
GQA-ru,lora,8270,"На чем лежит закуска, на книжной полке или на кровати?",на кровати,книжная полка,книжная,False,True,
GQA-ru,lora,6991,Как называются эти животные?,козы,коровы,коровы,False,True,
GQA-ru,lora,8976,Какой предмет одежды черный?,рубашка,куртка,куртка,False,True,
GQA-ru,lora,7305,Чем окружен песок?,деревьями,домом,домом,False,True,
GQA-ru,lora,2607,Кто стоит за тортом?,дама,женщина,женщина,False,True,
GQA-ru,lora,12184,Рама для картин выглядит деревянной и коричневой?,нет,да,да,False,True,
GQA-ru,lora,7777,Какой предмет мебели не коричневый?,диван,полка,полка,False,True,
GQA-ru,lora,7373,"В какой части фотографии находится ящик, в верхней или нижней?",в верхней,в нижней,в,False,True,
GQA-ru,lora,4246,Смотрит ли судья за битой на бейсболиста?,да,да,да,True,True,
GQA-ru,lora,4050,Кто носит рубашку?,мужчина,мужчина,мужчина,True,True,
GQA-ru,lora,10447,"Что растёт за забором, который находится за столбом?",сосны,дерево,дерево,False,True,
GQA-ru,lora,4543,"Человек, находящийся слева от бутылки с водой, молод и азиат?",да,да,да,True,True,
GQA-ru,lora,8540,Есть ли здесь скамейки или бинты?,да,да,да,True,True,
GQA-ru,lora,7939,Лук слева от сервировочной тарелки выглядит здоровым и маленьким?,да,да,да,True,True,
GQA-ru,lora,10268,Бокал для вина слева или справа от тарелки?,справа,справа,справа,True,True,
GQA-ru,lora,3919,Что лежит на сковороде?,лопатка,пицца,пицца,False,True,
GQA-ru,lora,4499,"Пол сделан из такого же материала, как и стена?",нет,да,да,False,True,
GQA-ru,lora,7206,Какого размера поднос в центре?,маленький,большой,большой,False,True,
GQA-ru,lora,1269,"Куртка такого же цвета, как сумка?",нет,да,да,False,True,
GQA-ru,lora,11690,Волосы светлые и длинные?,да,да,да,True,True,
GQA-ru,lora,4681,Держится ли мужчина слева от очков за зонт справа от очков?,да,да,да,True,True,
GQA-ru,lora,3841,Какой размер у чистого душа возле зеркала?,большой,большой,большой,True,True,
GQA-ru,lora,4451,Включенный ноутбук на столе закрыт и прямоугольный?,нет,нет,нет,True,True,
GQA-ru,lora,5502,Есть ли маленькие настольные лампы или заборы?,да,да,да,True,True,
GQA-ru,lora,5238,Выглядит ли жираф справа от дома худым?,да,да,да,True,True,
GQA-ru,lora,8849,У плиты и варочной поверхности одинаковый цвет?,нет,да,да,False,True,
GQA-ru,lora,1320,Как называется мягкая еда?,бутерброды,сэндвич,сэндвич,False,True,
GQA-ru,lora,2267,Что лежит на джинсах?,скейтборд,перчатка,перчатка,False,True,
GQA-ru,lora,2471,"Есть ли на полу книги, которые выглядят красными?",нет,да,да,False,True,
GQA-ru,lora,3788,Какой вид бытовой техники изготовлен из металла?,тостер,микроволновка,микроволновка,False,True,
GQA-ru,lora,6275,"Находится ли автомобиль справа от автобуса, рядом с которым находится стрелка?",да,The bus is green and has a green arrow on,the,False,True,
GQA-ru,lora,11369,Что находится под телевизором?,тумба для аппаратуры,**пульт управления,**пульт,False,True,
GQA-ru,lora,2503,Какой транспорт находится позади внедорожника?,грузовик,**машина,**машина,False,True,
GQA-ru,lora,11573,Какого цвета книга?,белый,**белая,**белая,False,True,
GQA-ru,lora,3505,Что лежит на жёлтом столе?,бумага,**чайник,**чайник,False,True,
GQA-ru,lora,1052,"Какого цвета ручки, которые лежат на кровати?",белые,**коричневого,**коричневого,False,True,
GQA-ru,lora,6797,Что находится перед экраном?,ноутбук,**ноутбук,**ноутбук,False,True,
GQA-ru,lora,6678,Есть ли коврики перед раковиной?,да,**нет,**нет,False,True,
GQA-ru,lora,5421,Какого размера зонтик в верхней части изображения?,огромный,большой,большой,False,True,
GQA-ru,lora,8890,На какой стороне изображения находится блендер?,слева,слева,слева,True,True,
GQA-ru,lora,7633,Брюки и полотенца одного цвета?,нет,да,да,False,True,
GQA-ru,lora,6812,Кто носит повязку на голову?,футболист,девочка,девочка,False,True,
GQA-ru,lora,1020,Кто носит сандалии?,мужчина,мужчина,мужчина,True,True,
GQA-ru,lora,3388,Есть ли на этой фотографии шкафы или стулья?,нет,нет,нет,True,True,
GQA-ru,lora,6883,Что находится перед каменным зданием?,дерево,мотоцикл,мотоцикл,False,True,
GQA-ru,lora,6381,Какого цвета столешница?,черная,черного,черного,False,True,
GQA-ru,lora,9569,Какого цвета обувь?,белые,оранжевая,оранжевая,False,True,
GQA-ru,lora,11395,Сколько лет счастливому мужчине?,пожилой,мало,мало,False,True,
GQA-ru,lora,320,Кто носит рубашку?,женщина,женщина,женщина,True,True,
GQA-ru,lora,9432,Какой предмет мебели находится справа от журнального столика?,тумбочка,диван,диван,False,True,
GQA-ru,lora,6232,Из чего сделан стол?,из металла,металл,металл,False,True,
GQA-ru,lora,7814,"Человек, который не женского пола, носит гидрокостюм?",нет,нет,нет,True,True,
GQA-ru,lora,96,Что лежит на полу?,подарок,снег,снег,False,True,
GQA-ru,lora,5763,Что находится перед ковром?,свитшот,стол,стол,False,True,
GQA-ru,lora,4892,Какие фрукты коричневые?,яблоки,яблоко,яблоко,False,True,
GQA-ru,lora,6389,На какой стороне изображения находится дом?,справа,справа,справа,True,True,
GQA-ru,lora,6865,Человек возле туалета выглядит как европеец и мужчина?,нет,нет,нет,True,True,
GQA-ru,lora,8818,Кто носит очки?,джентльмен,мужчина,мужчина,False,True,
GQA-ru,lora,12036,Эта майка розовая и без рукавов?,да,нет,нет,False,True,
GQA-ru,lora,8947,Кухонный инструмент из дерева имеет прямоугольную форму?,да,да,да,True,True,
GQA-ru,lora,9883,"Есть ли велосипедисты или мужчины, которые едут?",да,да,да,True,True,
GQA-ru,lora,3613,Как называется транспортное средство слева от скорой помощи?,пожарная машина,грузовик,грузовик,False,True,
GQA-ru,lora,7999,Какое мясо под мустардой?,ветчина,ветчина,ветчина,True,True,
GQA-ru,lora,3595,На какой стороне изображения находится пустая коробка?,справа,справа,справа,True,True,
GQA-ru,lora,4471,"Кто стоит на скейтборде, который выглядит черным?",скейтбордист,парень,парень,False,True,
GQA-ru,lora,7140,Что находится перед устройством около стекла?,экран,камера,камера,False,True,
GQA-ru,lora,475,У шлема синий цвет?,да,да,да,True,True,
GQA-ru,lora,6371,На что смотрит человек слева от очков?,океан,на воду,на,False,True,
GQA-ru,lora,5507,Что находится перед стулом?,дверь,полка,полка,False,True,
GQA-ru,lora,10958,Кто перед женщиной?,мужчина,мужчина,мужчина,True,True,
GQA-ru,lora,11127,"Большой и круглый ли пончик, который слева от человека?",нет,да,да,False,True,
GQA-ru,lora,6624,Отличается ли тарелка по цвету от кружки?,нет,да,да,False,True,
GQA-ru,lora,11864,Какая мебель находится справа от ноутбука?,стул,стул,стул,True,True,
GQA-ru,lora,2704,Грязный ли транспортное средство?,нет,нет,нет,True,True,
GQA-ru,lora,7657,Что перевозит вертолёт?,корабль,парусник,парусник,False,True,
GQA-ru,lora,2091,Какое устройство держит мужчина?,мобильный телефон,камера,камера,False,True,
GQA-ru,lora,10195,Какая мебель серая?,диван,полка,полка,False,True,
GQA-ru,lora,441,Имеет ли нож в блоке для ножей черный цвет и короткую длину?,нет,нет,нет,True,True,
GQA-ru,lora,6455,Где находится транспортное средство?,на поле,на дороге,на,False,True,
GQA-ru,lora,9697,Какие устройства открыты?,ноутбуки,ноутбуки,ноутбуки,True,True,
GQA-ru,lora,9246,С какой стороны монитор?,справа,справа,справа,True,True,
GQA-ru,lora,10862,"Жалюзи и толстые, и плотные?",нет,нет,нет,True,True,
GQA-ru,lora,444,Забор перед скамейкой высокий и серый?,да,да,да,True,True,
GQA-ru,lora,1375,Какой тип мебели находится на полу?,тумба под телевизор,диван,диван,False,True,
GQA-ru,lora,10530,Куртка легкая и коричневая?,нет,нет,нет,True,True,
GQA-ru,lora,7022,Вы видите там сноуборд или серфборд?,да,да,да,True,True,
GQA-ru,lora,2223,Отличается ли верёвка по цвету от велосипеда?,да,да,да,True,True,
GQA-ru,lora,7564,Кто носит шляпу?,мальчик,мальчик,мальчик,True,True,
GQA-ru,lora,2977,"Что больше, чем напиток, который находится сверху?",масло,чайник,чайник,False,True,
GQA-ru,lora,823,Находится ли маленькое устройство слева?,нет,да,да,False,True,
GQA-ru,lora,4262,Какое это место?,поле,поле,поле,True,True,
GQA-ru,lora,5363,За каким предметом мебели находится стена?,диван,диван,диван,True,True,
GQA-ru,lora,3467,Есть ли туалеты возле стены?,нет,нет,нет,True,True,
GQA-ru,lora,7449,Какой предмет держит женщина?,телефон,камера,камера,False,True,
GQA-ru,lora,5355,За кем идет мужчина?,за женщиной,женщиной,женщиной,False,True,
GQA-ru,lora,5529,На чём лежит коврик для мыши?,на компьютерном столе,на ноутбуке,на,False,True,
GQA-ru,lora,4558,Кто держит теннисную ракетку жёлто-серого цвета?,игрок,женщина,женщина,False,True,
GQA-ru,lora,6906,Мужчина выглядит молодым и высоким?,да,да,да,True,True,
GQA-ru,lora,4133,Где находится тот слон?,на поле,на дороге,на,False,True,
GQA-ru,lora,1341,За кем идёт мужчина?,за женщиной,женщиной,женщиной,False,True,
GQA-ru,lora,7705,Есть ли на картинке мячи или скворечники?,нет,нет,нет,True,True,
GQA-ru,lora,317,Что делает женщина?,смотрит вниз,пожаривает,пожаривает,False,True,
GQA-ru,lora,853,"Смотрит ли женщина, которая не худая, в мобильный телефон?",нет,да,да,False,True,
GQA-ru,lora,5733,"Тарелка такого же цвета, как и занавеска?",да,да,да,True,True,
GQA-ru,lora,3673,Эта дверь выглядит тонкой и деревянной?,да,да,да,True,True,
GQA-ru,lora,10651,Вы видите пальмы справа от шкафа?,да,да,да,True,True,
GQA-ru,lora,1124,Вы видите большое зеркало или стол?,нет,да,да,False,True,
GQA-ru,lora,10678,Футболка синяя и чистая?,нет,нет,нет,True,True,
GQA-ru,lora,659,На какой стороне фото находится скульптура?,справа,справа,справа,True,True,
GQA-ru,lora,508,Из чего сделаны полки?,из металла,дерево,дерево,False,True,
GQA-ru,lora,4051,"Забор находится перед деревьями или за деревьями, которые зеленые и коричневые?",позади,перед,перед,False,True,
GQA-ru,lora,3266,"Как называется предмет одежды, который носят расстёгнутым?",толстовка,рубашка,рубашка,False,True,
GQA-ru,lora,333,Что держит полный мужчина?,зонт,зонт,зонт,True,True,
GQA-ru,lora,10179,Какая выпечка перед женщиной?,пирог,торт,торт,False,True,
GQA-ru,lora,2496,"Находится ли бутылка справа или слева от зубной щётки, которая выглядит зелёной и белой?",слева,слева,слева,True,True,
GQA-ru,lora,3908,Выглядит ли шина круглой и большой?,нет,да,да,False,True,
GQA-ru,lora,2068,Находится ли мусорное ведро под тумбочкой?,нет,да,да,False,True,
GQA-ru,lora,7758,Какая мебель висит на стене?,шкафы,шкаф,шкаф,False,True,
GQA-ru,lora,10968,Какого цвета горшок для цветов?,коричневый,коричневый,коричневый,True,True,
GQA-ru,lora,1874,Какого цвета горы рядом с океаном?,серые,коричневого,коричневого,False,True,
GQA-ru,lora,9240,Кто носит брюки?,женщина,женщина,женщина,True,True,
GQA-ru,lora,3571,Раковина установлена на столешнице?,да,нет,нет,False,True,
GQA-ru,lora,7619,Звезды кажутся яркими и маленькими?,да,да,да,True,True,
GQA-ru,lora,11460,Есть ли на картине телефон?,да,да,да,True,True,
GQA-ru,lora,4198,"Как выглядит еда слева от верёвки, белая или тёмно-коричневая?",тёмно-коричневая,тёмно-коричневая,тёмно-коричневая,True,True,
GQA-ru,lora,6043,Из чего сделана рамка для картины?,из пластика,металл,металл,False,True,
GQA-ru,lora,2749,Какого цвета зонт слева?,розовый,розовый,розовый,True,True,
GQA-ru,lora,9926,Дикие цветы фиолетовые?,нет,нет,нет,True,True,
GQA-ru,lora,9949,Какой транспортный средство припарковано возле здания из кирпича?,автобус,автобус,автобус,True,True,
GQA-ru,lora,2683,На какой стороне изображения находится коврик?,справа,слева,слева,False,True,
GQA-ru,lora,5096,Рубашка-поло оранжевая или белая?,белая,белая,белая,True,True,
GQA-ru,lora,9481,Кто катается на коньках по дороге?,женщина,мужчина,мужчина,False,True,
GQA-ru,lora,420,Этот автомобиль серебристый?,нет,нет,нет,True,True,
GQA-ru,lora,5111,"Корзина, которая коричневая, закрыта или открыта?",открыта,открыта,открыта,True,True,
GQA-ru,lora,9433,Носки выглядят жёлтыми?,нет,нет,нет,True,True,
GQA-ru,lora,6149,Есть ли брокколи рядом с круглой едой?,да,да,да,True,True,
GQA-ru,lora,6498,Какое животное перед диваном?,собака,собака,собака,True,True,
GQA-ru,lora,11714,"Вы видите там доску для серфинга, которая не тонкая?",нет,да,да,False,True,
GQA-ru,lora,3249,Где сделана эта фотография?,на равнине,в поле,в,False,True,
GQA-ru,lora,1245,Есть ли серебристые краны или заборы?,да,да,да,True,True,
GQA-ru,lora,9700,Какая одежда не черная?,платье,платье,платье,True,True,
GQA-ru,lora,11315,"Что находится перед транспортным средством, которое выглядит темным?",забор,забор,забор,True,True,
GQA-ru,lora,10276,Что находится перед галстуком?,рубашка,шляпа,шляпа,False,True,
GQA-ru,lora,3978,Из одного ли материала сделаны забор и знак?,нет,да,да,False,True,
GQA-ru,lora,1669,Кто носит рубашку?,джентльмен,мужчина,мужчина,False,True,
GQA-ru,lora,11422,Что за устройство на столе?,компьютер,ноутбук,ноутбук,False,True,
GQA-ru,lora,4941,"Какое животное находится перед счастливым человеком, который стоит перед козой?",овца,коза,коза,False,True,
GQA-ru,lora,11210,Какого цвета чистая раковина?,белый,белая,белая,False,True,
GQA-ru,lora,9837,"Какой цвет у светофора, который не короткий?",черный,зеленый,зеленый,False,True,
GQA-ru,lora,1983,Что находится перед бутылкой?,миска,клавиатура,клавиатура,False,True,
GQA-ru,lora,9272,Это тостер или миксер?,тостер,миксер,миксер,False,True,
GQA-ru,lora,672,Что это за место?,улица,магазин,магазин,False,True,
GQA-ru,lora,5688,На чём стоит растение?,на полке,на столе,на,False,True,
GQA-ru,lora,8728,Какие предметы мебели находятся под шкафами?,шкафчики,полки,полки,False,True,
GQA-ru,lora,7018,Выглядит ли играющий над водой мужчина старым?,нет,нет,нет,True,True,
GQA-ru,lora,10838,Ковёр под ней мягкий и белый?,нет,нет,нет,True,True,
GQA-ru,lora,6071,С какой стороны находится телевизор?,справа,справа,справа,True,True,
GQA-ru,lora,1129,Есть ли маленькие женщины или мужчины?,нет,нет,нет,True,True,
GQA-ru,lora,8289,Дверь выглядит деревянной и большой?,да,**нет,**нет,False,True,
GQA-ru,lora,10609,Находятся ли маленькие книги с правой стороны картинки?,нет,**нет,**нет,False,True,
GQA-ru,lora,5590,Какое животное молодое?,котенок,**кошка,**кошка,False,True,
GQA-ru,lora,207,Что находится на столе?,цветы,**поднос,**поднос,False,True,
GQA-ru,lora,6882,Маленький обогреватель чистый или грязный?,чистый,**грязный,**грязный,False,True,
GQA-ru,lora,8031,"Какая этническая принадлежность у человека, стоящего рядом с другим человеком?",азиатский,The Asian,the,False,True,
GQA-ru,lora,1729,Чем закрыто окно рядом с часами?,занавесками,**занавеской,**занавеской,False,True,
GQA-ru,lora,7102,"Материал окна такой же, как у пистолета?",нет,**нет,**нет,False,True,
GQA-ru,lora,5934,"Какое животное сидит рядом с человеком, который носит пальто?",собака,собака,собака,True,True,
GQA-ru,lora,10413,Отражение каких металлических предметов можно увидеть в чем?,тостер,в зеркале,в,False,True,
GQA-ru,lora,7532,"Выглядит ли шляпа, сделанная из ткани, кривой и зелёной?",да,нет,нет,False,True,
GQA-ru,lora,11588,Шкаф справа от другого шкафа закрыт и маленький?,нет,нет,нет,True,True,
GQA-ru,lora,2506,"Есть ли диваны или лампы, которые не розовые?",нет,нет,нет,True,True,
GQA-ru,lora,7135,Выглядит ли стул слева от чашек низким и золотым?,да,да,да,True,True,
GQA-ru,lora,2885,На какой стороне синяя сумка?,слева,слева,слева,True,True,
GQA-ru,lora,12022,"Устройство, которое выглядит серым, выключено или включено?",включено,выключено,выключено,False,True,
GQA-ru,lora,8548,Какая еда находится справа от блина?,яйца,**бекон,**бекон,False,True,
GQA-ru,lora,10657,Отличается ли цвет пастбища от цвета дома?,да,**да,**да,False,True,
GQA-ru,lora,4425,За стеной из кирпича есть щенки?,нет,**нет,**нет,False,True,
GQA-ru,lora,10091,"Скейтбордист, который смотрит вверх, носит кепку?",да,The man is wearing a green hat.,the,False,True,
GQA-ru,lora,8817,Кто носит пальто?,джентльмен,**мужчина,**мужчина,False,True,
GQA-ru,lora,7921,Какое животное стоит на траве?,олень,**жираф,**жираф,False,True,
GQA-ru,lora,7616,"Что, по-вашему, висит над столешницей?",гроздь бананов,**посудомоечная машина,**посудомоечная,False,True,
GQA-ru,lora,7136,Есть ли динамик над тротуаром?,нет,**нет,**нет,False,True,
GQA-ru,lora,11977,Кто катается на скейтборде?,скейтбордист,парень,парень,False,True,
GQA-ru,lora,9707,Какое устройство необычное?,телефон,клавиатура,клавиатура,False,True,
GQA-ru,lora,4397,Сумка черного цвета и большого размера?,нет,да,да,False,True,
GQA-ru,lora,5280,Её видно сквозь лампу?,нет,да,да,False,True,
GQA-ru,lora,4022,Что лежит на горах?,снег,снег,снег,True,True,
GQA-ru,lora,1419,Какого цвета мягкий свитер?,черный,зелёный,зелёный,False,True,
GQA-ru,lora,4569,Есть ли матрасы или тележки?,нет,нет,нет,True,True,
GQA-ru,lora,7385,Совпадает ли цвет раковины с цветом рамы картины?,нет,да,да,False,True,
GQA-ru,lora,3995,Выглядит ли мусорный бак черно-белым?,да,да,да,True,True,
GQA-ru,lora,7613,Подушка неудобная?,нет,да,да,False,True,
GQA-ru,lora,9336,"Какого цвета светофор, на котором висит дорожный знак?",черный,красный,красный,False,True,
GQA-ru,lora,9999,Что перед миской?,клубника,вилка,вилка,False,True,
GQA-ru,lora,10947,Волосы светлые и короткие?,нет,нет,нет,True,True,
GQA-ru,lora,5511,"Как называется предмет мебели, на котором стоит коробка?",компьютерный стол,стол,стол,False,True,
GQA-ru,lora,470,"Что находится перед зданием, над которым небо?",дорожный знак,забор,забор,False,True,
GQA-ru,lora,8098,Что находится перед черными кабелями?,ноутбуки,клавиатура,клавиатура,False,True,
GQA-ru,lora,5325,Эта девушка европеоидной или азиатской расы?,азиатской,азиатской,азиатской,True,True,
GQA-ru,lora,2979,Кажется ли масло у полки густым или жидким?,густое,густым,густым,False,True,
GQA-ru,lora,7988,"Носит ли человек, который не молод, шорты?",нет,нет,нет,True,True,
GQA-ru,lora,3475,Что находится перед забором?,скамейка,песок,песок,False,True,
GQA-ru,lora,5813,Что находится перед тротуаром?,корзина,грузовик,грузовик,False,True,
GQA-ru,lora,4232,Включена ли серебристая раковина?,выключена,нет,нет,False,True,
GQA-ru,lora,5576,Штаны белые и мягкие?,да,нет,нет,False,True,
GQA-ru,lora,4581,Какую форму имеет коробка для салфеток?,прямоугольная,круглая,круглая,False,True,
GQA-ru,lora,9767,Какого пола сноубордист?,женский,девочка,девочка,False,True,
GQA-ru,lora,11488,Какое устройство не цифровое?,клавиатура,экран,экран,False,True,
GQA-ru,lora,4526,Что находится перед телефоном?,компьютер,клавиатура,клавиатура,False,True,
GQA-ru,lora,9106,Книга выглядит закрытой?,да,нет,нет,False,True,
GQA-ru,lora,166,Есть ли серебристый ноутбук или DVD-плеер?,нет,нет,нет,True,True,
GQA-ru,lora,8464,Погода облачная или ясная?,ясная,облачная,облачная,False,True,
GQA-ru,lora,3130,Что находится перед столом?,скамейка,стул,стул,False,True,
GQA-ru,lora,1402,Рубашка выглядит белой и с длинными рукавами?,да,да,да,True,True,
GQA-ru,lora,3954,Какой предмет мебели металлический?,стул,стул,стул,True,True,
GQA-ru,lora,11797,Знак на улице оранжевый и прямоугольный?,да,нет,нет,False,True,
GQA-ru,lora,9096,Что на траве?,фургон,забор,забор,False,True,
GQA-ru,lora,3937,Какая это мебель?,стулья,стул,стул,False,True,
GQA-ru,lora,11314,Что держит счастливый мужчина?,флаг,фрисби,фрисби,False,True,
GQA-ru,lora,7800,Лошади большие и белые?,нет,нет,нет,True,True,
GQA-ru,lora,10582,Находится ли чёрно-белое изображение в нижней части фотографии?,нет,нет,нет,True,True,
GQA-ru,lora,11662,Скамейка справа от другой скамейки серебристая и волнистая?,да,да,да,True,True,
GQA-ru,lora,8041,Какого цвета та куртка?,коричневый,белая,белая,False,True,
GQA-ru,lora,7342,Воздушный змей над человеком длинный и лёгкий?,да,да,да,True,True,
GQA-ru,lora,282,Выглядит ли бетонная тротуарная дорожка шероховатой и мощеной?,да,да,да,True,True,
GQA-ru,lora,1524,Отражается ли бутылка вина из стекла в кофеварке?,нет,да,да,False,True,
GQA-ru,lora,4820,Есть ли чёрные духовки или шкафы?,да,да,да,True,True,
GQA-ru,lora,3630,Перед чем находится печенье?,скотч,бумаги,бумаги,False,True,
GQA-ru,lora,6625,Статуя сделана из камня?,нет,да,да,False,True,
GQA-ru,lora,11334,"На изображении есть и столы, и клавиатуры?",нет,нет,нет,True,True,
GQA-ru,lora,3986,Этот провод тонкий и серый?,да,нет,нет,False,True,
GQA-ru,lora,5016,Лента находится за печеньем?,да,да,да,True,True,
GQA-ru,lora,10878,Что перед сапогами?,стена,телевизор,телевизор,False,True,
GQA-ru,lora,9528,Высокий столб находится за забором?,нет,да,да,False,True,
GQA-ru,lora,6046,Какая мебель металлическая?,стол,стол,стол,True,True,
GQA-ru,lora,7753,Какая мебель висит на бежевой стене?,шкафчики,шкаф,шкаф,False,True,
GQA-ru,lora,9068,Находится ли коврик для мыши на компьютерном столе рядом с бумагами?,да,да,да,True,True,
GQA-ru,lora,8698,Эта метла выглядит темной и длинной?,да,да,да,True,True,
GQA-ru,lora,5632,Какой кухонный инструмент находится над горшком с цветком?,сковорода,блендер,блендер,False,True,
GQA-ru,lora,6971,"Что находится перед мужчиной, который стоит перед знаком?",блендер,ящик,ящик,False,True,
GQA-ru,lora,9017,"Насколько тонким кажется вам светофор, который не короткий?",тонким,толстый,толстый,False,True,
GQA-ru,lora,5419,Какого цвета зонт у джентльмена?,жёлтый,жёлтый,жёлтый,True,True,
GQA-ru,lora,5764,"Как называется бытовой прибор, который не серый?",духовка,микроволновка,микроволновка,False,True,
GQA-ru,lora,11515,В каком транспортном средстве сидит коричневая собака?,грузовик,грузовик,грузовик,True,True,
GQA-ru,lora,7434,"Как называется предмет мебели, на котором стоит ноутбук?",компьютерный стол,стол,стол,False,True,
GQA-ru,lora,4438,Как называется красочное водное судно?,лодки,лодки,лодки,True,True,
GQA-ru,lora,5023,Какая мебель не белая?,стул,**стол,**стол,False,True,
GQA-ru,lora,4118,Что находится рядом со скамейкой?,камень,**столб,**столб,False,True,
GQA-ru,lora,3777,Что находится перед холмом?,небо,**дерево,**дерево,False,True,
GQA-ru,lora,1976,"Какого цвета куртка, которую носит мужчина?",черная,**белая,**белая,False,True,
GQA-ru,lora,11817,Что за еда находится сверху шоколадного десерта?,зефир,**посуда,**посуда,False,True,
GQA-ru,lora,3155,Вы видите вилки на белой салфетке?,да,**да,**да,False,True,
GQA-ru,lora,5169,"Как называется предмет мебели, который изготовлен из того же материала, что и пол?",книжный шкаф,The bed,the,False,True,
GQA-ru,lora,1958,"Какой формы коврик для мыши, квадратный или круглый?",квадратный,**квадратный,**квадратный,False,True,
GQA-ru,lora,12171,Человек справа от теннисной ракетки в шляпе?,да,да,да,True,True,
GQA-ru,lora,8779,"Он слева от фрисби, за которым находятся деревья?",нет,да,да,False,True,
GQA-ru,lora,11307,Какое это место?,железная дорога,река,река,False,True,
GQA-ru,lora,3033,Вы видите кровать перед белыми занавесками?,нет,нет,нет,True,True,
GQA-ru,lora,3138,Какая чистота грязи возле травы?,грязная,грязная,грязная,True,True,
GQA-ru,lora,3545,Что делает арбитр?,стоит,стоит,стоит,True,True,
GQA-ru,lora,12101,Что находится перед лентой?,чашка кофе,клавиатура,клавиатура,False,True,
GQA-ru,lora,7933,Какое животное находится слева от клавиатуры?,собака,собака,собака,True,True,
GQA-ru,lora,4530,Земля у леса заснеженная или голая?,заснеженная,заснеженная,заснеженная,True,True,
GQA-ru,lora,11871,Ковер находится под диваном?,нет,да,да,False,True,
GQA-ru,lora,9659,Какое устройство не серебристое?,клавиатура,экран,экран,False,True,
GQA-ru,lora,8595,Какого размера самолёт?,маленький,большой,большой,False,True,
GQA-ru,lora,9777,Есть ли чёрный рюкзак или портфель?,нет,нет,нет,True,True,
GQA-ru,lora,4636,Из чего сделана чашка?,пластик,пластик,пластик,True,True,
GQA-ru,lora,1647,Коробка квадратная и коричневая?,да,нет,нет,False,True,
GQA-ru,lora,3180,Где находится бьющий?,на домашней плите,на домашней базе,на,False,True,
GQA-ru,lora,4853,"Какого тона стулья, которые находятся слева на фото?",светлые,**маленький,**маленький,False,True,
GQA-ru,lora,3727,Есть ли красные подушки или одеяла?,нет,**нет,**нет,False,True,
GQA-ru,lora,5912,"Какое устройство включено, ноутбук или клавиатура?",ноутбук,**клавиатура,**клавиатура,False,True,
GQA-ru,lora,2939,Какой формы стеклянное окно?,прямоугольная,**круглое,**круглое,False,True,
GQA-ru,lora,4952,Как называется светло-синий предмет одежды?,майка,**рубашка,**рубашка,False,True,
GQA-ru,lora,231,Что за большой автомобиль?,грузовик,**машина,**машина,False,True,
GQA-ru,lora,11600,Закрыт или открыт синий зонт?,закрыт,**открыт,**открыт,False,True,
GQA-ru,lora,2073,"Что, по-вашему, покрывает человека, который носит джинсы?",куртка,The umbrella,the,False,True,
GQA-ru,lora,4494,Слоны мокрые или сухие?,сухие,мокрые,мокрые,False,True,
GQA-ru,lora,745,Какой предмет мебели находится над столешницей?,шкаф,стул,стул,False,True,
GQA-ru,lora,893,"Есть ли на этой фотографии и пульты дистанционного управления, и компьютерные мыши?",да,да,да,True,True,
GQA-ru,lora,9066,Окно маленькое и серое?,да,нет,нет,False,True,
GQA-ru,lora,4786,Кто стоит рядом с домашней плитой?,бэттер,игрок,игрок,False,True,
GQA-ru,lora,11426,Какой тип мебели стоит рядом со свежими цветами?,стул,стул,стул,True,True,
GQA-ru,lora,10450,Какая мебель коричневая?,книжный шкаф,диван,диван,False,True,
GQA-ru,lora,8042,"Какого цвета деревья, которые не маленькие?",зелёные,черные,черные,False,True,
GQA-ru,lora,1680,Какой предмет мебели находится перед обувью?,стол,полка,полка,False,True,
GQA-ru,lora,200,"Вы видите забор перед деревом, которое стоит перед школой?",нет,нет,нет,True,True,
GQA-ru,lora,9405,Полка рядом с человеком светло-коричневая или серебристая?,светло-коричневая,светло-коричневая,светло-коричневая,True,True,
GQA-ru,lora,4658,"Какой высоты лампа, которая находится справа от компьютера?",невысокая,низкая,низкая,False,True,
GQA-ru,lora,7690,Вы видите женщину рядом с белой одеждой?,да,да,да,True,True,
GQA-ru,lora,7843,Растение стоит на лампе?,нет,нет,нет,True,True,
GQA-ru,lora,7216,Что находится сверху на печи?,плита,чайник,чайник,False,True,
GQA-ru,lora,5582,Кто перед окном?,ребенок,мальчик,мальчик,False,True,
GQA-ru,lora,3020,Вы видите деревянную дверь или окно?,да,да,да,True,True,
GQA-ru,lora,841,Какого цвета этот стол?,красный,коричневый,коричневый,False,True,
GQA-ru,lora,4136,Есть ли слоны под голубым небом?,да,да,да,True,True,
GQA-ru,lora,7827,Трава кажется короткой и светло-коричневой?,да,да,да,True,True,
GQA-ru,lora,1869,Кто носит обувь?,мужчина,мужчина,мужчина,True,True,
GQA-ru,lora,1070,На что посыпают посыпку?,на кексы,пончик,пончик,False,True,
GQA-ru,lora,6565,Компьютер слева или справа от устройства посередине?,справа,слева,слева,False,True,
GQA-ru,lora,8056,Что делает большое животное?,смотрит вверх,стоит,стоит,False,True,
GQA-ru,lora,1213,Что общего у футбольного мяча и повязки на голову?,форма,цвет,цвет,False,True,
GQA-ru,lora,9453,Письменный стол выглядит белым?,да,да,да,True,True,
GQA-ru,lora,10312,Подушка находится на диване?,да,да,да,True,True,
GQA-ru,lora,11246,"Есть ли окна или двери, которые не закрыты?",нет,нет,нет,True,True,
GQA-ru,lora,878,Есть ли зубные щетки на этом изображении?,да,да,да,True,True,
GQA-ru,lora,2485,У шортов и у обуви одинаковый цвет?,нет,да,да,False,True,
GQA-ru,lora,2444,Что носит мужчина?,рубашку,шляпа,шляпа,False,True,
GQA-ru,lora,9221,Какой прибор находится перед полом?,посудомоечная машина,духовка,духовка,False,True,
GQA-ru,lora,1395,"С чего прыгает скейтбордист, не являющийся женщиной?",с тротуара,The train,the,False,True,
GQA-ru,lora,4066,Трава выглядит высокой?,нет,**нет,**нет,False,True,
GQA-ru,lora,1940,Кто стоит перед рамой из дерева?,мужчина,**мужчина,**мужчина,False,True,
GQA-ru,lora,9143,Шкаф твердый?,да,**нет,**нет,False,True,
GQA-ru,lora,6818,Какого цвета зубная щетка слева от другой зубной щетки?,синий,**белая,**белая,False,True,
GQA-ru,lora,9933,"Ты думаешь, что бейсбольный мяч плотный?",да,**да,**да,False,True,
GQA-ru,lora,9766,"Что находится перед людьми, стоящими справа от кукол?",багаж,**тележка,**тележка,False,True,
GQA-ru,lora,10132,У девушки светлые и длинные волосы?,нет,**да,**да,False,True,
GQA-ru,lora,3697,"Какая мебель не коричневая, полка или стол?",полка,стол,стол,False,True,
GQA-ru,lora,8561,Какая погода?,безоблачная,облачно,облачно,False,True,
GQA-ru,lora,7381,Какие животные сухие?,слоны,слоны,слоны,True,True,
GQA-ru,lora,7253,У кошелька маленький размер?,да,нет,нет,False,True,
GQA-ru,lora,4871,"Ты думаешь, что тот дом синий?",да,да,да,True,True,
GQA-ru,lora,9642,Какое устройство не серебристое?,клавиатура,экран,экран,False,True,
GQA-ru,lora,7025,Над кем висит дорожный знак черно-белого цвета?,над мужчиной,пожарным гидрантом,пожарным,False,True,
GQA-ru,lora,5003,Кажется ли скамейка шероховатой и деревянной?,да,да,да,True,True,
GQA-ru,lora,9316,С какой стороны картины находится мягкий диван?,слева,слева,слева,True,True,
GQA-ru,lora,10174,Кто носит брюки?,судья,игрок,игрок,False,True,
GQA-ru,lora,986,"Находится ли чёрная машина справа от человека, который наблюдает за футболистом?",да,да,да,True,True,
GQA-ru,lora,9988,Широкое небо выше чего?,деревья,дерево,дерево,False,True,
GQA-ru,lora,12125,"Шлем, который находится справа от мужчины, белый и твердый?",да,да,да,True,True,
GQA-ru,lora,1625,Где стоит худенькая девушка?,на земле,на полу,на,False,True,
GQA-ru,lora,3404,Какой длины шорты?,короткие,длинные,длинные,False,True,
GQA-ru,lora,10248,Корзина под другой корзиной выглядит пустой?,да,да,да,True,True,
GQA-ru,lora,3457,"Есть ли тарелки или банки, которые не круглые?",нет,нет,нет,True,True,
GQA-ru,lora,4335,Какое это место?,пастбище,поле,поле,False,True,
GQA-ru,lora,10820,Кто носит рубашку?,мужчина,мужчина,мужчина,True,True,
GQA-ru,lora,1330,"Кто смотрит на двери, на которых висит рюкзак?",мужчина,мальчик,мальчик,False,True,
GQA-ru,lora,2573,Шторы разноцветные?,да,да,да,True,True,
GQA-ru,lora,3929,С чего он прыгает?,с травы,скейтборд,скейтборд,False,True,
GQA-ru,lora,2847,Какая еда находится в морозильнике?,сметана,салат,салат,False,True,
GQA-ru,lora,9043,Какой предмет одежды белый: шляпа или футболка?,футболка,шляпа,шляпа,False,True,
GQA-ru,lora,1229,"Что находится внутри холодильника, который стоит перед стеной?",стаканы,виноград,виноград,False,True,
GQA-ru,lora,2564,Старики слева от машины?,да,нет,нет,False,True,
GQA-ru,lora,43,Этот вертолет включен или выключен?,выключен,выключен,выключен,True,True,
GQA-ru,lora,6693,Какая еда находится справа от столового прибора слева на фотографии?,пюре,суп,суп,False,True,
GQA-ru,lora,11294,Какого цвета этот налокотник?,белый,черный,черный,False,True,
GQA-ru,lora,9729,Какая бытовая техника находится слева от плиты?,духовка,микроволновка,микроволновка,False,True,
GQA-ru,lora,7699,Кто носит шорты?,мальчик,мальчик,мальчик,True,True,
GQA-ru,lora,4771,Какое животное внутри грузовика?,собака,собака,собака,True,True,
MMBench-ru,base,2619,Какая погода изображена на картинке?,C,C,C,True,True,4.0
MMBench-ru,base,456,Какое изображение имеет наибольшую резкость?,D,A,A,False,True,4.0
MMBench-ru,base,102,"На этом сравнительном изображении, верхний и нижний модули одного цвета?",B,B,B,True,True,3.0
MMBench-ru,base,3037,Какая подпись правильно описывает это изображение?,A,A,A,True,True,4.0
MMBench-ru,base,1126,"Что может показать тест, проведенный Лаурой и Изабеллой?",A,A,A,True,True,2.0
MMBench-ru,base,1003,"В природе, какая взаимосвязь между этими двумя существами?",B,B,B,True,True,4.0
MMBench-ru,base,914,В каком направлении от Средиземного моря находится Германия?,D,A,A,False,True,4.0
MMBench-ru,base,571,На картине изображен горный ландшафт или прибрежный?,B,B,B,True,True,4.0
MMBench-ru,base,3016,Какова природа отношений между этими двумя существами?,C,D,D,False,True,4.0
MMBench-ru,base,419,"Какой текст может быть связан с этим изображением, размещенным в Twitter?",A,A,A,True,True,4.0
MMBench-ru,base,2771,Кто этот человек?,B,D,D,False,True,4.0
MMBench-ru,base,3033,Какая подпись к этому изображению является правильной?,D,D,D,True,True,4.0
MMBench-ru,base,3654,Где находится велосипед?,D,B,B,False,True,4.0
MMBench-ru,base,2233,Какой из этих вариантов - правильный заголовок для этого изображения?,B,B,B,True,True,4.0
MMBench-ru,base,356,Какое действие выполняется на этом изображении?,C,B,B,False,True,4.0
MMBench-ru,base,2418,"Что могут обменять Дженни и Оливия, чтобы обе получили то, что хотят?",C,C,C,True,True,4.0
MMBench-ru,base,1728,Какое настроение передает это изображение?,B,D,D,False,True,4.0
MMBench-ru,base,130,"Исходя из изображения, где находится мальчик?",B,B,B,True,True,4.0
MMBench-ru,base,122,"На этом изображении, два дельфина одинакового размера?",B,A,A,False,True,3.0
MMBench-ru,base,383,"Какой текст может быть связан с этим изображением, размещенным в Twitter?",A,A,A,True,True,4.0
MMBench-ru,base,895,"Какая формула дает тот же результат, что и формула на рисунке?",D,C,C,False,True,4.0
MMBench-ru,base,952,В каком направлении находится Туркменистан от Ирана?,D,A,A,False,True,4.0
MMBench-ru,base,2069,Какое поведение человека описано на этой картинке?,B,B,B,True,True,4.0
MMBench-ru,base,2465,Кто изображён на этом фото?,A,B,B,False,True,4.0
MMBench-ru,base,108,Лошади на картинке одного размера?,B,B,B,True,True,3.0
MMBench-ru,base,2298,"Основываясь на изображении, что предполагает контраст между ярко-голубым скейтбордом и человеком, который его несет?",D,D,D,True,True,4.0
MMBench-ru,base,814,К какой категории относится это изображение?,C,C,C,True,True,4.0
MMBench-ru,base,2932,В каком направлении находится Италия в Средиземном море?,B,A,A,False,True,4.0
MMBench-ru,base,2661,Какие могут быть отношения между этими людьми на изображении?,C,C,C,True,True,4.0
MMBench-ru,base,2872,Какая операция с дробями представлена этой формулой?,B,B,B,True,True,4.0
MMBench-ru,base,2232,Какой из этих вариантов является правильным описанием этого изображения?,C,C,C,True,True,4.0
MMBench-ru,base,1718,Какой цвет у этого объекта?,D,D,D,True,True,4.0
MMBench-ru,base,902,Какой из следующих подписей лучше всего описывает это изображение?,C,C,C,True,True,4.0
MMBench-ru,base,1839,К какой категории относится это изображение?,B,A,A,False,True,4.0
MMBench-ru,base,2413,В каком направлении смотрит плюшевый мишка на картинке?,A,B,B,False,True,4.0
MMBench-ru,base,1139,Слева от маленького зеленого объекта находится большая металлическая вещь; какая у нее форма?,C,B,B,False,True,3.0
MMBench-ru,base,3315,Кто изображен на этом изображении?,B,B,B,True,True,4.0
MMBench-ru,base,3560,Какое настроение передает это изображение?,D,D,D,True,True,4.0
MMBench-ru,base,26,Это место переполнено?,B,B,B,True,True,2.0
MMBench-ru,base,3108,"Основываясь на изображении, какова может быть основная причина, по которой человек на картинке использует черный зонтик?",A,A,A,True,True,4.0
MMBench-ru,base,3300,Кто изображен на этом фото?,A,A,A,True,True,4.0
MMBench-ru,base,653,Какое настроение передает это изображение?,A,A,A,True,True,4.0
MMBench-ru,base,2859,Какова функция демонстрируемого объекта?,B,B,B,True,True,4.0
MMBench-ru,base,1731,Какое настроение передает это изображение?,B,B,B,True,True,4.0
MMBench-ru,base,1393,Какое действие выполняется на этом изображении?,A,A,A,True,True,4.0
MMBench-ru,base,1138,Подумайте о магнитной силе между магнитами в каждой паре. Какое из следующих утверждений верно?,B,C,C,False,True,3.0
MMBench-ru,base,636,Какого цвета этот объект?,D,D,D,True,True,4.0
MMBench-ru,base,881,Какова наиболее вероятная цель этого плаката?,D,D,D,True,True,4.0
MMBench-ru,base,3127,Какая столица Небраски?,A,TRenumiA,A,True,True,4.0
MMBench-ru,base,1378,Какое действие выполняется на этом изображении?,D,TRB,B,False,True,4.0
MMBench-ru,base,418,Извлеките текст из изображения,A,The correct answer is D,C,False,True,4.0
MMBench-ru,base,379,"На картинке, в каком направлении смотрит плюшевый медведь?",C,TRF-12,,False,True,4.0
MMBench-ru,base,1556,Где это?,D,TRB,B,False,True,4.0
MMBench-ru,base,396,Сколько самолётов видно на этом изображении?,C,TRB,B,False,True,4.0
MMBench-ru,base,1470,Кто изображён на этом снимке?,A,TRUN Paglinawan Paglinawan Paglinawan,A,True,True,4.0
MMBench-ru,base,3471,Что за погода изображена на картинке?,D,TRD,D,True,True,4.0
MMBench-ru,base,1408,"Какого цвета другой маленький блестящий предмет той же формы, что и крошечный желтый блестящий объект?",C,A,A,False,True,4.0
MMBench-ru,base,2472,Кто изображен на этой фотографии?,B,B,B,True,True,4.0
MMBench-ru,base,1083,Какое человеческое поведение описывает эта картинка?,B,B,B,True,True,4.0
MMBench-ru,base,3305,На каком изображении показана наибольшая резкость?,B,D,D,False,True,4.0
MMBench-ru,base,177,Что произойдет дальше?,C,C,C,True,True,4.0
MMBench-ru,base,2988,Какая из следующих подписей лучше всего описывает это изображение?,C,C,C,True,True,4.0
MMBench-ru,base,1881,В каком стиле выполнена эта картина?,A,C,C,False,True,4.0
MMBench-ru,base,2196,"Объект, показанный на этой иллюстрации:",D,C,C,False,True,4.0
MMBench-ru,base,511,Какова функция демонстрируемого объекта?,A,D,D,False,True,4.0
MMBench-ru,base,3777,Какая из следующих подписей лучше всего описывает это изображение?,D,D,D,True,True,4.0
MMBench-ru,base,1550,Какова основная тема изображения?,B,C,C,False,True,4.0
MMBench-ru,base,322,Какая из следующих эмоций изображена на этом изображении?,A,B,B,False,True,4.0
MMBench-ru,base,2261,"По изображению, что можно сказать о пропавшем куске торта?",A,D,D,False,True,4.0
MMBench-ru,base,1200,Что произойдет дальше?,B,C,C,False,True,4.0
MMBench-ru,base,3397,Где это находится?,D,D,D,True,True,4.0
MMBench-ru,base,2574,Какая основная тема изображения?,A,C,C,False,True,4.0
MMBench-ru,base,2533,Какова функция продемонстрированного объекта?,C,C,C,True,True,4.0
MMBench-ru,base,3626,Сколько пончиков на картинке?,D,D,D,True,True,4.0
MMBench-ru,base,3529,Какого цвета этот объект?,C,C,C,True,True,4.0
MMBench-ru,base,1481,Кто изображен на этой фотографии?,C,A,A,False,True,4.0
MMBench-ru,base,2364,Какое действие выполняется на этом изображении?,D,D,D,True,True,4.0
MMBench-ru,base,787,Сколько яблок на изображении? И сколько бананов?,C,D,D,False,True,4.0
MMBench-ru,base,2885,Какой код на Python может сгенерировать содержимое изображения?,D,D,D,True,True,4.0
MMBench-ru,base,284,"Основываясь на изображении, что может означать наличие двух пицц, трех стаканов с напитками и столовых приборов о происходящем?",B,B,B,True,True,4.0
MMBench-ru,base,187,Какой из следующих вариантов является правильной подписью к этому изображению?,D,D,D,True,True,4.0
MMBench-ru,base,2708,Какая профессия у людей на этой фотографии?,A,A,A,True,True,4.0
MMBench-ru,base,933,Какой код на Python может генерировать содержимое изображения?,A,C,C,False,True,4.0
MMBench-ru,base,3166,"Основываясь на изображении, какое значение может иметь для мальчика объятие с гигантским плюшевым медведем?",D,D,D,True,True,4.0
MMBench-ru,base,1185,Что произойдет дальше?,C,A,A,False,True,4.0
MMBench-ru,base,326,"Что могут обменять Дженни и Оливия, чтобы каждая из них получила то, что хочет?",A,A,A,True,True,4.0
MMBench-ru,base,3503,Каковы могут быть отношения этих людей на изображении?,C,C,C,True,True,4.0
MMBench-ru,base,953,В каком направлении находится Китай относительно Кыргызстана?,A,A,A,True,True,4.0
MMBench-ru,base,3549,Какое настроение передает это изображение?,D,D,D,True,True,4.0
MMBench-ru,base,413,Извлеките текст с изображения,A,A,A,True,True,4.0
MMBench-ru,base,3857,Какое отношение между этими двумя существами в природе?,C,C,C,True,True,4.0
MMBench-ru,base,3864,Какой вид человеческого поведения описан на этой картинке?,A,A,A,True,True,4.0
MMBench-ru,base,1857,В каком направлении стоит человек?,B,B,B,True,True,4.0
MMBench-ru,base,2603,Как называется этот город?,A,A,A,True,True,4.0
MMBench-ru,base,3416,Где это находится?,C,C,C,True,True,4.0
MMBench-ru,base,1494,Кто изображен на этой фотографии?,D,D,D,True,True,4.0
MMBench-ru,base,666,Какого цвета этот объект?,A,A,A,True,True,4.0
MMBench-ru,base,1516,Какой категории сцены лучше всего соответствует это изображение?,B,B,B,True,True,4.0
MMBench-ru,base,1455,Как называется эта фотография?,B,B,B,True,True,4.0
MMBench-ru,base,858,"какой код на Python будет генерировать результат, показанный на изображении?",B,D,D,False,True,4.0
MMBench-ru,base,2745,Кто это?,D,A,A,False,True,4.0
MMBench-ru,base,1093,Какое изображение более красочное?,A,B,B,False,True,2.0
MMBench-ru,base,2874,Какие две команды будут участвовать в этой игре?,C,C,C,True,True,4.0
MMBench-ru,base,2799,В каком углу находятся красные бананы?,C,D,D,False,True,4.0
MMBench-ru,base,2654,Где это?,A,C,C,False,True,4.0
MMBench-ru,base,292,"Определите эмоцию, выраженную на этом изображении.",A,D,D,False,True,4.0
MMBench-ru,base,2495,"Какую работу, скорее всего, выполняет человек на изображении?",C,C,C,True,True,4.0
MMBench-ru,base,2600,Какой тип погоды изображен на картинке?,B,B,B,True,True,4.0
MMBench-ru,base,700,Какое настроение передает это изображение?,C,C,C,True,True,4.0
MMBench-ru,base,2187,"Объект, показанный на этой фигуре:",B,C,C,False,True,4.0
MMBench-ru,base,2986,В каком направлении находится Киргизия от Индии?,B,C,C,False,True,4.0
MMBench-ru,base,1002,Какое человеческое поведение описывает эта картина?,D,D,D,True,True,4.0
MMBench-ru,base,669,Какое отношение может быть между двумя людьми на этом изображении?,A,A,A,True,True,4.0
MMBench-ru,base,1893,Какова функция показанного объекта?,D,D,D,True,True,4.0
MMBench-ru,base,1554,Какое из следующих утверждений соответствует изображению?,D,D,D,True,True,4.0
MMBench-ru,base,1105,Какой термин соответствует изображению?,A,B,B,False,True,2.0
MMBench-ru,base,3790,Какой из следующих подписей лучше всего описывает это изображение?,B,B,B,True,True,4.0
MMBench-ru,base,2621,Каковы могут быть взаимоотношения этих людей на этом изображении?,C,C,C,True,True,4.0
MMBench-ru,base,2818,Какое настроение передает это изображение?,D,D,D,True,True,4.0
MMBench-ru,base,2281,Как называется показанная колония?,B,D,D,False,True,4.0
MMBench-ru,base,899,Какой код на Python может сгенерировать содержимое изображения?,A,C,C,False,True,4.0
MMBench-ru,base,2804,Сколько бананов на изображении?,B,C,C,False,True,4.0
MMBench-ru,base,1328,"Основываясь на изображении, какие преимущества для семьи в запуске воздушного змея в пасмурный день?",B,B,B,True,True,4.0
MMBench-ru,base,3452,Где это находится?,B,B,B,True,True,4.0
MMBench-ru,base,3147,"Основываясь на изображении, что может сказать мужчина, держащий свою маленькую черную собаку в шляпе, об их отношениях?",D,D,D,True,True,4.0
MMBench-ru,base,3178,Какое чувство изображено на этой картинке?,A,C,C,False,True,4.0
MMBench-ru,base,229,"Судя по изображению, что можно сказать об отношениях между людьми и слоном?",C,C,C,True,True,4.0
MMBench-ru,base,938,В каком направлении от Чёрного моря находится Украина?,A,A,A,True,True,4.0
MMBench-ru,base,3366,Какова функция продемонстрированного объекта?,A,A,A,True,True,4.0
MMBench-ru,base,131,Что произойдет дальше?,A,C,C,False,True,4.0
MMBench-ru,base,3297,Что изображено на этой картинке?,B,B,B,True,True,4.0
MMBench-ru,base,1292,"Основываясь на изображении, как женщина на картинке защищается от дождя?",B,B,B,True,True,4.0
MMBench-ru,base,1643,Каковы могут быть отношения между двумя людьми на этом изображении?,A,A,A,True,True,4.0
MMBench-ru,base,1096,Какое изображение более красочное?,B,B,B,True,True,2.0
MMBench-ru,base,271,"Исходя из изображения, какова вероятная цель этого знака на пицце?",C,C,C,True,True,4.0
MMBench-ru,base,864,Какое действие с дробями представлено этой формулой?,D,D,D,True,True,4.0
MMBench-ru,base,3740,Какова функция продемонстрированного объекта?,A,A,A,True,True,4.0
MMBench-ru,base,2323,"Основываясь на изображении, что представляет транспортная инфраструктура Лондона, включая Биг-Бен и транспортные средства?",C,C,C,True,True,4.0
MMBench-ru,base,3589,Какая профессия у людей на этой фотографии?,B,B,B,True,True,4.0
MMBench-ru,base,2940,Какой из следующих подписей лучше всего описывает это изображение?,D,D,D,True,True,4.0
MMBench-ru,base,1288,"Основываясь на изображении, какое занятие, вероятно, происходит, исходя из предметов на столе?",D,C,C,False,True,4.0
MMBench-ru,base,870,Какова наиболее вероятная цель этого постера?,C,C,C,True,True,4.0
MMBench-ru,base,2684,Какое настроение передает это изображение?,C,B,B,False,True,4.0
MMBench-ru,base,2044,"В природе, какова взаимосвязь между этими двумя существами?",C,C,C,True,True,4.0
MMBench-ru,base,1620,Какой тип окружающей среды изображен на картинке?,A,A,A,True,True,4.0
MMBench-ru,base,3623,Что это за достопримечательность и где она находится?,B,B,B,True,True,4.0
MMBench-ru,base,3745,Какова функция демонстрируемого объекта?,A,A,A,True,True,4.0
MMBench-ru,base,2633,"Можете ли вы определить время года, когда была сделана фотография?",D,D,D,True,True,4.0
MMBench-ru,base,1879,Что это за достопримечательность? И где она находится?,D,D,D,True,True,4.0
MMBench-ru,base,585,Какая погода изображена на картинке?,D,D,D,True,True,4.0
MMBench-ru,base,1084,Какое изображение более красочное?,B,B,B,True,True,2.0
MMBench-ru,base,3902,Какой код на Python может сгенерировать содержимое изображения?,A,D,D,False,True,4.0
MMBench-ru,base,1010,"В природе, какая связь между этими двумя существами?",A,A,A,True,True,4.0
MMBench-ru,base,3051,Какая из этих подписей правильная для этого изображения?,C,C,C,True,True,4.0
MMBench-ru,base,2299,Какой город является столицей штата Вашингтон?,A,D,D,False,True,4.0
MMBench-ru,base,2207,"Объект, показанный на этом рисунке:",A,B,B,False,True,4.0
MMBench-ru,base,1076,Какое изображение более красочное?,A,B,B,False,True,2.0
MMBench-ru,base,3059,Какой из этих вариантов является правильной подписью к этому изображению?,D,D,D,True,True,4.0
MMBench-ru,base,2394,"Что Трой и Джейсон могут обменять, чтобы каждый получил то, что он хочет?",C,C,C,True,True,4.0
MMBench-ru,base,1754,Какая профессия у людей на этой фотографии?,A,A,A,True,True,4.0
MMBench-ru,base,3677,Какой стиль изображен на этой картине?,B,D,D,False,True,4.0
MMBench-ru,base,2390,"Какого цвета матовый шар того же размера, что и серая металлическая вещь?",A,B,B,False,True,4.0
MMBench-ru,base,1635,"Можете определить сезон, в который была сделана фотография?",A,A,A,True,True,4.0
MMBench-ru,base,1482,Извлеките текст с изображения,B,A,A,False,True,4.0
MMBench-ru,base,898,Какова функция продемонстрированного объекта?,D,D,D,True,True,4.0
MMBench-ru,base,566,Какова функция демонстрируемого объекта?,A,A,A,True,True,4.0
MMBench-ru,base,2087,В каком растворе концентрация фиолетовых частиц выше?,C,B,B,False,True,3.0
MMBench-ru,base,2021,Какова природа отношений между этими двумя существами?,B,A,A,False,True,4.0
MMBench-ru,base,372,Где на картинке находится жираф?,D,A,A,False,True,4.0
MMBench-ru,base,3095,Какой вариант является правильной подписью к этому изображению?,B,B,B,True,True,4.0
MMBench-ru,base,192,Какой из этих вариантов является правильной подписью к этому изображению?,D,D,D,True,True,4.0
MMBench-ru,base,3527,Какого цвета этот объект?,B,B,B,True,True,4.0
MMBench-ru,base,449,Какое изображение самое яркое?,A,D,D,False,True,4.0
MMBench-ru,base,626,Какой формы этот объект?,B,D,D,False,True,4.0
MMBench-ru,base,2570,Где это находится?,B,B,B,True,True,4.0
MMBench-ru,base,655,Какое настроение передает это изображение?,A,A,A,True,True,4.0
MMBench-ru,base,3244,"Что могут обменять Остин и Виктория, чтобы каждый получил то, что хочет?",A,D,D,False,True,4.0
MMBench-ru,base,2787,В какую сторону повернута собака?,D,A,A,False,True,4.0
MMBench-ru,base,1729,Какая профессия у людей на этой фотографии?,C,C,C,True,True,4.0
MMBench-ru,base,2442,Какое изображение самое яркое?,C,D,D,False,True,4.0
MMBench-ru,base,260,Какой континент выделен?,D,A,A,False,True,4.0
MMBench-ru,base,1576,Какова основная тема изображения?,C,D,D,False,True,4.0
MMBench-ru,base,1563,Как называется этот университет?,B,D,D,False,True,4.0
MMBench-ru,base,2440,Как называется эта фотография?,C,C,C,True,True,4.0
MMBench-ru,base,1917,Какова функция продемонстрированного объекта?,C,B,B,False,True,4.0
MMBench-ru,base,2167,"Объект, показанный на этой фигуре:",B,B,B,True,True,4.0
MMBench-ru,base,1029,Какой из следующих подписей лучше всего описывает это изображение?,B,B,B,True,True,4.0
MMBench-ru,base,2266,"На основе изображения, какова основная цель сцены?",C,C,C,True,True,4.0
MMBench-ru,base,3525,Какого цвета этот объект?,C,C,C,True,True,4.0
MMBench-ru,base,47,Какая картинка более красочная?,B,A,A,False,True,2.0
MMBench-ru,base,2786,Сколько здесь собак?,A,A,A,True,True,4.0
MMBench-ru,base,2952,В каком направлении находится Франция в Средиземном море?,B,C,C,False,True,4.0
MMBench-ru,base,469,Кто изображен на этой фотографии?,B,D,D,False,True,4.0
MMBench-ru,base,2792,Где велосипед?,C,D,D,False,True,4.0
MMBench-ru,base,3624,Сколько бананов на изображении?,A,D,D,False,True,4.0
MMBench-ru,base,2199,Какая подпись подходит к этому изображению?,C,C,C,True,True,4.0
MMBench-ru,base,3075,Какой из вариантов является правильной подписью к этому изображению?,A,A,A,True,True,4.0
MMBench-ru,base,1092,Какая из этих колоний была Южной Колонией?,A,A,A,True,True,2.0
MMBench-ru,base,3148,Как называется показанная колония?,B,A,A,False,True,4.0
MMBench-ru,base,2625,Каковы могут быть взаимоотношения между двумя людьми на этом изображении?,B,B,B,True,True,4.0
MMBench-ru,base,3865,"В природе, какое отношение между этими двумя существами?",A,D,D,False,True,4.0
MMBench-ru,base,3908,Какое человеческое поведение описывает эта картина?,A,A,A,True,True,4.0
MMBench-ru,base,1202,Что произойдет дальше?,C,D,D,False,True,4.0
MMBench-ru,base,1780,Что это?,B,A,A,False,True,4.0
MMBench-ru,base,647,Какую эмоцию выражает этот эмодзи?,A,A,A,True,True,4.0
MMBench-ru,base,1858,Какой стиль изображен на этой картине?,A,C,C,False,True,4.0
MMBench-ru,base,13,Какая из картинок более красочная?,A,A,A,True,True,2.0
MMBench-ru,base,2957,В каком направлении находится Северная Корея от Южной Кореи?,B,C,C,False,True,4.0
MMBench-ru,base,3587,Какая профессия у людей на этой картинке?,C,C,C,True,True,4.0
MMBench-ru,base,2947,Какой из следующих подписей лучше всего описывает это изображение?,C,C,C,True,True,4.0
MMBench-ru,base,1078,Какая картинка более красочная?,A,B,B,False,True,2.0
MMBench-ru,base,2050,Какой код на Python может сгенерировать содержимое изображения?,C,D,D,False,True,4.0
MMBench-ru,base,3120,"Основываясь на изображении, какой аспект внешности женщины больше всего способствует впечатлению игривости?",A,D,D,False,True,4.0
MMBench-ru,base,731,Какой может быть связь между двумя людьми на этом изображении?,B,C,C,False,True,4.0
MMBench-ru,base,2079,Какой вид человеческого поведения описан на этой картинке?,C,C,C,True,True,4.0
MMBench-ru,base,435,Что изображено на этой фотографии?,A,C,C,False,True,4.0
MMBench-ru,base,3565,Какая профессия у людей на этой картинке?,C,C,C,True,True,4.0
MMBench-ru,base,2561,Как называется это здание?,C,C,C,True,True,4.0
MMBench-ru,base,1222,Что верно в отношении ураганов?,C,C,C,True,True,3.0
MMBench-ru,base,3447,Какой тип окружающей среды изображен на картинке?,C,C,C,True,True,4.0
MMBench-ru,base,2617,На картинке изображён гористый ландшафт или прибрежный ландшафт?,B,B,B,True,True,4.0
MMBench-ru,base,3695,К какой категории относится это изображение?,A,C,C,False,True,4.0
MMBench-ru,base,2494,Какое изображение показывает наибольшую яркость цветов?,D,C,C,False,True,4.0
MMBench-ru,base,3883,"В природе, каковы отношения между этими двумя существами?",C,C,C,True,True,4.0
MMBench-ru,base,3736,Какой код на Python может сгенерировать содержимое изображения?,D,D,D,True,True,4.0
MMBench-ru,base,1531,Каковы отношения между людьми на изображении?,A,A,A,True,True,4.0
MMBench-ru,base,3123,Какая столица Аляски?,C,A,A,False,True,4.0
MMBench-ru,base,661,Какое настроение передает это изображение?,A,A,A,True,True,4.0
MMBench-ru,base,2209,Какой из вариантов является правильным описанием этого изображения?,A,A,A,True,True,4.0
MMBench-ru,base,3189,Определите художественный стиль этого изображения.,D,D,D,True,True,4.0
MMBench-ru,base,2172,Подумайте о магнитной силе между магнитами в каждой паре. Какое из следующих утверждений верно?,C,B,B,False,True,3.0
MMBench-ru,base,2,Это место многолюдное?,A,B,B,False,True,2.0
MMBench-ru,base,2453,Кто изображён на этом снимке?,C,C,C,True,True,4.0
MMBench-ru,base,1327,"Основываясь на изображении, что можно сказать об отношениях между мужчиной и его маленькой черной собакой в шляпе?",B,B,B,True,True,4.0
MMBench-ru,base,2001,В каком направлении находится Сирия относительно Средиземного моря?,B,A,A,False,True,4.0
MMBench-ru,base,79,"Есть объект, который находится и слева от серой сферы, и справа от маленького цилиндра; какой это формы?",A,C,C,False,True,3.0
MMBench-ru,base,458,Какой категории сцены лучше всего соответствует это изображение?,B,B,B,True,True,4.0
MMBench-ru,base,1486,"Какой текст может быть связан с этим изображением, размещённым в Твиттере?",B,B,B,True,True,4.0
MMBench-ru,base,3599,Какая профессия у людей на этой картинке?,A,A,A,True,True,4.0
MMBench-ru,base,3406,"На картинке изображена сцена химического эксперимента. Пожалуйста, выберите исходные материалы, которые могут быть использованы в этом эксперименте.",A,C,C,False,True,4.0
MMBench-ru,base,3304,Какое изображение самое яркое?,D,D,D,True,True,4.0
MMBench-ru,base,1259,Какой из предложенных вариантов является правильным заголовком для этого изображения?,B,B,B,True,True,4.0
MMBench-ru,base,980,Какое поведение человека описывает эта картинка?,A,A,A,True,True,4.0
MMBench-ru,base,237,"Основываясь на продвижении здорового баланса между временем перед экраном и другими видами деятельности, какая стратегия направлена на вовлечение ребёнка в семейные активности?",D,D,D,True,True,4.0
MMBench-ru,base,986,Какое человеческое поведение описывает эта картинка?,A,A,A,True,True,4.0
MMBench-ru,base,3596,Какая профессия у людей на этой картинке?,B,B,B,True,True,4.0
MMBench-ru,base,3772,Какой из следующих подписей лучше всего описывает это изображение?,B,B,B,True,True,4.0
MMBench-ru,base,3842,В каком направлении находится Замбия от Мадагаскара?,C,D,D,False,True,4.0
MMBench-ru,base,350,Какого цвета крошечный блестящий цилиндр?,D,C,C,False,True,4.0
MMBench-ru,base,2997,В каком направлении от Афганистана находится Туркменистан?,B,C,C,False,True,4.0
MMBench-ru,base,1990,В каком направлении находится Китай от Японии?,D,B,B,False,True,4.0
MMBench-ru,base,3342,"Какой текст может быть связан с этим изображением, опубликованным в Твиттере?",D,D,D,True,True,4.0
MMBench-ru,base,283,"Что должен сделать мужчина перед тем, как начать заниматься серфингом, чтобы обеспечить свою безопасность?",A,A,A,True,True,4.0
MMBench-ru,base,3115,"Исходя из изображения, что выделяет Quick Stop Groceries среди других продуктовых магазинов?",A,A,A,True,True,4.0
MMBench-ru,base,2181,"Объект, показанный на рисунке:",C,B,B,False,True,4.0
MMBench-ru,base,3136,"На основе изображения, как женщина на картинке защищается от дождя?",D,D,D,True,True,4.0
MMBench-ru,base,515,Где это?,B,B,B,True,True,4.0
MMBench-ru,base,525,Где это находится?,A,C,C,False,True,4.0
MMBench-ru,base,2702,Какая профессия у людей на этой фотографии?,D,D,D,True,True,4.0
MMBench-ru,base,1946,Какой код на Python может сгенерировать содержимое изображения?,D,D,D,True,True,4.0
MMBench-ru,base,2251,Какие из следующих действий будут наименее ожидаемыми для женщины в дождливую погоду?,A,D,D,False,True,4.0
MMBench-ru,base,676,Какое главное событие изображено на этом изображении?,B,D,D,False,True,4.0
MMBench-ru,base,1085,Каким образом можно описать экосистему пустыни Большая Виктория?,A,A,A,True,True,2.0
MMBench-ru,base,2161,"В природе, какова взаимосвязь между этими двумя существами?",B,B,B,True,True,4.0
MMBench-ru,base,3573,Какое настроение передает это изображение?,B,B,B,True,True,4.0
MMBench-ru,base,2484,Какая из картинок показывает самый высокий контраст?,B,C,C,False,True,4.0
MMBench-ru,base,1733,Какое настроение передает это изображение?,A,A,A,True,True,4.0
MMBench-ru,base,867,Какой код на Python может сгенерировать содержимое изображения?,B,D,D,False,True,4.0
MMBench-ru,base,2208,"Объект, показанный на этой фигуре:",D,C,C,False,True,4.0
MMBench-ru,base,3093,Какой из этих вариантов является правильной подписью к этому изображению?,B,B,B,True,True,4.0
MMBench-ru,base,2989,В каком направлении находится Австралия от Новой Зеландии?,B,C,C,False,True,4.0
MMBench-ru,base,2825,К какой категории относится это изображение?,B,B,B,True,True,4.0
MMBench-ru,base,823,что это за достопримечательность? И где она находится?,B,B,B,True,True,4.0
MMBench-ru,base,2920,"Какая формула даст тот же результат, что и формула на рисунке?",C,C,C,True,True,4.0
MMBench-ru,base,1276,Какая подпись к этому изображению правильная?,A,A,A,True,True,4.0
MMBench-ru,base,1634,"Можете определить, в какое время года была сделана фотография?",C,C,C,True,True,4.0
MMBench-ru,base,2751,Где кошка?,D,D,D,True,True,4.0
MMBench-ru,base,3881,"В природе, какое отношение между этими двумя существами?",A,A,A,True,True,4.0
MMBench-ru,base,1529,Какое отношение между людьми на изображении?,A,C,C,False,True,4.0
MMBench-ru,base,1794,Сколько бананов на картинке?,C,D,D,False,True,4.0
MMBench-ru,base,2119,Каковы природные отношения между этими животными?,B,B,B,True,True,3.0
MMBench-ru,base,1849,К какой категории относится это изображение?,D,D,D,True,True,4.0
MMBench-ru,base,495,Какова функция продемонстрированного объекта?,B,B,B,True,True,4.0
MMBench-ru,base,1015,"В природе, каковы отношения между этими двумя существами?",A,D,D,False,True,4.0
MMBench-ru,base,920,Какой из следующих подписей лучше всего описывает это изображение?,C,C,C,True,True,4.0
MMBench-ru,base,262,"Основываясь на изображении, что можно сказать о чувстве моды и стиле женщины?",A,A,A,True,True,4.0
MMBench-ru,base,1384,"Основываясь на изображении, какие есть преимущества для здоровья от употребления блюда, описанного на картинке?",C,A,A,False,True,4.0
MMBench-ru,base,86,Какой термин соответствует изображению?,B,A,A,False,True,2.0
MMBench-ru,base,2409,Примерно какую часть изображения занимает слон на картинке?,B,B,B,True,True,4.0
MMBench-ru,base,2268,"На основании изображения, какие факторы должны учитывать группа людей с досками для серфинга перед участием в их пляжной активности?",C,D,D,False,True,4.0
MMBench-ru,base,942,Какой из следующих подписей лучше всего описывает это изображение?,C,C,C,True,True,4.0
MMBench-ru,base,2410,Где на картинке находится брокколи?,A,D,D,False,True,4.0
MMBench-ru,base,3877,"В природе, какие взаимоотношения между этими двумя существами?",A,A,A,True,True,4.0
MMBench-ru,base,29,Какое изображение более яркое?,A,A,A,True,True,2.0
MMBench-ru,base,290,Какое чувство изображено на этой картинке?,C,B,B,False,True,4.0
MMBench-ru,base,2899,Какой код на Python может сгенерировать содержимое изображения?,C,D,D,False,True,4.0
MMBench-ru,base,2584,Какой тип окружающей среды изображен на фотографии?,C,C,C,True,True,4.0
MMBench-ru,base,241,Какой из этих штатов находится дальше всего на восток?,C,D,D,False,True,4.0
MMBench-ru,base,937,Какой из следующих подписей лучше всего описывает это изображение?,C,C,C,True,True,4.0
MMBench-ru,base,276,Какое название у показанной колонии?,D,B,B,False,True,4.0
MMBench-ru,base,128,Что произойдет дальше? ,B,C,C,False,True,4.0
MMBench-ru,base,3521,Какой формы этот объект?,D,A,A,False,True,4.0
MMBench-ru,base,1353,Какой термин соответствует изображению?,A,A,A,True,True,2.0
MMBench-ru,base,3615,Кто этот человек?,C,A,A,False,True,4.0
MMBench-ru,base,2105,Каковы природные взаимоотношения этих животных?,A,A,A,True,True,3.0
MMBench-ru,base,974,Какой из следующих заголовков лучше всего описывает это изображение?,A,A,A,True,True,4.0
MMBench-ru,base,1140,Какая черта есть у этой рыжей белки?,B,B,B,True,True,2.0
MMBench-ru,base,2740,Какая профессия у людей на этой картине?,D,D,D,True,True,4.0
MMBench-ru,base,1988,Какая из следующих подписей лучше всего описывает это изображение?,C,C,C,True,True,4.0
MMBench-ru,base,877,Какова наиболее вероятная цель этого постера?,B,B,B,True,True,4.0
MMBench-ru,base,3641,В каком углу нет никакой еды?,C,B,B,False,True,4.0
MMBench-ru,base,541,Где находится овца?,B,B,B,True,True,4.0
MMBench-ru,base,2962,Какой из следующих подписей лучше всего описывает это изображение?,D,D,D,True,True,4.0
MMBench-ru,base,2338,Какая эмоция изображена на этом изображении?,A,D,D,False,True,4.0
MMBench-ru,base,2360,Какое чувство изображено на этом изображении?,A,A,A,True,True,4.0
MMBench-ru,base,1936,"Площадь какой фигуры можно вычислить, используя формулу на этой картинке?",B,B,B,True,True,4.0
MMBench-ru,base,995,"В природе, какова взаимосвязь между этими двумя существами?",D,D,D,True,True,4.0
MMBench-ru,base,3213,Какое действие выполняется на этом изображении?,C,C,C,True,True,4.0
MMBench-ru,base,1937,С каким особым днем связан этот постер?,B,B,B,True,True,4.0
MMBench-ru,base,3307,На каком изображении самая высокая резкость?,A,A,A,True,True,4.0
MMBench-ru,base,1667,Какое может быть отношение между двумя людьми на этом изображении?,D,B,B,False,True,4.0
MMBench-ru,base,779,К какой категории принадлежит это изображение?,D,D,D,True,True,4.0
MMBench-ru,base,386,Где на картинке находится медведь?,C,C,C,True,True,4.0
MMBench-ru,base,397,Какое из следующих утверждений описывает жизнь в независимом городе-государстве?,A,A,A,True,True,4.0
MMBench-ru,base,2699,Какое настроение передаёт это изображение?,A,A,A,True,True,4.0
MMBench-ru,base,1765,Какое предложение правильно описывает капибар?,A,D,D,False,True,4.0
MMBench-ru,base,1451,Какое движение изображение хочет передать?,C,D,D,False,True,4.0
MMBench-ru,base,1734,Какая профессия у людей на этом изображении?,B,B,B,True,True,4.0
MMBench-ru,base,1683,Каковы могут быть отношения между двумя людьми на этом изображении?,B,B,B,True,True,4.0
MMBench-ru,base,1912,Какая операция с дробями представлена этой формулой?,B,A,A,False,True,4.0
MMBench-ru,base,3538,Какую эмоцию выражает этот смайлик?,A,A,A,True,True,4.0
MMBench-ru,base,3799,Какой из следующих заголовков лучше всего описывает это изображение?,B,B,B,True,True,4.0
MMBench-ru,base,221,"Объект, показанный на этой фигуре:",D,C,C,False,True,4.0
MMBench-ru,base,2758,Сколько здесь собак?,D,B,B,False,True,4.0
MMBench-ru,base,2676,Какое настроение передает это изображение?,D,D,D,True,True,4.0
MMBench-ru,base,2646,Какова может быть связь между двумя людьми на этом изображении?,C,C,C,True,True,4.0
MMBench-ru,base,403,Что изображено на этой картинке?,C,C,C,True,True,4.0
MMBench-ru,base,248,Какой город является столицей штата Небраска?,B,A,A,False,True,4.0
MMBench-ru,base,1649,Какое из следующих утверждений соответствует изображению?,B,C,C,False,True,4.0
MMBench-ru,base,2982,Какой из следующих описаний лучше всего описывает это изображение?,A,A,A,True,True,4.0
MMBench-ru,base,1389,"Международная организация состоит из членов (), которые ().",C,D,D,False,True,4.0
MMBench-ru,base,3279,Что изображено на этой картинке?,D,A,A,False,True,4.0
MMBench-ru,base,3835,Какая из следующих подписей лучше всего описывает это изображение?,A,A,A,True,True,4.0
MMBench-ru,base,447,Какое изображение является самым ярким?,B,A,A,False,True,4.0
MMBench-ru,base,1018,Какое человеческое поведение описано на этом изображении?,C,C,C,True,True,4.0
MMBench-ru,base,784,кто этот человек?,C,B,B,False,True,4.0
MMBench-ru,base,3588,Какая профессия у людей на этом изображении?,A,D,D,False,True,4.0
MMBench-ru,base,3846,"В природе, какова связь между этими двумя существами?",D,A,A,False,True,4.0
MMBench-ru,base,1837,К какому стилю относится это изображение?,A,A,A,True,True,4.0
MMBench-ru,base,574,Какое главное событие изображено на этом изображении?,C,D,D,False,True,4.0
MMBench-ru,base,3893,Какое человеческое поведение описано на этой картинке?,D,D,D,True,True,4.0
MMBench-ru,base,751,В каком углу находится яблоко?,C,B,B,False,True,4.0
MMBench-ru,base,3603,Кто этот человек?,C,A,A,False,True,4.0
MMBench-ru,base,1894,Какова функция демонстрируемого объекта?,D,D,D,True,True,4.0
MMBench-ru,base,1023,Каковы взаимоотношения между этими двумя существами в природе?,B,B,B,True,True,4.0
MMBench-ru,base,308,Этот образец изображает какой стиль?,A,A,A,True,True,4.0
MMBench-ru,base,1815,Сколько здесь собак?,D,D,D,True,True,4.0
MMBench-ru,base,3309,Кто изображен на этой фотографии?,C,C,C,True,True,4.0
MMBench-ru,base,3528,Какого цвета этот объект?,D,D,D,True,True,4.0
MMBench-ru,base,3506,Какой формы этот объект?,C,C,C,True,True,4.0
MMBench-ru,base,2254,"Исходя из изображения, какое действие, вероятно, выполняется на основе предметов на столе?",A,D,D,False,True,4.0
MMBench-ru,base,401,Сколько собак на этом изображении?,A,A,A,True,True,4.0
MMBench-ru,base,207,Какой вариант является правильным описанием этого изображения?,B,B,B,True,True,4.0
MMBench-ru,base,2671,Какова форма этого объекта?,A,A,A,True,True,4.0
MMBench-ru,base,2214,Какой вариант является правильной подписью к этому изображению?,C,C,C,True,True,4.0
MMBench-ru,base,3424,Что правильно?,B,B,B,True,True,4.0
MMBench-ru,base,60,Что лучше описывает экосистемы приливных бассейнов в заповеднике Tongue Point Marine Life Sanctuary?,B,B,B,True,True,2.0
MMBench-ru,base,382,Сколько компьютерных мониторов на этой картинке?,D,C,C,False,True,4.0
MMBench-ru,base,3086,Какая из этих подписей правильно описывает это изображение?,B,B,B,True,True,4.0
MMBench-ru,base,3476,Каковы могут быть отношения между двумя людьми на этом изображении?,D,D,D,True,True,4.0
MMBench-ru,base,968,В каком направлении находится Канада в Атлантическом океане?,C,A,A,False,True,4.0
MMBench-ru,base,681,Какая профессия у людей на этой картинке?,B,B,B,True,True,4.0
MMBench-ru,base,1664,Какое отношение могут иметь эти люди на изображении?,C,C,C,True,True,4.0
MMBench-ru,base,1989,В каком направлении находится Франция в Средиземном море?,A,B,B,False,True,4.0
MMBench-ru,base,1971,Какой из следующих заголовков лучше всего описывает это изображение?,D,D,D,True,True,4.0
MMBench-ru,base,875,Что хочет выразить эта картинка?,B,B,B,True,True,4.0
MMBench-ru,base,1642,Какая погода изображена на картинке?,A,TRUN nahilalakip nahilalakip nahilalakip,A,True,True,4.0
MMBench-ru,base,240,Какая из подписей к изображению правильная?,A,TRICKER,C,False,True,4.0
MMBench-ru,base,674,Какое настроение передает это изображение?,C,TRUMBLE,B,False,True,4.0
MMBench-ru,base,1552,Какой вариант правильно описывает взаимное расположение объектов на изображении?,D,TRICKER,C,False,True,4.0
MMBench-ru,base,8,Какая картина более яркая?,A,TRB,B,False,True,2.0
MMBench-ru,base,1599,"Исходя из изображения, где находится ноутбук?",C,TRUNUTK ON,,False,True,4.0
MMBench-ru,base,1086,Кожа какого животного также адаптирована для выживания в холодных местах?,A,TRB,B,False,True,2.0
MMBench-ru,base,3211,Какое из следующих утверждений описывает жизнь в независимом городе-государстве?,D,The correct answer is D,C,False,True,4.0
MMBench-ru,base,3215,"После окончания Аккадской империи, многие города и империи пытались контролировать Месопотамию. Около 1790 года до н.э., какая империя начала контролировать Месопотамию?",A,D,D,False,True,4.0
MMBench-ru,base,1863,К какой категории относится это изображение?,A,A,A,True,True,4.0
MMBench-ru,base,1168,"В изображении-сравнении, одинаковой ли формы левые и правые модули?",B,C,C,False,True,3.0
MMBench-ru,base,1732,Какое настроение передаёт это изображение?,B,B,B,True,True,4.0
MMBench-ru,base,2853,К какой категории относится это изображение?,C,C,C,True,True,4.0
MMBench-ru,base,2992,В каком направлении от Кыргызстана находится Индия?,D,C,C,False,True,4.0
MMBench-ru,base,3208,Определите стиль этого изображения.,C,C,C,True,True,4.0
MMBench-ru,base,2276,"Судя по изображению, какова вероятная цель знака на пицце?",A,A,A,True,True,4.0
MMBench-ru,base,2711,Какое настроение передает это изображение?,B,C,C,False,True,4.0
MMBench-ru,base,2942,Какой из следующих подписей лучше всего описывает это изображение?,B,B,B,True,True,4.0
MMBench-ru,base,1993,"Какой код на Python создаст результат, показанный на изображении?",D,D,D,True,True,4.0
MMBench-ru,base,634,Какой формы этот объект?,C,C,C,True,True,4.0
MMBench-ru,base,777,В каком направлении смотрит человек?,A,A,A,True,True,4.0
MMBench-ru,base,1215,"В Соединённых Штатах существует федеральная система. Основываясь на этих определениях, какое из следующих утверждений скорее всего будет сделано человеком, который живет при федеральной системе?",B,B,B,True,True,3.0
MMBench-ru,base,891,Какая операция с дробями представлена этой формулой?,B,D,D,False,True,4.0
MMBench-ru,base,239,Что является столицей штата Вашингтон?,C,B,B,False,True,4.0
MMBench-ru,base,2372,Какое из следующих утверждений описывает жизнь в независимом городе-государстве?,C,C,C,True,True,4.0
MMBench-ru,base,3013,"В природе, каковы взаимоотношения между этими двумя существами?",C,B,B,False,True,4.0
MMBench-ru,base,2220,Какой вариант является правильным описанием этого изображения?,D,D,D,True,True,4.0
MMBench-ru,base,249,"Объект, показанный на этой фигуре:",D,D,D,True,True,4.0
MMBench-ru,base,3063,Какая подпись правильно описывает это изображение?,B,B,B,True,True,4.0
MMBench-ru,base,1284,"Исходя из изображения, какова вероятная цель знака на пицце?",D,D,D,True,True,4.0
MMBench-ru,base,234,"Глядя на изображение, какова цель использования зонта человеком, идущим под дождем?",C,C,C,True,True,4.0
MMBench-ru,base,205,Какой из этих вариантов является правильным описанием этого изображения?,C,C,C,True,True,4.0
MMBench-ru,base,2392,Какое движение хочет передать это изображение?,C,C,C,True,True,4.0
MMBench-ru,base,1952,Какая из следующих подписей лучше всего описывает это изображение?,B,B,B,True,True,4.0
MMBench-ru,base,2059,"В природе, какова взаимосвязь между этими двумя существами?",B,A,A,False,True,4.0
MMBench-ru,base,3492,Какова может быть связь между двумя людьми на этом изображении?,A,B,B,False,True,4.0
MMBench-ru,base,2175,"Судя по карте, что было правдой в отношении Шелкового пути около 1300 года н.э.?",C,C,C,True,True,3.0
MMBench-ru,base,644,Какое достижение на этом изображении?,D,D,D,True,True,4.0
MMBench-ru,base,232,Что символизирует рукопожатие между двумя мужчинами на изображении?,A,D,D,False,True,4.0
MMBench-ru,base,2080,Подумайте о магнитной силе между магнитами в каждой паре. Какое из следующих утверждений верно?,B,C,C,False,True,3.0
MMBench-ru,base,328,Определите художественный стиль этого изображения.,D,D,D,True,True,4.0
MMBench-ru,base,3487,Каковы могут быть отношения между двумя людьми на этом изображении?,A,D,D,False,True,4.0
MMBench-ru,base,761,Сколько яблок на изображении? И сколько бананов?,A,B,B,False,True,4.0
MMBench-ru,base,280,"Опираясь на изображение, что говорит контраст между ярко-синим скейтбордом и человеком, который его несет?",B,B,B,True,True,4.0
MMBench-ru,base,2437,Сколько коров на этой картинке?,A,A,A,True,True,4.0
MMBench-ru,base,278,Как называется показанная колония?,B,D,D,False,True,4.0
MMBench-ru,base,2765,Кто этот человек?,B,A,A,False,True,4.0
MMBench-ru,base,963,Какой из следующих описаний лучше всего соответствует этому изображению?,D,D,D,True,True,4.0
MMBench-ru,base,1653,Какой может быть связь между двумя людьми на этом изображении?,D,TRUNUNUNUN,,False,True,4.0
MMBench-ru,base,491,Какой вариант правильно описывает взаимное расположение объектов на изображении?,C,TRONTO,,False,True,4.0
MMBench-ru,base,2333,Определите художественный стиль этого изображения.,C,TR nahilalakip nahilalakip nahilalakip nahilalakip,A,False,True,4.0
MMBench-ru,base,1008,Какое человеческое поведение описано на этой картинке?,B,The correct answer is B,C,False,True,4.0
MMBench-ru,base,2371,Какое действие выполняется на этом изображении?,B,TRAMPOLINE,A,False,True,4.0
MMBench-ru,base,2435,Извлечь текст из изображения,A,TRUNOFF,,False,True,4.0
MMBench-ru,base,162,"Объект, показанный на этой фигуре:",A,TRUN Paglinawan Paglinawan Paglinawan,A,True,True,4.0
MMBench-ru,base,2536,Как называется этот город?,C,TR nahilalakip nahilalakip nahilalakip nahilalakip,A,False,True,4.0
MMBench-ru,base,335,Международная организация состоит из членов () которые ().,B,B,B,True,True,4.0
MMBench-ru,base,1717,Какое настроение передает это изображение?,A,A,A,True,True,4.0
MMBench-ru,base,2692,Какое настроение передает это изображение?,C,C,C,True,True,4.0
MMBench-ru,base,3748,"Какой код на Python сгенерирует результат, показанный на изображении?",D,D,D,True,True,4.0
MMBench-ru,base,2315,Какое из следующих утверждений описывает жизнь в независимом городе-государстве?,C,C,C,True,True,4.0
MMBench-ru,base,2141,Что произойдет дальше?,A,A,A,True,True,4.0
MMBench-ru,base,1295,Какая столица штата Вашингтон?,D,C,C,False,True,4.0
MMBench-ru,base,1068,Какое изображение более яркое?,B,B,B,True,True,2.0
MMBench-ru,base,836,Какова функция демонстрируемого объекта?,C,C,C,True,True,4.0
MMBench-ru,base,2743,Кто этот человек?,A,D,D,False,True,4.0
MMBench-ru,base,2933,"Какая формула имеет такой же результат вычисления, как и формула на рисунке?",B,C,C,False,True,4.0
MMBench-ru,base,1286,Какой из следующих вариантов является правильной подписью к этому изображению?,B,B,B,True,True,4.0
MMBench-ru,base,977,Какой из следующих подписей лучше всего описывает это изображение?,B,B,B,True,True,4.0
MMBench-ru,base,1087,"Дополните текст, чтобы описать диаграмму.
Частицы растворенного вещества двигались в обоих направлениях через проницаемую мембрану. Но больше частиц растворенного вещества перемещалось через мембрану (). Когда концентрация на обеих сторонах стала равной, частицы достигли равновесия.",B,B,B,True,True,2.0
MMBench-ru,base,1621,Что является основной темой изображения?,C,A,A,False,True,4.0
MMBench-ru,base,536,Какова основная тема изображения?,C,C,C,True,True,4.0
MMBench-ru,base,3633,Сколько яблок на изображении? И сколько бананов?,C,C,C,True,True,4.0
MMBench-ru,base,2643,"Можете ли вы определить время года, когда была сделана эта фотография?",A,A,A,True,True,4.0
MMBench-ru,base,1228,"Объект, показанный на этом рисунке:",C,C,C,True,True,4.0
MMBench-ru,base,1872,В каком стиле выполнена эта картина?,B,B,B,True,True,4.0
MMBench-ru,base,3854,"В природе, какова связь между этими двумя существами?",D,C,C,False,True,4.0
MMBench-ru,base,3079,Какой из этих вариантов наиболее подходит в качестве подписи к этому изображению?,B,B,B,True,True,4.0
MMBench-ru,base,297,"Судя по изображению, какова вероятная цель использования этого утилитарного транспортного средства в данной ситуации?",A,A,A,True,True,4.0
MMBench-ru,base,38,Какой из следующих ископаемых моложе? Выберите наиболее вероятный ответ.,B,B,B,True,True,2.0
MMBench-ru,base,1877,К какому типу принадлежит это изображение?,A,A,A,True,True,4.0
MMBench-ru,base,2544,Какова функция продемонстрированного объекта?,C,C,C,True,True,4.0
MMBench-ru,base,2306,Как называется показанная колония?,D,B,B,False,True,4.0
MMBench-ru,base,409,Извлечь текст из изображения,A,B,B,False,True,4.0
MMBench-ru,base,300,Какое чувство представлено на этом изображении?,B,B,B,True,True,4.0
MMBench-ru,base,2202,Какой из вариантов надписи для этого изображения является правильным?,A,A,A,True,True,4.0
MMBench-ru,base,873,Какова функция продемонстрированного объекта?,A,D,D,False,True,4.0
MMBench-ru,base,2072,Какое поведение человека описывает эта картина?,A,D,D,False,True,4.0
MMBench-ru,base,3738,С каким особым днём связан этот постер?,A,A,A,True,True,4.0
MMBench-ru,base,542,Какова функция демонстрируемого объекта?,D,D,D,True,True,4.0
MMBench-ru,base,1429,В какую сторону смотрит этот человек на фотографии?,B,B,B,True,True,4.0
MMBench-ru,base,281,"Объект, показанный на этом рисунке:",D,D,D,True,True,4.0
MMBench-ru,base,1000,"В природе, каковы отношения между этими двумя существами?",A,B,B,False,True,4.0
MMBench-ru,base,1513,Каковы отношения между людьми на изображении?,D,D,D,True,True,4.0
MMBench-ru,base,1167,"На данном сравнительном изображении, имеют ли левые и правые модули одинаковую форму?",B,C,C,False,True,3.0
MMBench-ru,base,646,Какого цвета этот объект?,D,D,D,True,True,4.0
MMBench-ru,base,3630,Сколько видов фруктов изображено на картинке?,B,D,D,False,True,4.0
MMBench-ru,base,3415,Как называется это здание?,D,D,D,True,True,4.0
MMBench-ru,base,2225,"В Соединенных Штатах действует федеральная система. Исходя из этих определений, какое из следующих утверждений скорее всего будет сделано человеком, живущим при федеральной системе?",B,B,B,True,True,3.0
MMBench-ru,base,2881,Какова функция показанного объекта?,A,A,A,True,True,4.0
MMBench-ru,base,1239,Какая подпись правильная для этого изображения?,B,B,B,True,True,4.0
MMBench-ru,base,2505,Что изображено на этом снимке?,A,A,A,True,True,4.0
MMBench-ru,base,3850,"В природе, какая взаимосвязь между этими двумя существами?",D,A,A,False,True,4.0
MMBench-ru,base,2678,Какова форма этого объекта?,C,D,D,False,True,4.0
MMBench-ru,base,2166,"На основе временной шкалы, какое из следующих утверждений является верным?",C,B,B,False,True,3.0
MMBench-ru,base,32,Какое изображение более яркое?,B,A,A,False,True,2.0
MMBench-ru,base,2735,Каковы могут быть отношения между этими людьми на изображении?,B,D,D,False,True,4.0
MMBench-ru,base,3346,"Какую работу, скорее всего, выполняет человек на изображении?",A,A,A,True,True,4.0
MMBench-ru,base,2271,"Почему формирование сильных социальных связей с другими самками может повысить репродуктивный успех самки павиана? Завершите утверждение ниже, которое отвечает на этот вопрос и наиболее полно поддерживается приведённым отрывком.
Формирование сильных социальных связей с другими самками увеличивает шансы на то, что ().",C,B,B,False,True,3.0
MMBench-ru,base,1226,Что такое пальцы бананового растения?,B,A,A,False,True,2.0
MMBench-ru,base,2717,Какая профессия у людей на этой картинке?,D,D,D,True,True,4.0
MMBench-ru,base,424,Какое изображение самое яркое?,B,A,A,False,True,4.0
MMBench-ru,base,550,Какой тип окружающей среды изображён на картинке?,A,A,A,True,True,4.0
MMBench-ru,base,3851,Какова природа взаимоотношений между этими двумя существами в природе?,D,A,A,False,True,4.0
MMBench-ru,base,472,"Какой текст может быть связан с этим изображением, опубликованным в твиттере?",A,D,D,False,True,4.0
MMBench-ru,base,438,Какое изображение самое четкое?,C,C,C,True,True,4.0
MMBench-ru,base,3040,Какое поведение человека описывает эта картинка?,C,C,C,True,True,4.0
MMBench-ru,base,3722,Какова функция продемонстрированного объекта?,B,B,B,True,True,4.0
MMBench-ru,base,3863,Какое человеческое поведение описывает эта картинка?,D,D,D,True,True,4.0
MMBench-ru,base,1115,Какова природа взаимоотношений этих животных?,A,A,A,True,True,3.0
MMBench-ru,base,1154,Какой термин соответствует картинке?,B,B,B,True,True,2.0
MMBench-ru,base,2477,Сколько грузовиков на этом фото?,C,C,C,True,True,4.0
MMBench-ru,base,862,Какова функция продемонстрированного объекта?,B,B,B,True,True,4.0
MMBench-ru,base,2939,Какой из следующих подписей лучше всего описывает это изображение?,A,A,A,True,True,4.0
MMBench-ru,base,1404,Где находятся две зебры на рисунке?,C,B,B,False,True,4.0
MMBench-ru,base,833,Какова функция продемонстрированного объекта?,C,D,D,False,True,4.0
MMBench-ru,base,2815,К какой категории относится это изображение?,C,C,C,True,True,4.0
MMBench-ru,base,2597,"На основе изображения, каково отношение между цветами и вазой?",C,C,C,True,True,4.0
MMBench-ru,base,1081,"Согласно цепочке событий, когда Тинкер Белл была отравлена?",A,B,B,False,True,2.0
MMBench-ru,base,2070,Подумай о магнитной силе между магнитами в каждой паре. Какое из следующих утверждений верное?,C,C,C,True,True,3.0
MMBench-ru,base,3675,В каком стиле выполнена эта картина?,D,C,C,False,True,4.0
MMBench-ru,base,1028,Какое человеческое поведение описывает эта картина?,A,A,A,True,True,4.0
MMBench-ru,base,208,Какой из вариантов правильно описывает это изображение?,C,C,C,True,True,4.0
MMBench-ru,base,378,Сколько грузовиков на этой фотографии?,A,B,B,False,True,4.0
MMBench-ru,base,2598,Какой тип погоды изображен на картинке?,A,C,C,False,True,4.0
MMBench-ru,base,3582,Какая профессия у людей на этой фотографии?,D,D,D,True,True,4.0
MMBench-ru,base,3839,В каком направлении находится Новая Зеландия от Австралии?,B,D,D,False,True,4.0
MMBench-ru,base,1133,Какое изображение более яркое?,A,B,B,False,True,2.0
MMBench-ru,base,180,Какой из вариантов правильно описывает эту картинку?,A,A,A,True,True,4.0
MMBench-ru,base,14,Какая из изображений более яркое?,A,A,A,True,True,2.0
MMBench-ru,base,1366,Какое чувство изображено на этой картинке?,D,C,C,False,True,4.0
MMBench-ru,base,3158,Какое человеческое поведение описывает эта картина?,C,C,C,True,True,4.0
MMBench-ru,base,535,Какая основная тема изображения?,A,A,A,True,True,4.0
MMBench-ru,base,2609,Какой тип окружающей среды изображен на картинке?,B,B,B,True,True,4.0
MMBench-ru,base,1072,Какая из картинок более красочная?,B,B,B,True,True,2.0
MMBench-ru,base,3682,К какой категории относится это изображение?,C,C,C,True,True,4.0
MMBench-ru,base,3036,Какое человеческое поведение описывает эта картина?,B,B,B,True,True,4.0
MMBench-ru,base,1809,Пончик укушен с какой стороны?,B,C,C,False,True,4.0
MMBench-ru,base,2259,"На основе продвижения здорового баланса между временем у экрана и другими занятиями, какая стратегия направлена на участие ребенка в семейных делах?",B,B,B,True,True,4.0
MMBench-ru,base,2890,Какова функция демонстрируемого объекта?,C,C,C,True,True,4.0
MMBench-ru,base,1751,Какая профессия у людей на этой картинке?,D,D,D,True,True,4.0
MMBench-ru,base,2297,"Судя по изображению, как женщина на картине защищается от дождя?",C,C,C,True,True,4.0
MMBench-ru,base,39,Какая черта есть у этой рыжей белки?,A,A,A,True,True,2.0
MMBench-ru,base,3673,К какой категории относится это изображение?,D,D,D,True,True,4.0
MMBench-ru,base,3554,Каковы могут быть отношения между двумя людьми на этом изображении?,B,B,B,True,True,4.0
MMBench-ru,base,2830,К какой категории относится это изображение?,D,A,A,False,True,4.0
MMBench-ru,base,610,На изображении изображен горный ландшафт или прибрежный ландшафт?,D,D,D,True,True,4.0
MMBench-ru,base,2234,Какое из этих описаний правильно подписывает это изображение?,B,B,B,True,True,4.0
MMBench-ru,base,147,Что будет дальше?,A,A,A,True,True,4.0
MMBench-ru,base,1512,Какое отношение между людьми на изображении?,A,C,C,False,True,4.0
MMBench-ru,base,2385,"Какого цвета другой маленький блестящий предмет, той же формы, что и крошечный желтый блестящий объект?",D,A,A,False,True,4.0
MMBench-ru,base,2263,"Основываясь на изображении, какова может быть основная причина, по которой человек на картинке использует черный зонт?",D,D,D,True,True,4.0
MMBench-ru,base,606,Какое отношение могут иметь эти люди на изображении?,A,C,C,False,True,4.0
MMBench-ru,base,1760,Какая профессия у людей на этой фотографии?,C,C,C,True,True,4.0
MMBench-ru,base,522,Где это находится?,A,B,B,False,True,4.0
MMBench-ru,base,171,"На основе карты, что было верно о Великом шёлковом пути около 1300 года н.э.?",A,A,A,True,True,3.0
MMBench-ru,base,1262,Какой из вариантов является правильной подписью к этому изображению?,B,B,B,True,True,4.0
MMBench-ru,base,1493,На каком изображении самая высокая резкость?,A,B,B,False,True,4.0
MMBench-ru,base,3260,Сколько грузовиков на этой фотографии?,D,D,D,True,True,4.0
MMBench-ru,base,163,Что могло бы показать тестирование Эрнесто?,A,C,C,False,True,3.0
MMBench-ru,base,1465,Что изображено на этом рисунке?,C,C,C,True,True,4.0
MMBench-ru,base,860,Какова функция продемонстрированного объекта?,D,D,D,True,True,4.0
MMBench-ru,base,2793,В каком углу нет тарелок?,A,D,D,False,True,4.0
MMBench-ru,base,1022,Какое человеческое поведение описывает эта картинка?,A,A,A,True,True,4.0
MMBench-ru,base,2731,Какая профессия у людей справа?,A,A,A,True,True,4.0
MMBench-ru,base,421,На каком изображении наивысшая резкость?,C,A,A,False,True,4.0
MMBench-ru,base,1448,Что изображено на этой картинке?,C,C,C,True,True,4.0
MMBench-ru,base,3195,Какой стиль представлен на этом изображении?,D,D,D,True,True,4.0
MMBench-ru,base,2293,Что является столицей Северной Каролины?,B,D,D,False,True,4.0
MMBench-ru,base,3537,Какое настроение передает это изображение?,C,D,D,False,True,4.0
MMBench-ru,base,2542,Где это находится?,C,C,C,True,True,4.0
MMBench-ru,base,3069,Какая подпись к изображению является правильной?,D,D,D,True,True,4.0
MMBench-ru,base,633,Какую связь могут иметь два человека на этом изображении?,C,B,B,False,True,4.0
MMBench-ru,base,969,В каком направлении находится Иран от Туркменистана?,B,A,A,False,True,4.0
MMBench-ru,base,665,Какое настроение передает это изображение?,A,B,B,False,True,4.0
MMBench-ru,base,3276,"Какого цвета другой маленький блестящий объект, имеющий ту же форму, что и крошечный желтый блестящий объект?",A,A,A,True,True,4.0
MMBench-ru,base,3320,Какое изображение показывает наибольшую резкость?,B,D,D,False,True,4.0
MMBench-ru,base,725,кто этот человек?,C,A,A,False,True,4.0
MMBench-ru,base,1688,Какова форма этого объекта?,D,D,D,True,True,4.0
MMBench-ru,base,101,На этой картинке крылья бабочки имеют одинаковую форму?,B,A,A,False,True,3.0
MMBench-ru,base,734,какая это достопримечательность? и где она находится?,C,C,C,True,True,4.0
MMBench-ru,base,3901,Какое человеческое поведение описывает эта картина?,D,D,D,True,True,4.0
MMBench-ru,base,1360,"Что могут обменять Гордон и Роксана, чтобы каждый получил то, что хочет?",C,C,C,True,True,4.0
MMBench-ru,base,3204,Какое действие выполняется на этом изображении?,A,A,A,True,True,4.0
MMBench-ru,base,1686,Какого цвета этот объект?,B,B,B,True,True,4.0
MMBench-ru,base,3285,Что изображено на этой картинке?,B,B,B,True,True,4.0
MMBench-ru,base,3468,"Можете ли вы определить время года, когда была сделана фотография?",C,C,C,True,True,4.0
MMBench-ru,base,3010,"В природе, какая связь между этими двумя существами?",C,D,D,False,True,4.0
MMBench-ru,base,3347,Какое изображение показывает самый высокий контраст?,A,D,D,False,True,4.0
MMBench-ru,base,1016,Какой вид человеческого поведения описывает эта картина?,C,C,C,True,True,4.0
MMBench-ru,base,3712,Какова функция продемонстрированного объекта?,B,B,B,True,True,4.0
MMBench-ru,base,652,Какова форма этого объекта?,C,C,C,True,True,4.0
MMBench-ru,base,3225,В каком направлении этот человек смотрит на изображении?,D,D,D,True,True,4.0
MMBench-ru,base,3880,"В природе, какова взаимосвязь между этими двумя существами?",D,C,C,False,True,4.0
MMBench-ru,base,442,Какая из изображений самая яркая?,D,D,D,True,True,4.0
MMBench-ru,base,1566,Какой вариант правильно описывает взаимное расположение объектов на изображении?,B,D,D,False,True,4.0
MMBench-ru,base,158,Что произойдет дальше?,A,C,C,False,True,4.0
MMBench-ru,base,1927,"какой код на Python сгенерирует результат, показанный на изображении?",A,C,C,False,True,4.0
MMBench-ru,base,911,Что значит этот знак?,C,C,C,True,True,4.0
MMBench-ru,base,817,Какой стиль изображён на этом изображении?,D,C,C,False,True,4.0
MMBench-ru,base,1885,Какова функция демонстрируемого объекта?,D,D,D,True,True,4.0
MMBench-ru,base,1432,Какое действие выполняется на этом изображении?,C,C,C,True,True,4.0
MMBench-ru,base,1250,Какой из вариантов является правильным описанием этого изображения?,D,D,D,True,True,4.0
MMBench-ru,base,3257,Примерно какая часть изображения занята кошкой на картинке?,D,D,D,True,True,4.0
MMBench-ru,base,932,В каком направлении от Средиземного моря находится Сирия?,A,A,A,True,True,4.0
MMBench-ru,base,913,"На этом рисунке показано домашнее задание Анны на каждый будний день. Можешь сказать, что Анна должна делать во вторник?",C,D,D,False,True,4.0
MMBench-ru,base,96,"Исходя из временной шкалы, какое из следующих утверждений является верным?",A,C,C,False,True,3.0
MMBench-ru,base,2703,Какая профессия у людей на этом изображении?,B,B,B,True,True,4.0
MMBench-ru,base,791,Какой это ориентир? И где он находится?,A,A,A,True,True,4.0
MMBench-ru,base,1632,На картинке изображен горный пейзаж или прибрежный?,A,D,D,False,True,4.0
MMBench-ru,base,1344,Какую эмоцию изображает этот рисунок?,C,C,C,True,True,4.0
MMBench-ru,base,1141,Два стула на картинке одного цвета?,C,C,C,True,True,3.0
MMBench-ru,base,3830,Какая из следующих подписей лучше всего описывает это изображение?,B,B,B,True,True,4.0
MMBench-ru,base,3167,"Основываясь на изображении, каковы некоторые преимущества для здоровья от употребления такой пищи, как описано?",A,A,A,True,True,4.0
MMBench-ru,base,1143,Подумайте о магнитной силе между магнитами в каждой паре. Какое из следующих утверждений верно?,A,B,B,False,True,3.0
MMBench-ru,base,1438,Сколько людей вы видите на этой картинке?,C,D,D,False,True,4.0
MMBench-ru,base,2627,Какова форма этого объекта?,C,C,C,True,True,4.0
MMBench-ru,base,2086,Какое человеческое поведение описано на этой картинке?,C,C,C,True,True,4.0
MMBench-ru,base,1637,"Можешь определить, в какое время года была сделана эта фотография?",B,B,B,True,True,4.0
MMBench-ru,base,2783,В каком направлении смотрит человек?,C,C,C,True,True,4.0
MMBench-ru,base,3562,Какое настроение передает это изображение?,C,C,C,True,True,4.0
MMBench-ru,base,1356,Какой художественный стиль преобладает на этом изображении?,C,C,C,True,True,4.0
MMBench-ru,base,113,"На этой картинке, являются ли две помады одного цвета?",B,B,B,True,True,3.0
MMBench-ru,base,3419,Где это?,B,A,A,False,True,4.0
MMBench-ru,base,1069,Какое изображение более яркое?,A,B,B,False,True,2.0
MMBench-ru,base,3696,Какой это достопримечательность и где она находится?,D,D,D,True,True,4.0
MMBench-ru,base,2378,Какое движение хочет передать это изображение?,A,A,A,True,True,4.0
MMBench-ru,base,3464,Какое основное событие на этом изображении?,B,B,B,True,True,4.0
MMBench-ru,base,156,"США имеют федеральную систему. Основываясь на этих определениях, какое из этих утверждений скорее всего сделает человек, живущий при федеральной системе?",C,C,C,True,True,3.0
MMBench-ru,base,444,Какая работа наиболее вероятна для человека на изображении?,C,C,C,True,True,4.0
MMBench-ru,base,2443,"Какой текст может быть связан с этим изображением, опубликованным в Twitter?",C,C,C,True,True,4.0
MMBench-ru,base,1779,Что это?,D,D,D,True,True,4.0
MMBench-ru,base,1415,Где на картинке находится жираф?,A,D,D,False,True,4.0
MMBench-ru,base,2984,Какая из следующих подписей лучше всего описывает это изображение?,A,A,A,True,True,4.0
MMBench-ru,base,3221,Какое из следующих утверждений описывает жизнь в независимом городе-государстве?,B,B,B,True,True,4.0
MMBench-ru,base,3504,Каковы могут быть отношения между этими людьми на изображении?,D,D,D,True,True,4.0
MMBench-ru,base,1787,кто этот человек?,C,A,A,False,True,4.0
MMBench-ru,base,2483,Какое изображение самое яркое?,A,C,C,False,True,4.0
MMBench-ru,base,2094,Какова природа взаимоотношений этих животных?,C,C,C,True,True,3.0
MMBench-ru,base,473,Каковы отношения между людьми на изображении?,D,D,D,True,True,4.0
MMBench-ru,base,1577,Какова функция продемонстрированного объекта?,D,D,D,True,True,4.0
MMBench-ru,base,2361,"Судя по изображению, что указывает на наличие двух пицц, трёх стаканов напитков и столовых приборов на сцене?",D,D,D,True,True,4.0
MMBench-ru,base,778,Что это за достопримечательность и где она находится?,A,A,A,True,True,4.0
MMBench-ru,base,1043,Какое человеческое поведение описывает эта картинка?,A,A,A,True,True,4.0
MMBench-ru,base,181,Какой из этих подписей правильно описывает данное изображение?,D,D,D,True,True,4.0
MMBench-ru,base,2903,Какова наиболее вероятная цель этого плаката?,B,B,B,True,True,4.0
MMBench-ru,base,1786,что это за достопримечательность? и где она находится?,B,B,B,True,True,4.0
MMBench-ru,base,6,Какое изображение более яркое?,A,A,A,True,True,2.0
MMBench-ru,base,2129,Одинакового ли цвета два стула на картинке?,A,C,C,False,True,3.0
MMBench-ru,base,2205,Какой из вариантов является правильной подписью к этому изображению?,A,A,A,True,True,4.0
MMBench-ru,base,2813,"Объект, показанный на этом рисунке:",C,B,B,False,True,4.0
MMBench-ru,base,2946,Какой из следующих заголовков лучше всего описывает это изображение?,D,D,D,True,True,4.0
MMBench-ru,base,3039,Какое человеческое поведение описывает эта картинка?,A,A,A,True,True,4.0
MMBench-ru,base,3018,"В природе, какова связь между этими двумя существами?",D,D,D,True,True,4.0
MMBench-ru,base,2746,Кто этот человек?,A,D,D,False,True,4.0
MMBench-ru,base,807,К какой категории относится это изображение?,C,C,C,True,True,4.0
MMBench-ru,base,1491,На каком изображении самая высокая резкость?,D,D,D,True,True,4.0
MMBench-ru,base,1766,Какая профессия у людей на этой фотографии?,C,C,C,True,True,4.0
MMBench-ru,base,286,"Основываясь на описании, чем отличается холодильник на кухне от современных?",A,A,A,True,True,4.0
MMBench-ru,base,2720,Какая профессия у людей на этой картине?,B,B,B,True,True,4.0
MMBench-ru,base,1352,Какая эмоция изображена на этой картинке?,C,C,C,True,True,4.0
MMBench-ru,base,2552,Какое из следующих утверждений соответствует изображению?,D,D,D,True,True,4.0
MMBench-ru,base,1285,Какой из вариантов является правильной подписью к этому изображению?,B,B,B,True,True,4.0
MMBench-ru,base,3423,Какое из следующих утверждений соответствует изображению?,D,A,A,False,True,4.0
MMBench-ru,base,510,Где это находится?,A,C,C,False,True,4.0
MMBench-ru,base,2948,Какой из следующих подписей лучше всего описывает это изображение?,C,C,C,True,True,4.0
MMBench-ru,base,1230,Что произойдет дальше?,C,A,A,False,True,4.0
MMBench-ru,base,2077,Какой раствор имеет более высокую концентрацию зеленых частиц?,B,A,A,False,True,3.0
MMBench-ru,base,1266,Какой из этих вариантов является правильным названием для этого изображения?,D,D,D,True,True,4.0
MMBench-ru,base,3359,"Какая работа, скорее всего, у человека на изображении?",C,C,C,True,True,4.0
MMBench-ru,base,1672,Какой может быть взаимоотношение этих людей на изображении?,A,C,C,False,True,4.0
MMBench-ru,base,1336,Как называется показанная колония?,A,C,C,False,True,4.0
MMBench-ru,base,1648,"Можете определить время года, когда был сделан этот снимок?",D,D,D,True,True,4.0
MMBench-ru,base,2855,Кто это человек?,A,A,A,True,True,4.0
MMBench-ru,base,1211,"Объект, показанный на этой фигуре:",B,B,B,True,True,4.0
MMBench-ru,base,2270,Какой из этих штатов находится дальше всего на восток?,A,D,D,False,True,4.0
MMBench-ru,base,521,Какова главная тема изображения?,B,C,C,False,True,4.0
MMBench-ru,base,785,К какой категории относится это изображение?,C,C,C,True,True,4.0
MMBench-ru,base,1722,Какое настроение передает это изображение?,B,B,B,True,True,4.0
MMBench-ru,base,2723,Какое настроение передает это изображение?,C,C,C,True,True,4.0
MMBench-ru,base,3530,Какого цвета этот объект?,D,D,D,True,True,4.0
MMBench-ru,base,2774,Какое настроение передает это изображение?,D,D,D,True,True,4.0
MMBench-ru,base,3064,Какое человеческое поведение описано на этой картинке?,D,D,D,True,True,4.0
MMBench-ru,base,712,Какая профессия у людей на этой картине?,B,B,B,True,True,4.0
MMBench-ru,base,2521,"Если жидкость на картинке содержит только один растворённый элемент, что, скорее всего, это за элемент?",B,D,D,False,True,4.0
MMBench-ru,base,2331,Какое чувство изображено на этой картинке?,D,D,D,True,True,4.0
MMBench-ru,base,1232,Что произойдет дальше?,A,A,A,True,True,4.0
MMBench-ru,base,1663,Какой тип погоды изображен на картинке?,B,B,B,True,True,4.0
MMBench-ru,base,2244,Какая из этих подписей правильно описывает это изображение?,D,D,D,True,True,4.0
MMBench-ru,base,1,Из какого материала сделана эта лопатка?,A,A,A,True,True,2.0
MMBench-ru,base,1244,Какая подпись к этому изображению верная?,D,D,D,True,True,4.0
MMBench-ru,base,1175,Два банана одного размера?,C,B,B,False,True,3.0
MMBench-ru,base,3362,Какова основная тема изображения?,A,A,A,True,True,4.0
MMBench-ru,base,3370,Какой вариант правильно описывает взаимоотношение объектов на изображении?,D,D,D,True,True,4.0
MMBench-ru,base,3218,"Что могут обменять Дженни и Оливия, чтобы каждая получила то, что она хочет?",D,D,D,True,True,4.0
MMBench-ru,base,2375,Какой вариант показывает территорию Македонии?,B,D,D,False,True,4.0
MMBench-ru,base,3644,В каком углу нет ни одной тарелки?,C,B,B,False,True,4.0
MMBench-ru,base,2681,Какого цвета этот объект?,B,B,B,True,True,4.0
MMBench-ru,base,1319,"Исходя из изображения, чем можно предположить, что занимается мужчина?",A,A,A,True,True,4.0
MMBench-ru,base,1904,Какова функция продемонстрированного объекта?,B,A,A,False,True,4.0
MMBench-ru,base,3386,Какое из следующих утверждений соответствует изображению?,A,C,C,False,True,4.0
MMBench-ru,base,1811,что это за достопримечательность? и где она находится?,B,B,B,True,True,4.0
MMBench-ru,base,2767,С какой стороны надкушен пончик?,C,C,C,True,True,4.0
MMBench-ru,base,3534,Какое настроение передает это изображение?,B,B,B,True,True,4.0
MMBench-ru,base,2093,Какой тип человеческого поведения описывает эта картинка?,C,C,C,True,True,4.0
MMBench-ru,base,1938,Какова функция продемонстрированного объекта?,B,B,B,True,True,4.0
MMBench-ru,base,3014,Какова связь между этими двумя существами в природе?,D,D,D,True,True,4.0
MMBench-ru,base,695,Какая профессия у людей на этой фотографии?,B,B,B,True,True,4.0
MMBench-ru,base,2698,Какое настроение передает это изображение?,A,A,A,True,True,4.0
MMBench-ru,base,347,Какое движение хочет передать это изображение?,D,C,C,False,True,4.0
MMBench-ru,base,1162,"На этом сравнительном изображении, верхний и нижний модули одного цвета?",C,B,B,False,True,3.0
MMBench-ru,base,2111,Диваны на картинке одного цвета?,A,C,C,False,True,3.0
MMBench-ru,base,2719,Какое настроение передает это изображение?,C,C,C,True,True,4.0
MMBench-ru,base,2592,Какой тип погоды изображён на картинке?,A,C,C,False,True,4.0
MMBench-ru,base,3478,"Можете ли вы определить, в какое время года была сделана эта фотография?",A,A,A,True,True,4.0
MMBench-ru,base,1372,Какую эмоцию изображает это изображение?,C,A,A,False,True,4.0
MMBench-ru,base,3542,Какое настроение передает это изображение?,B,B,B,True,True,4.0
MMBench-ru,base,3076,Какой вариант является правильной подписью к этому изображению?,A,A,A,True,True,4.0
MMBench-ru,base,962,В каком направлении Чили от Уругвая?,C,A,A,False,True,4.0
MMBench-ru,base,2755,Что это за достопримечательность? И где она находится?,B,B,B,True,True,4.0
MMBench-ru,base,1271,Какой вариант правильно описывает это изображение?,B,B,B,True,True,4.0
MMBench-ru,base,3625,В каком углу сок?,C,D,D,False,True,4.0
MMBench-ru,base,815,"Объект, показанный на этой фигуре:",A,C,C,False,True,4.0
MMBench-ru,base,603,Каковы могут быть отношения между двумя людьми на этом изображении?,A,A,A,True,True,4.0
MMBench-ru,base,100,Какое утверждение описывает экосистему Большой пустыни Виктория?,B,B,B,True,True,2.0
MMBench-ru,base,189,Какой из вариантов правильно описывает это изображение?,A,A,A,True,True,4.0
MMBench-ru,base,3798,Какой из следующих подписей лучше всего описывает это изображение?,D,D,D,True,True,4.0
MMBench-ru,base,3650,В каком направлении стоит человек?,D,A,A,False,True,4.0
MMBench-ru,base,2503,Какими отношениями связаны люди на изображении?,B,C,C,False,True,4.0
MMBench-ru,base,3785,Какой из следующих подписей лучше всего описывает это изображение?,D,D,D,True,True,4.0
MMBench-ru,base,298,Какая эмоция изображена на этом изображении?,A,A,A,True,True,4.0
MMBench-ru,base,1865,Какой стиль изображен на этом изображении?,A,D,D,False,True,4.0
MMBench-ru,base,1697,Какую форму имеет этот объект?,D,D,D,True,True,4.0
MMBench-ru,base,2579,"Исходя из изображения, какова взаимосвязь между белой лошадью и черной лошадью?",C,D,D,False,True,4.0
MMBench-ru,base,2357,Международная организация состоит из членов (). которые (),D,D,D,True,True,4.0
MMBench-ru,base,796,К какой категории относится это изображение?,A,A,A,True,True,4.0
MMBench-ru,base,3516,Каковы могут быть отношения между двумя людьми на этом изображении?,D,D,D,True,True,4.0
MMBench-ru,base,2852,Какова функция продемонстрированного объекта?,B,B,B,True,True,4.0
MMBench-ru,base,1572,Какова основная тема изображения?,C,C,C,True,True,4.0
MMBench-ru,base,2024,Какой из следующих подписей лучше всего описывает это изображение?,D,D,D,True,True,4.0
MMBench-ru,base,1636,Какой тип погоды изображен на картинке?,D,D,D,True,True,4.0
MMBench-ru,base,999,"В природе, какие отношения существуют между этими двумя существами?",B,B,B,True,True,4.0
MMBench-ru,base,604,Каковы могут быть отношения между двумя главными персонажами на этом изображении?,A,A,A,True,True,4.0
MMBench-ru,base,2687,Какой неприятный исход на этом изображении?,A,D,D,False,True,4.0
MMBench-ru,base,2816,К какой категории относится это изображение?,D,D,D,True,True,4.0
MMBench-ru,base,22,Какое изображение более красочное?,A,A,A,True,True,2.0
MMBench-ru,base,3713,Какова функция продемонстрированного объекта?,B,B,B,True,True,4.0
MMBench-ru,base,3154,"Основываясь на изображении, в чем одно из преимуществ тренировки на скейтборде в помещении по сравнению с катанием на улице?",D,D,D,True,True,4.0
MMBench-ru,base,436,Какой категории сцены лучше всего соответствует это изображение?,C,C,C,True,True,4.0
MMBench-ru,base,1741,Какое отношение могут иметь друг к другу эти люди на изображении?,B,D,D,False,True,4.0
MMBench-ru,base,896,"Площадь какой фигуры можно рассчитать, используя формулу, показанную на этом изображении?",C,A,A,False,True,4.0
MMBench-ru,base,720,Какое настроение передает это изображение?,C,C,C,True,True,4.0
MMBench-ru,base,2850,"Объект, показанный на этой фигуре:",C,B,B,False,True,4.0
MMBench-ru,base,2121,На этом сравнительном изображении левый и правый модули одного цвета?,C,C,C,True,True,3.0
MMBench-ru,base,1902,Какова функция продемонстрированного объекта?,B,D,D,False,True,4.0
MMBench-ru,base,3502,Какое отношение эти люди могут иметь друг к другу на этой картинке?,A,A,A,True,True,4.0
MMBench-ru,base,2283,Какой из этих штатов находится дальше всего на восток?,C,A,A,False,True,4.0
MMBench-ru,base,1020,Какое человеческое поведение описывает эта картина?,A,A,A,True,True,4.0
MMBench-ru,base,497,Как называется этот город?,A,A,A,True,True,4.0
MMBench-ru,base,1869,В каком стиле выполнена эта картина?,A,C,C,False,True,4.0
MMBench-ru,base,546,Как называется этот университет?,A,D,D,False,True,4.0
MMBench-ru,base,1903,Какова функция демонстрируемого объекта?,B,B,B,True,True,4.0
MMBench-ru,base,2734,Кто этот человек?,C,B,B,False,True,4.0
MMBench-ru,base,3497,Каковы могут быть отношения между двумя людьми на этом изображении?,B,B,B,True,True,4.0
MMBench-ru,base,2289,"Исходя из изображения, что способствует беспорядку и неорганизованному виду в углу кухни?",D,C,C,False,True,4.0
MMBench-ru,base,2438,Извлеките текст из изображения.,A,B,B,False,True,4.0
MMBench-ru,base,1299,"Основываясь на изображении, какова цель использования зонтика человеком, который идет под дождем?",D,D,D,True,True,4.0
MMBench-ru,base,3640,К какой категории относится это изображение?,D,D,D,True,True,4.0
MMBench-ru,base,1812,где находится собака?,A,A,A,True,True,4.0
MMBench-ru,base,2509,Какое изображение показывает наибольший контраст?,C,A,A,False,True,4.0
MMBench-ru,base,3272,Сколько самолётов видно на этой картинке?,B,B,B,True,True,4.0
MMBench-ru,base,2067,Какой тип человеческого поведения описывается на этой картинке?,B,B,B,True,True,4.0
MMBench-ru,base,1747,Какая профессия у людей на этой картинке?,A,A,A,True,True,4.0
MMBench-ru,base,3235,Где на картинке находится женщина?,A,A,A,True,True,4.0
MMBench-ru,base,1826,К какой категории относится это изображение?,C,D,D,False,True,4.0
MMBench-ru,base,651,Какое настроение передает это изображение?,C,D,D,False,True,4.0
MMBench-ru,base,3046,Какое поведение человека описывает эта картина?,A,A,A,True,True,4.0
MMBench-ru,base,1944,Какой код на Python может сгенерировать содержимое изображения?,B,D,D,False,True,4.0
MMBench-ru,base,1843,К какой категории относится это изображение?,B,B,B,True,True,4.0
MMBench-ru,base,1061,Какое человеческое поведение описывает эта картинка?,A,A,A,True,True,4.0
MMBench-ru,base,3456,Какой тип погоды изображен на картинке?,A,A,A,True,True,4.0
MMBench-ru,base,1012,Каковы взаимоотношения между этими двумя существами в природе?,A,D,D,False,True,4.0
MMBench-ru,base,2611,"Можете ли вы определить, в какое время года была сделана эта фотография?",B,B,B,True,True,4.0
MMBench-ru,base,1135,Какова природа взаимоотношений этих животных?,C,C,C,True,True,3.0
MMBench-ru,base,3897,Какое человеческое поведение описывает эта картина?,D,D,D,True,True,4.0
MMBench-ru,base,2135,На этой картинке два попугая одного цвета?,A,C,C,False,True,3.0
MMBench-ru,base,1984,В каком направлении находится Канада в Атлантическом океане?,D,A,A,False,True,4.0
MMBench-ru,base,2567,Какой вариант правильно описывает отношение объектов на изображении?,D,B,B,False,True,4.0
MMBench-ru,base,979,Какой из следующих подписей лучше всего описывает это изображение?,C,C,C,True,True,4.0
MMBench-ru,base,1124,"Исходя из временной шкалы, какое событие происходит после того, как Джеймс Маршалл обнаруживает золото и до того, как золото становится труднее находить?",B,B,B,True,True,2.0
MMBench-ru,base,1801,Какой это памятник и где он находится?,B,B,B,True,True,4.0
MMBench-ru,base,317,Какую эмоцию изображает эта картинка?,B,B,B,True,True,4.0
MMBench-ru,base,2922,Для чего может использоваться формула на этом изображении?,D,D,D,True,True,4.0
MMBench-ru,base,1170,Что из перечисленного могло показать испытание Девина?,B,B,B,True,True,2.0
MMBench-ru,base,960,В каком направлении находится Китай от Монголии?,B,A,A,False,True,4.0
MMBench-ru,base,1112,Какое изображение более яркое?,B,B,B,True,True,2.0
MMBench-ru,base,1375,Какой художественный стиль представлен на этом изображении?,C,D,D,False,True,4.0
MMBench-ru,base,1309,"Основываясь на изображении, какой аспект внешности женщины больше всего способствует впечатлению игривости?",C,A,A,False,True,4.0
MMBench-ru,base,2212,"Объект, показанный на этом рисунке:",A,C,C,False,True,4.0
MMBench-ru,base,330,Какое чувство изображено на этом изображении?,D,D,D,True,True,4.0
MMBench-ru,base,3744,Какой особенный день связан с этим постером?,B,D,D,False,True,4.0
MMBench-ru,base,617,Какой тип окружения изображён на картинке?,B,B,B,True,True,4.0
MMBench-ru,base,947,В каком направлении находится Туркменистан от Кыргызстана?,C,A,A,False,True,4.0
MMBench-ru,base,1568,Какова функция продемонстрированного объекта?,B,B,B,True,True,4.0
MMBench-ru,base,2842,Какой стиль изображен на этом изображении?,B,D,D,False,True,4.0
MMBench-ru,base,625,Какими могут быть отношения между двумя главными людьми на этом изображении?,A,A,A,True,True,4.0
MMBench-ru,base,2893,Какова функция демонстрируемого объекта?,D,D,D,True,True,4.0
MMBench-ru,base,876,Площадь какой фигуры можно вычислить с помощью формулы на этой картинке?,A,A,A,True,True,4.0
MMBench-ru,base,263,"Основываясь на изображении, какие факторы должны учесть люди с досками для серфинга перед тем, как заняться своей деятельностью на пляже?",A,A,A,True,True,4.0
MMBench-ru,base,1699,Какого цвета этот объект?,A,A,A,True,True,4.0
MMBench-ru,base,1669,Каковы могут быть отношения между двумя людьми на этом изображении?,C,C,C,True,True,4.0
MMBench-ru,base,1355,Какое чувство изображено на этой картинке?,B,A,A,False,True,4.0
MMBench-ru,base,2222,Какой из вариантов является правильным описанием этого изображения?,B,B,B,True,True,4.0
MMBench-ru,base,1908,Какова функция демонстрируемого объекта?,C,C,C,True,True,4.0
MMBench-ru,base,1703,Какое настроение передает это изображение?,B,B,B,True,True,4.0
MMBench-ru,base,255,"Объект, показанный на этом рисунке:",D,A,A,False,True,4.0
MMBench-ru,base,847,"Объект, показанный на этом рисунке:",A,D,D,False,True,4.0
MMBench-ru,base,1720,Какую форму имеет этот объект?,A,A,A,True,True,4.0
MMBench-ru,base,1595,"На изображении показана сцена химического эксперимента. Пожалуйста, выберите сырьевые материалы, которые могут использоваться в этом эксперименте.",C,A,A,False,True,4.0
MMBench-ru,base,3501,Какова может быть взаимосвязь этих людей на изображении?,D,D,D,True,True,4.0
MMBench-ru,base,2848,В каком стиле выполнена эта картина?,B,C,C,False,True,4.0
MMBench-ru,base,80,"Судя по цепочке событий, когда Тинкер Белл была отравлена?",B,A,A,False,True,2.0
MMBench-ru,base,2358,Какой художественный стиль изображен на картинке?,C,C,C,True,True,4.0
MMBench-ru,base,1558,Где это находится?,B,D,D,False,True,4.0
MMBench-ru,base,1953,"Какая формула имеет тот же результат вычисления, что и формула на рисунке?",A,D,D,False,True,4.0
MMBench-ru,base,24,Какая изображение более красочная?,A,A,A,True,True,2.0
MMBench-ru,base,1440,Какой обозначение показывает территорию Македонии?,A,C,C,False,True,4.0
MMBench-ru,base,1223,"Объект, показанный на этом рисунке:",D,C,C,False,True,4.0
MMBench-ru,base,3541,Какое настроение передает это изображение?,D,D,D,True,True,4.0
MMBench-ru,base,1597,Что верно?,B,B,B,True,True,4.0
MMBench-ru,base,1716,Какое настроение передаёт это изображение?,A,A,A,True,True,4.0
MMBench-ru,base,2204,"На основе изображения, где находится мальчик?",A,C,C,False,True,4.0
MMBench-ru,base,3061,Какой из этих подписей правильно описывает изображение?,D,D,D,True,True,4.0
MMBench-ru,base,3009,Какое взаимодействие характерно для этих двух существ в природе?,B,B,B,True,True,4.0
MMBench-ru,base,2236,Какая подпись к этому изображению правильная?,B,B,B,True,True,4.0
MMBench-ru,base,2470,Какое изображение показывает наибольшую четкость?,C,A,A,False,True,4.0
MMBench-ru,base,903,Какая из следующих подписей лучше всего описывает это изображение?,A,A,A,True,True,4.0
MMBench-ru,base,1999,В каком направлении находится Италия в Средиземном море?,A,B,B,False,True,4.0
MMBench-ru,base,3763,"Объем какого объекта можно вычислить, используя формулу на рисунке?",B,A,A,False,True,4.0
MMBench-ru,base,1117,Какой термин соответствует изображению?,B,B,B,True,True,2.0
MMBench-ru,base,1785,Кто этот человек?,C,D,D,False,True,4.0
MMBench-ru,base,3536,"Согласно тексту, что из следующего делало миграцию странствующего голубя особенным событием?",C,B,B,False,True,4.0
MMBench-ru,base,118,"На изображении два объекта, сложенные из кубов. Они одинаковой формы?",B,A,A,False,True,3.0
MMBench-ru,base,1592,Где это находится?,B,D,D,False,True,4.0
MMBench-ru,base,1376,Какое чувство изображено на этой картинке?,C,C,C,True,True,4.0
MMBench-ru,base,2739,Какая профессия у людей на этой картинке?,A,A,A,True,True,4.0
MMBench-ru,base,2781,В каком углу нет тарелок?,B,D,D,False,True,4.0
MMBench-ru,base,1656,Какой тип окружения изображен на картинке?,A,A,A,True,True,4.0
MMBench-ru,base,2966,В каком направлении находится Чили от Уругвая?,A,C,C,False,True,4.0
MMBench-ru,base,3648,что это за достопримечательность? и где она находится?,D,D,D,True,True,4.0
MMBench-ru,base,1914,Что означает этот знак?,D,D,D,True,True,4.0
MMBench-ru,base,3369,Где это?,B,B,B,True,True,4.0
MMBench-ru,base,2548,Какая основная тема изображения?,D,D,D,True,True,4.0
MMBench-ru,base,3800,В каком направлении от Средиземного моря находится Франция?,C,D,D,False,True,4.0
MMBench-ru,base,110,Одинакового ли размера два банана?,B,B,B,True,True,3.0
MMBench-ru,base,1613,Где это находится?,B,C,C,False,True,4.0
MMBench-ru,base,2424,"На изображении, в каком направлении смотрит этот человек?",C,C,C,True,True,4.0
MMBench-ru,base,2311,"На основе изображения, какие эмоции может вызвать у зрителей образ пожилого мужчины, сидящего на скамейке?",C,C,C,True,True,4.0
MMBench-ru,base,2715,Какая профессия у людей на этой картинке?,D,D,D,True,True,4.0
MMBench-ru,base,111,Какой тип породы представляет собой сланец?,C,B,B,False,True,3.0
MMBench-ru,base,343,Какое действие выполняется на этом изображении?,B,B,B,True,True,4.0
MMBench-ru,base,2632,Как могут быть связаны два человека на этой фотографии?,D,C,C,False,True,4.0
MMBench-ru,base,1755,Какова профессия людей на этой картинке?,D,D,D,True,True,4.0
MMBench-ru,base,555,Что правильно?,C,C,C,True,True,4.0
MMBench-ru,base,1891,Какова функция продемонстрированного объекта?,D,C,C,False,True,4.0
MMBench-ru,base,744,Какова профессия людей на этой фотографии?,A,A,A,True,True,4.0
MMBench-ru,base,3168,Какую эмоцию изображает данное изображение?,D,D,D,True,True,4.0
MMBench-ru,base,1065,Какая картинка более яркая?,B,B,B,True,True,2.0
MMBench-ru,base,3243,Примерно какую часть изображения занимает автобус на картинке?,B,C,C,False,True,4.0
MMBench-ru,base,1340,Какой континент выделен?,A,B,B,False,True,4.0
MMBench-ru,base,866,Какой код на Python может сгенерировать содержимое изображения?,B,D,D,False,True,4.0
MMBench-ru,base,1862,Какой стиль изображен на этом изображении?,C,C,C,True,True,4.0
MMBench-ru,base,1338,"Основываясь на изображении, какое значение для мальчика может иметь объятие с огромным плюшевым мишкой?",B,D,D,False,True,4.0
MMBench-ru,base,1382,"Какая буква обозначает территорию, контролируемую древней цивилизацией Майя?",C,A,A,False,True,4.0
MMBench-ru,base,3055,Какой код на Python может сгенерировать содержимое изображения?,D,D,D,True,True,4.0
MMBench-ru,base,3874,Каковы взаимоотношения между этими двумя существами в природе?,D,C,C,False,True,4.0
MMBench-ru,base,1726,Какого цвета этот объект?,C,C,C,True,True,4.0
MMBench-ru,base,1033,Какое человеческое поведение описывает эта картинка?,C,C,C,True,True,4.0
MMBench-ru,base,3477,Каковы могут быть отношения между двумя людьми на этом изображении?,D,D,D,True,True,4.0
MMBench-ru,base,1926,Что хочет выразить эта картинка?,C,C,C,True,True,4.0
MMBench-ru,base,3674,К какой категории относится это изображение?,D,D,D,True,True,4.0
MMBench-ru,base,3681,Какой стиль изображен на этой картине?,D,D,D,True,True,4.0
MMBench-ru,base,213,Какой из этих вариантов является правильной подписью к этому изображению?,C,C,C,True,True,4.0
MMBench-ru,base,1433,Примерно какую часть фотографии занимает человек на изображении?,B,C,C,False,True,4.0
MMBench-ru,base,918,Какой из следующих подписей лучше всего описывает данное изображение?,C,C,C,True,True,4.0
MMBench-ru,base,2662,Какова форма этого объекта?,A,A,A,True,True,4.0
MMBench-ru,base,3442,Какое главное событие на этом изображении?,B,D,D,False,True,4.0
MMBench-ru,base,2669,Какой формы этот объект?,B,D,D,False,True,4.0
MMBench-ru,base,164,Что произойдёт дальше?,C,C,C,True,True,4.0
MMBench-ru,base,127,Два стула на картинке одного цвета?,B,B,B,True,True,3.0
MMBench-ru,base,3142,"Основываясь на изображении, какова возможная причина почти пустой миски?",D,D,D,True,True,4.0
MMBench-ru,base,816,В каком стиле выполнена эта картина?,D,A,A,False,True,4.0
MMBench-ru,base,83,Каковы природные взаимоотношения этих животных?,B,B,B,True,True,3.0
MMBench-ru,base,3786,Какой из следующих подписей лучше всего описывает это изображение?,D,D,D,True,True,4.0
MMBench-ru,base,624,Какую связь могут иметь два человека на этом изображении?,C,C,C,True,True,4.0
MMBench-ru,base,3465,"Можете определить, в каком сезоне была сделана эта фотография?",C,C,C,True,True,4.0
MMBench-ru,base,517,Показанный на рисунке газ:,A,B,B,False,True,4.0
MMBench-ru,base,1939,Площадь какой фигуры можно вычислить с помощью формулы на этом изображении?,C,B,B,False,True,4.0
MMBench-ru,base,2742,Какое настроение передает это изображение?,A,A,A,True,True,4.0
MMBench-ru,base,468,Какой категории сцены лучше всего соответствует это изображение?,C,B,B,False,True,4.0
MMBench-ru,base,2310,"Основываясь на описании, как люди на изображении взаимодействуют с игрой?",C,C,C,True,True,4.0
MMBench-ru,base,892,"Объем какого предмета можно рассчитать, используя формулу на рисунке?",B,B,B,True,True,4.0
MMBench-ru,base,3224,Какого цвета этот маленький блестящий цилиндр?,C,B,B,False,True,4.0
MMBench-ru,base,2865,Какова функция продемонстрированного предмета?,C,C,C,True,True,4.0
MMBench-ru,base,1049,"Основываясь на таблице, что изобрела Рут Хэндлер?",A,B,B,False,True,2.0
MMBench-ru,base,1510,Какая категория сцены лучше всего соответствует этому изображению?,C,C,C,True,True,4.0
MMBench-ru,base,687,Какое настроение передает это изображение?,A,A,A,True,True,4.0
MMBench-ru,base,2481,Какое изображение показывает наибольший контраст?,D,C,C,False,True,4.0
MMBench-ru,base,2487,Какова связь между людьми на изображении?,C,C,C,True,True,4.0
MMBench-ru,base,3187,Какая эмоция изображена на этом изображении?,A,A,A,True,True,4.0
MMBench-ru,base,3717,Какова функция демонстрируемого объекта?,A,A,A,True,True,4.0
MMBench-ru,base,670,Какое настроение передает это изображение?,B,C,C,False,True,4.0
MMBench-ru,base,1274,"На основании изображения, какова может быть основная причина, по которой человек на картинке использует черный зонтик?",C,C,C,True,True,4.0
MMBench-ru,base,3329,"Какой текст может быть связан с этим изображением, размещённым в Твиттере?",D,A,A,False,True,4.0
MMBench-ru,base,2370,Определите художественный стиль этого изображения.,B,C,C,False,True,4.0
MMBench-ru,base,105,Обручи на картинке одного размера?,A,A,A,True,True,3.0
MMBench-ru,base,1277,"Исходя из изображения, какова может быть цель металлической конструкции вокруг двухэтажного автобуса?",B,B,B,True,True,4.0
MMBench-ru,base,3101,Какой из вариантов является правильным описанием этого изображения?,D,D,D,True,True,4.0
MMBench-ru,base,3242,Какой художественный стиль представлен на этом изображении?,A,B,B,False,True,4.0
MMBench-ru,base,1537,Какая категория сцены лучше всего соответствует этому изображению?,D,D,D,True,True,4.0
MMBench-ru,base,1624,Где это находится?,A,A,A,True,True,4.0
MMBench-ru,base,2928,Какой код на Python может сгенерировать содержимое изображения?,C,C,C,True,True,4.0
MMBench-ru,base,812,Сколько яблок на изображении? И сколько бананов на изображении?,D,D,D,True,True,4.0
MMBench-ru,base,311,"Основываясь на изображении, какова возможная цель данного места?",A,A,A,True,True,4.0
MMBench-ru,base,2425,Какое движение хочет передать это изображение?,D,D,D,True,True,4.0
MMBench-ru,base,2828,К какой категории относится это изображение?,C,C,C,True,True,4.0
MMBench-ru,base,2569,Как называется это место?,C,D,D,False,True,4.0
MMBench-ru,base,994,Какое человеческое поведение описано на этой картинке?,B,B,B,True,True,4.0
MMBench-ru,base,417,Что изображено на этой картинке?,D,D,D,True,True,4.0
MMBench-ru,base,3250,"Что могут обменять Маккензи и Зейн, чтобы каждый из них получил то, что он хочет?",D,D,D,True,True,4.0
MMBench-ru,base,1235,Какая подпись правильно описывает это изображение?,C,C,C,True,True,4.0
MMBench-ru,base,2802,Что это за достопримечательность и где она находится?,D,D,D,True,True,4.0
MMBench-ru,base,2459,Кто изображен на этом фото?,D,B,B,False,True,4.0
MMBench-ru,base,3627,что это за достопримечательность? и где это находится?,C,C,C,True,True,4.0
MMBench-ru,base,2318,"Судя по изображению, в чем люди на пляже находят радость, несмотря на пасмурную погоду?",C,C,C,True,True,4.0
MMBench-ru,base,168,"Объект, показанный на этой фигуре:",C,A,A,False,True,4.0
MMBench-ru,base,1422,На картинке в каком направлении смотрит мужчина?,C,C,C,True,True,4.0
MMBench-ru,base,2182,Какой из следующих вариантов является правильным описанием изображения?,D,D,D,True,True,4.0
MMBench-ru,base,3750,Какое действие с дробями представлено этой формулой?,C,A,A,False,True,4.0
MMBench-ru,base,2709,Какое настроение передает это изображение?,A,D,D,False,True,4.0
MMBench-ru,base,1517,Какой категории сцены лучше всего соответствует это изображение?,C,C,C,True,True,4.0
MMBench-ru,base,282,"Глядя на изображение, что может сказать о взаимоотношениях мужчины и его маленькой черной собаки в шляпе?",A,A,A,True,True,4.0
MMBench-ru,base,3446,Какой тип окружения изображен на картинке?,C,C,C,True,True,4.0
MMBench-ru,base,2652,"Основываясь на изображении, где находится ноутбук?",D,D,D,True,True,4.0
MMBench-ru,base,1397,Какое движение хочет передать это изображение?,D,D,D,True,True,4.0
MMBench-ru,base,51,Описывает ли этот отрывок погоду или климат?,A,B,B,False,True,2.0
MMBench-ru,base,3106,Какое из следующих действий будет наименее ожидаемым поведением для женщины в дождливую погоду?,B,A,A,False,True,4.0
MMBench-ru,base,2007,Какая из следующих подписей лучше всего описывает это изображение?,A,A,A,True,True,4.0
MMBench-ru,base,432,Какое изображение показывает самый высокий контраст?,A,A,A,True,True,4.0
MMBench-ru,base,1775,Кто этот человек?,D,B,B,False,True,4.0
MMBench-ru,base,1483,Какая из изображений показывает наибольшую контрастность?,A,D,D,False,True,4.0
MMBench-ru,base,3816,В каком направлении находится Китай от Кыргызстана?,D,D,D,True,True,4.0
MMBench-ru,base,1883,Какова функция продемонстрированного объекта?,D,D,D,True,True,4.0
MMBench-ru,base,2897,С каким особым днем связан этот плакат?,A,A,A,True,True,4.0
MMBench-ru,base,3685,"Объект, показанный на этой фигуре:",D,B,B,False,True,4.0
MMBench-ru,base,1783,Что это?,A,A,A,True,True,4.0
MMBench-ru,base,721,Какой тип окружающей среды изображён на картинке?,D,D,D,True,True,4.0
MMBench-ru,base,2137,На этом изображении две помады одного цвета?,A,C,C,False,True,3.0
MMBench-ru,base,2664,Какого цвета этот объект?,B,B,B,True,True,4.0
MMBench-ru,base,1106,Какой раствор имеет более высокую концентрацию розовых частиц?,A,C,C,False,True,3.0
MMBench-ru,base,2522,Какой вариант правильно описывает взаиморасположение объектов на изображении?,C,B,B,False,True,4.0
MMBench-ru,base,3092,Какой из вариантов является правильным описанием этого изображения?,D,D,D,True,True,4.0
MMBench-ru,base,1980,В каком направлении находится Румыния от Средиземного моря?,D,A,A,False,True,4.0
MMBench-ru,base,3021,Какова взаимосвязь между этими двумя существами в природе?,D,D,D,True,True,4.0
MMBench-ru,base,1784,В каком углу нет никаких тарелок?,D,D,D,True,True,4.0
MMBench-ru,base,2426,"Что могут обменять Дуэйн и Маделин, чтобы каждый получил то, что он хочет?",C,D,D,False,True,4.0
MMBench-ru,base,1099,Какой из следующих ископаемых моложе? Выберите наиболее вероятный ответ.,A,A,A,True,True,2.0
MMBench-ru,base,1320,Как называется показанная колония?,D,B,B,False,True,4.0
MMBench-ru,base,1005,"В природе, какое отношение между этими двумя существами?",D,D,D,True,True,4.0
MMBench-ru,base,354,Какое действие выполняется на этом изображении?,C,B,B,False,True,4.0
MMBench-ru,base,1142,Каковы природные взаимоотношения этих животных?,A,A,A,True,True,3.0
MMBench-ru,base,1846,К какой категории относится это изображение?,C,D,D,False,True,4.0
MMBench-ru,base,998,Какое человеческое поведение описывает эта картинка?,D,D,D,True,True,4.0
MMBench-ru,base,3162,"Основываясь на изображении, чему способствуют большая джакузи и мраморные столешницы в ванной комнате?",D,D,D,True,True,4.0
MMBench-ru,base,2334,"Определите эмоцию, выраженную на этом изображении.",C,C,C,True,True,4.0
MMBench-ru,base,2499,Какова связь между людьми на изображении?,A,A,A,True,True,4.0
MMBench-ru,base,2736,Какова профессия людей на этом изображении?,D,D,D,True,True,4.0
MMBench-ru,base,3049,Какой из вариантов является правильной подписью к этому изображению?,C,C,C,True,True,4.0
MMBench-ru,base,1377,Этот образец соответствует какому стилю?,B,B,B,True,True,4.0
MMBench-ru,base,117,"На этой картинке, двое людей стоят на одной высоте?",B,B,B,True,True,3.0
MMBench-ru,base,3184,Международная организация состоит из членов () которые ().,A,B,B,False,True,4.0
MMBench-ru,base,1331,Какая из подписей к этому изображению является правильной?,D,D,D,True,True,4.0
MMBench-ru,base,3058,Какая из подписей правильно описывает это изображение?,A,A,A,True,True,4.0
MMBench-ru,base,1997,Какое из следующих описаний лучше всего подходит к этому изображению?,D,D,D,True,True,4.0
MMBench-ru,base,868,Какой особенный день связан с этим постером?,B,B,B,True,True,4.0
MMBench-ru,base,1453,"Какой текст может быть связан с этим изображением, опубликованным в Twitter?",B,A,A,False,True,4.0
MMBench-ru,base,1058,Это место переполнено?,B,A,A,False,True,2.0
MMBench-ru,base,1394,Какое чувство изображено на этой картинке?,A,A,A,True,True,4.0
MMBench-ru,base,1145,На этом эскизе объекты одинакового размера и формы?,C,B,B,False,True,3.0
MMBench-ru,base,2441,Что изображено на этой картинке?,C,D,D,False,True,4.0
MMBench-ru,base,3330,На каком изображении показан самый высокий контраст?,D,D,D,True,True,4.0
MMBench-ru,base,1131,Каковы природные отношения между этими животными?,C,C,C,True,True,3.0
MMBench-ru,base,3518,Какова форма этого объекта?,D,D,D,True,True,4.0
MMBench-ru,base,41,Пластик является минералом?,B,B,B,True,True,2.0
MMBench-ru,base,2116,Какой из следующих подписей лучше всего описывает это изображение?,D,D,D,True,True,4.0
MMBench-ru,base,782,К какой категории относится это изображение?,D,D,D,True,True,4.0
MMBench-ru,base,3661,Сколько здесь собак?,A,C,C,False,True,4.0
MMBench-ru,base,988,"В природе, какова взаимоотношения между этими двумя существами?",D,D,D,True,True,4.0
MMBench-ru,base,3354,Какое отношение между людьми на изображении?,C,A,A,False,True,4.0
MMBench-ru,base,3403,Как называется эта река?,A,A,A,True,True,4.0
MMBench-ru,base,2274,Какой из вариантов является правильным описанием этого изображения?,A,A,A,True,True,4.0
MMBench-ru,base,984,Какая взаимосвязь между этими двумя существами в природе?,A,D,D,False,True,4.0
MMBench-ru,base,2998,В каком направлении находится Туркменистан от Ирана?,B,C,C,False,True,4.0
MMBench-ru,base,1950,Какой из следующих заголовков лучше всего описывает это изображение?,A,A,A,True,True,4.0
MMBench-ru,base,2645,Какова может быть связь между двумя людьми на этом изображении?,A,C,C,False,True,4.0
MMBench-ru,base,2915,Какова наиболее вероятная цель этого плаката?,D,D,D,True,True,4.0
MMBench-ru,base,2010,В каком направлении находится Северная Корея от Южной Кореи?,A,A,A,True,True,4.0
MMBench-ru,base,1835,Где находится велосипед?,B,D,D,False,True,4.0
MMBench-ru,base,70,Какой термин соответствует картинке?,B,B,B,True,True,2.0
MMBench-ru,base,381,Какое движение хочет передать это изображение?,C,C,C,True,True,4.0
MMBench-ru,base,1205,Почему кенгуру называют боксерами?,B,B,B,True,True,3.0
MMBench-ru,base,907,Какая из следующих подписей лучше всего описывает это изображение?,D,D,D,True,True,4.0
MMBench-ru,base,3206,Какое действие выполняется на этом изображении?,A,C,C,False,True,4.0
MMBench-ru,base,2833,В каком стиле выполнена эта картина?,D,D,D,True,True,4.0
MMBench-ru,lora,2619,Какая погода изображена на картинке?,C,C,C,True,True,4.0
MMBench-ru,lora,456,Какое изображение имеет наибольшую резкость?,D,D,D,True,True,4.0
MMBench-ru,lora,102,"На этом сравнительном изображении, верхний и нижний модули одного цвета?",B,B,B,True,True,3.0
MMBench-ru,lora,3037,Какая подпись правильно описывает это изображение?,A,A,A,True,True,4.0
MMBench-ru,lora,1126,"Что может показать тест, проведенный Лаурой и Изабеллой?",A,A,A,True,True,2.0
MMBench-ru,lora,1003,"В природе, какая взаимосвязь между этими двумя существами?",B,B,B,True,True,4.0
MMBench-ru,lora,914,В каком направлении от Средиземного моря находится Германия?,D,A,A,False,True,4.0
MMBench-ru,lora,571,На картине изображен горный ландшафт или прибрежный?,B,B,B,True,True,4.0
MMBench-ru,lora,3016,Какова природа отношений между этими двумя существами?,C,B,B,False,True,4.0
MMBench-ru,lora,419,"Какой текст может быть связан с этим изображением, размещенным в Twitter?",A,A,A,True,True,4.0
MMBench-ru,lora,2771,Кто этот человек?,B,B,B,True,True,4.0
MMBench-ru,lora,3033,Какая подпись к этому изображению является правильной?,D,D,D,True,True,4.0
MMBench-ru,lora,3654,Где находится велосипед?,D,B,B,False,True,4.0
MMBench-ru,lora,2233,Какой из этих вариантов - правильный заголовок для этого изображения?,B,B,B,True,True,4.0
MMBench-ru,lora,356,Какое действие выполняется на этом изображении?,C,B,B,False,True,4.0
MMBench-ru,lora,2418,"Что могут обменять Дженни и Оливия, чтобы обе получили то, что хотят?",C,C,C,True,True,4.0
MMBench-ru,lora,1728,Какое настроение передает это изображение?,B,D,D,False,True,4.0
MMBench-ru,lora,130,"Исходя из изображения, где находится мальчик?",B,B,B,True,True,4.0
MMBench-ru,lora,122,"На этом изображении, два дельфина одинакового размера?",B,A,A,False,True,3.0
MMBench-ru,lora,383,"Какой текст может быть связан с этим изображением, размещенным в Twitter?",A,A,A,True,True,4.0
MMBench-ru,lora,895,"Какая формула дает тот же результат, что и формула на рисунке?",D,C,C,False,True,4.0
MMBench-ru,lora,952,В каком направлении находится Туркменистан от Ирана?,D,A,A,False,True,4.0
MMBench-ru,lora,2069,Какое поведение человека описано на этой картинке?,B,B,B,True,True,4.0
MMBench-ru,lora,2465,Кто изображён на этом фото?,A,B,B,False,True,4.0
MMBench-ru,lora,108,Лошади на картинке одного размера?,B,B,B,True,True,3.0
MMBench-ru,lora,2298,"Основываясь на изображении, что предполагает контраст между ярко-голубым скейтбордом и человеком, который его несет?",D,C,C,False,True,4.0
MMBench-ru,lora,814,К какой категории относится это изображение?,C,C,C,True,True,4.0
MMBench-ru,lora,2932,В каком направлении находится Италия в Средиземном море?,B,C,C,False,True,4.0
MMBench-ru,lora,2661,Какие могут быть отношения между этими людьми на изображении?,C,C,C,True,True,4.0
MMBench-ru,lora,2872,Какая операция с дробями представлена этой формулой?,B,B,B,True,True,4.0
MMBench-ru,lora,2232,Какой из этих вариантов является правильным описанием этого изображения?,C,C,C,True,True,4.0
MMBench-ru,lora,1718,Какой цвет у этого объекта?,D,D,D,True,True,4.0
MMBench-ru,lora,902,Какой из следующих подписей лучше всего описывает это изображение?,C,C,C,True,True,4.0
MMBench-ru,lora,1839,К какой категории относится это изображение?,B,B,B,True,True,4.0
MMBench-ru,lora,2413,В каком направлении смотрит плюшевый мишка на картинке?,A,B,B,False,True,4.0
MMBench-ru,lora,1139,Слева от маленького зеленого объекта находится большая металлическая вещь; какая у нее форма?,C,B,B,False,True,3.0
MMBench-ru,lora,3315,Кто изображен на этом изображении?,B,B,B,True,True,4.0
MMBench-ru,lora,3560,Какое настроение передает это изображение?,D,D,D,True,True,4.0
MMBench-ru,lora,26,Это место переполнено?,B,B,B,True,True,2.0
MMBench-ru,lora,3108,"Основываясь на изображении, какова может быть основная причина, по которой человек на картинке использует черный зонтик?",A,A,A,True,True,4.0
MMBench-ru,lora,3300,Кто изображен на этом фото?,A,A,A,True,True,4.0
MMBench-ru,lora,653,Какое настроение передает это изображение?,A,A,A,True,True,4.0
MMBench-ru,lora,2859,Какова функция демонстрируемого объекта?,B,B,B,True,True,4.0
MMBench-ru,lora,1731,Какое настроение передает это изображение?,B,B,B,True,True,4.0
MMBench-ru,lora,1393,Какое действие выполняется на этом изображении?,A,A,A,True,True,4.0
MMBench-ru,lora,1138,Подумайте о магнитной силе между магнитами в каждой паре. Какое из следующих утверждений верно?,B,C,C,False,True,3.0
MMBench-ru,lora,636,Какого цвета этот объект?,D,D,D,True,True,4.0
MMBench-ru,lora,881,Какова наиболее вероятная цель этого плаката?,D,D,D,True,True,4.0
MMBench-ru,lora,3127,Какая столица Небраски?,A,**D,D,False,True,4.0
MMBench-ru,lora,1378,Какое действие выполняется на этом изображении?,D,**D,D,True,True,4.0
MMBench-ru,lora,418,Извлеките текст из изображения,A,The correct answer is D,C,False,True,4.0
MMBench-ru,lora,379,"На картинке, в каком направлении смотрит плюшевый медведь?",C,**D,D,False,True,4.0
MMBench-ru,lora,1556,Где это?,D,**D,D,True,True,4.0
MMBench-ru,lora,396,Сколько самолётов видно на этом изображении?,C,**C,C,True,True,4.0
MMBench-ru,lora,1470,Кто изображён на этом снимке?,A,**A,A,True,True,4.0
MMBench-ru,lora,3471,Что за погода изображена на картинке?,D,**D,D,True,True,4.0
MMBench-ru,lora,1408,"Какого цвета другой маленький блестящий предмет той же формы, что и крошечный желтый блестящий объект?",C,C,C,True,True,4.0
MMBench-ru,lora,2472,Кто изображен на этой фотографии?,B,B,B,True,True,4.0
MMBench-ru,lora,1083,Какое человеческое поведение описывает эта картинка?,B,B,B,True,True,4.0
MMBench-ru,lora,3305,На каком изображении показана наибольшая резкость?,B,D,D,False,True,4.0
MMBench-ru,lora,177,Что произойдет дальше?,C,C,C,True,True,4.0
MMBench-ru,lora,2988,Какая из следующих подписей лучше всего описывает это изображение?,C,C,C,True,True,4.0
MMBench-ru,lora,1881,В каком стиле выполнена эта картина?,A,C,C,False,True,4.0
MMBench-ru,lora,2196,"Объект, показанный на этой иллюстрации:",D,C,C,False,True,4.0
MMBench-ru,lora,511,Какова функция демонстрируемого объекта?,A,D,D,False,True,4.0
MMBench-ru,lora,3777,Какая из следующих подписей лучше всего описывает это изображение?,D,D,D,True,True,4.0
MMBench-ru,lora,1550,Какова основная тема изображения?,B,C,C,False,True,4.0
MMBench-ru,lora,322,Какая из следующих эмоций изображена на этом изображении?,A,B,B,False,True,4.0
MMBench-ru,lora,2261,"По изображению, что можно сказать о пропавшем куске торта?",A,A,A,True,True,4.0
MMBench-ru,lora,1200,Что произойдет дальше?,B,C,C,False,True,4.0
MMBench-ru,lora,3397,Где это находится?,D,D,D,True,True,4.0
MMBench-ru,lora,2574,Какая основная тема изображения?,A,C,C,False,True,4.0
MMBench-ru,lora,2533,Какова функция продемонстрированного объекта?,C,C,C,True,True,4.0
MMBench-ru,lora,3626,Сколько пончиков на картинке?,D,D,D,True,True,4.0
MMBench-ru,lora,3529,Какого цвета этот объект?,C,C,C,True,True,4.0
MMBench-ru,lora,1481,Кто изображен на этой фотографии?,C,C,C,True,True,4.0
MMBench-ru,lora,2364,Какое действие выполняется на этом изображении?,D,D,D,True,True,4.0
MMBench-ru,lora,787,Сколько яблок на изображении? И сколько бананов?,C,B,B,False,True,4.0
MMBench-ru,lora,2885,Какой код на Python может сгенерировать содержимое изображения?,D,D,D,True,True,4.0
MMBench-ru,lora,284,"Основываясь на изображении, что может означать наличие двух пицц, трех стаканов с напитками и столовых приборов о происходящем?",B,B,B,True,True,4.0
MMBench-ru,lora,187,Какой из следующих вариантов является правильной подписью к этому изображению?,D,D,D,True,True,4.0
MMBench-ru,lora,2708,Какая профессия у людей на этой фотографии?,A,A,A,True,True,4.0
MMBench-ru,lora,933,Какой код на Python может генерировать содержимое изображения?,A,C,C,False,True,4.0
MMBench-ru,lora,3166,"Основываясь на изображении, какое значение может иметь для мальчика объятие с гигантским плюшевым медведем?",D,D,D,True,True,4.0
MMBench-ru,lora,1185,Что произойдет дальше?,C,A,A,False,True,4.0
MMBench-ru,lora,326,"Что могут обменять Дженни и Оливия, чтобы каждая из них получила то, что хочет?",A,A,A,True,True,4.0
MMBench-ru,lora,3503,Каковы могут быть отношения этих людей на изображении?,C,C,C,True,True,4.0
MMBench-ru,lora,953,В каком направлении находится Китай относительно Кыргызстана?,A,A,A,True,True,4.0
MMBench-ru,lora,3549,Какое настроение передает это изображение?,D,D,D,True,True,4.0
MMBench-ru,lora,413,Извлеките текст с изображения,A,C,C,False,True,4.0
MMBench-ru,lora,3857,Какое отношение между этими двумя существами в природе?,C,C,C,True,True,4.0
MMBench-ru,lora,3864,Какой вид человеческого поведения описан на этой картинке?,A,A,A,True,True,4.0
MMBench-ru,lora,1857,В каком направлении стоит человек?,B,B,B,True,True,4.0
MMBench-ru,lora,2603,Как называется этот город?,A,A,A,True,True,4.0
MMBench-ru,lora,3416,Где это находится?,C,C,C,True,True,4.0
MMBench-ru,lora,1494,Кто изображен на этой фотографии?,D,C,C,False,True,4.0
MMBench-ru,lora,666,Какого цвета этот объект?,A,A,A,True,True,4.0
MMBench-ru,lora,1516,Какой категории сцены лучше всего соответствует это изображение?,B,B,B,True,True,4.0
MMBench-ru,lora,1455,Как называется эта фотография?,B,B,B,True,True,4.0
MMBench-ru,lora,858,"какой код на Python будет генерировать результат, показанный на изображении?",B,D,D,False,True,4.0
MMBench-ru,lora,2745,Кто это?,D,A,A,False,True,4.0
MMBench-ru,lora,1093,Какое изображение более красочное?,A,B,B,False,True,2.0
MMBench-ru,lora,2874,Какие две команды будут участвовать в этой игре?,C,C,C,True,True,4.0
MMBench-ru,lora,2799,В каком углу находятся красные бананы?,C,D,D,False,True,4.0
MMBench-ru,lora,2654,Где это?,A,C,C,False,True,4.0
MMBench-ru,lora,292,"Определите эмоцию, выраженную на этом изображении.",A,A,A,True,True,4.0
MMBench-ru,lora,2495,"Какую работу, скорее всего, выполняет человек на изображении?",C,C,C,True,True,4.0
MMBench-ru,lora,2600,Какой тип погоды изображен на картинке?,B,B,B,True,True,4.0
MMBench-ru,lora,700,Какое настроение передает это изображение?,C,C,C,True,True,4.0
MMBench-ru,lora,2187,"Объект, показанный на этой фигуре:",B,C,C,False,True,4.0
MMBench-ru,lora,2986,В каком направлении находится Киргизия от Индии?,B,C,C,False,True,4.0
MMBench-ru,lora,1002,Какое человеческое поведение описывает эта картина?,D,D,D,True,True,4.0
MMBench-ru,lora,669,Какое отношение может быть между двумя людьми на этом изображении?,A,A,A,True,True,4.0
MMBench-ru,lora,1893,Какова функция показанного объекта?,D,D,D,True,True,4.0
MMBench-ru,lora,1554,Какое из следующих утверждений соответствует изображению?,D,D,D,True,True,4.0
MMBench-ru,lora,1105,Какой термин соответствует изображению?,A,B,B,False,True,2.0
MMBench-ru,lora,3790,Какой из следующих подписей лучше всего описывает это изображение?,B,B,B,True,True,4.0
MMBench-ru,lora,2621,Каковы могут быть взаимоотношения этих людей на этом изображении?,C,C,C,True,True,4.0
MMBench-ru,lora,2818,Какое настроение передает это изображение?,D,A,A,False,True,4.0
MMBench-ru,lora,2281,Как называется показанная колония?,B,D,D,False,True,4.0
MMBench-ru,lora,899,Какой код на Python может сгенерировать содержимое изображения?,A,C,C,False,True,4.0
MMBench-ru,lora,2804,Сколько бананов на изображении?,B,C,C,False,True,4.0
MMBench-ru,lora,1328,"Основываясь на изображении, какие преимущества для семьи в запуске воздушного змея в пасмурный день?",B,B,B,True,True,4.0
MMBench-ru,lora,3452,Где это находится?,B,B,B,True,True,4.0
MMBench-ru,lora,3147,"Основываясь на изображении, что может сказать мужчина, держащий свою маленькую черную собаку в шляпе, об их отношениях?",D,D,D,True,True,4.0
MMBench-ru,lora,3178,Какое чувство изображено на этой картинке?,A,C,C,False,True,4.0
MMBench-ru,lora,229,"Судя по изображению, что можно сказать об отношениях между людьми и слоном?",C,C,C,True,True,4.0
MMBench-ru,lora,938,В каком направлении от Чёрного моря находится Украина?,A,A,A,True,True,4.0
MMBench-ru,lora,3366,Какова функция продемонстрированного объекта?,A,A,A,True,True,4.0
MMBench-ru,lora,131,Что произойдет дальше?,A,C,C,False,True,4.0
MMBench-ru,lora,3297,Что изображено на этой картинке?,B,B,B,True,True,4.0
MMBench-ru,lora,1292,"Основываясь на изображении, как женщина на картинке защищается от дождя?",B,B,B,True,True,4.0
MMBench-ru,lora,1643,Каковы могут быть отношения между двумя людьми на этом изображении?,A,A,A,True,True,4.0
MMBench-ru,lora,1096,Какое изображение более красочное?,B,B,B,True,True,2.0
MMBench-ru,lora,271,"Исходя из изображения, какова вероятная цель этого знака на пицце?",C,C,C,True,True,4.0
MMBench-ru,lora,864,Какое действие с дробями представлено этой формулой?,D,D,D,True,True,4.0
MMBench-ru,lora,3740,Какова функция продемонстрированного объекта?,A,A,A,True,True,4.0
MMBench-ru,lora,2323,"Основываясь на изображении, что представляет транспортная инфраструктура Лондона, включая Биг-Бен и транспортные средства?",C,C,C,True,True,4.0
MMBench-ru,lora,3589,Какая профессия у людей на этой фотографии?,B,B,B,True,True,4.0
MMBench-ru,lora,2940,Какой из следующих подписей лучше всего описывает это изображение?,D,D,D,True,True,4.0
MMBench-ru,lora,1288,"Основываясь на изображении, какое занятие, вероятно, происходит, исходя из предметов на столе?",D,C,C,False,True,4.0
MMBench-ru,lora,870,Какова наиболее вероятная цель этого постера?,C,C,C,True,True,4.0
MMBench-ru,lora,2684,Какое настроение передает это изображение?,C,C,C,True,True,4.0
MMBench-ru,lora,2044,"В природе, какова взаимосвязь между этими двумя существами?",C,C,C,True,True,4.0
MMBench-ru,lora,1620,Какой тип окружающей среды изображен на картинке?,A,A,A,True,True,4.0
MMBench-ru,lora,3623,Что это за достопримечательность и где она находится?,B,B,B,True,True,4.0
MMBench-ru,lora,3745,Какова функция демонстрируемого объекта?,A,A,A,True,True,4.0
MMBench-ru,lora,2633,"Можете ли вы определить время года, когда была сделана фотография?",D,C,C,False,True,4.0
MMBench-ru,lora,1879,Что это за достопримечательность? И где она находится?,D,D,D,True,True,4.0
MMBench-ru,lora,585,Какая погода изображена на картинке?,D,D,D,True,True,4.0
MMBench-ru,lora,1084,Какое изображение более красочное?,B,B,B,True,True,2.0
MMBench-ru,lora,3902,Какой код на Python может сгенерировать содержимое изображения?,A,D,D,False,True,4.0
MMBench-ru,lora,1010,"В природе, какая связь между этими двумя существами?",A,A,A,True,True,4.0
MMBench-ru,lora,3051,Какая из этих подписей правильная для этого изображения?,C,C,C,True,True,4.0
MMBench-ru,lora,2299,Какой город является столицей штата Вашингтон?,A,D,D,False,True,4.0
MMBench-ru,lora,2207,"Объект, показанный на этом рисунке:",A,B,B,False,True,4.0
MMBench-ru,lora,1076,Какое изображение более красочное?,A,B,B,False,True,2.0
MMBench-ru,lora,3059,Какой из этих вариантов является правильной подписью к этому изображению?,D,D,D,True,True,4.0
MMBench-ru,lora,2394,"Что Трой и Джейсон могут обменять, чтобы каждый получил то, что он хочет?",C,C,C,True,True,4.0
MMBench-ru,lora,1754,Какая профессия у людей на этой фотографии?,A,A,A,True,True,4.0
MMBench-ru,lora,3677,Какой стиль изображен на этой картине?,B,D,D,False,True,4.0
MMBench-ru,lora,2390,"Какого цвета матовый шар того же размера, что и серая металлическая вещь?",A,B,B,False,True,4.0
MMBench-ru,lora,1635,"Можете определить сезон, в который была сделана фотография?",A,A,A,True,True,4.0
MMBench-ru,lora,1482,Извлеките текст с изображения,B,A,A,False,True,4.0
MMBench-ru,lora,898,Какова функция продемонстрированного объекта?,D,D,D,True,True,4.0
MMBench-ru,lora,566,Какова функция демонстрируемого объекта?,A,A,A,True,True,4.0
MMBench-ru,lora,2087,В каком растворе концентрация фиолетовых частиц выше?,C,B,B,False,True,3.0
MMBench-ru,lora,2021,Какова природа отношений между этими двумя существами?,B,A,A,False,True,4.0
MMBench-ru,lora,372,Где на картинке находится жираф?,D,C,C,False,True,4.0
MMBench-ru,lora,3095,Какой вариант является правильной подписью к этому изображению?,B,B,B,True,True,4.0
MMBench-ru,lora,192,Какой из этих вариантов является правильной подписью к этому изображению?,D,D,D,True,True,4.0
MMBench-ru,lora,3527,Какого цвета этот объект?,B,B,B,True,True,4.0
MMBench-ru,lora,449,Какое изображение самое яркое?,A,D,D,False,True,4.0
MMBench-ru,lora,626,Какой формы этот объект?,B,D,D,False,True,4.0
MMBench-ru,lora,2570,Где это находится?,B,B,B,True,True,4.0
MMBench-ru,lora,655,Какое настроение передает это изображение?,A,A,A,True,True,4.0
MMBench-ru,lora,3244,"Что могут обменять Остин и Виктория, чтобы каждый получил то, что хочет?",A,B,B,False,True,4.0
MMBench-ru,lora,2787,В какую сторону повернута собака?,D,A,A,False,True,4.0
MMBench-ru,lora,1729,Какая профессия у людей на этой фотографии?,C,C,C,True,True,4.0
MMBench-ru,lora,2442,Какое изображение самое яркое?,C,C,C,True,True,4.0
MMBench-ru,lora,260,Какой континент выделен?,D,A,A,False,True,4.0
MMBench-ru,lora,1576,Какова основная тема изображения?,C,D,D,False,True,4.0
MMBench-ru,lora,1563,Как называется этот университет?,B,D,D,False,True,4.0
MMBench-ru,lora,2440,Как называется эта фотография?,C,C,C,True,True,4.0
MMBench-ru,lora,1917,Какова функция продемонстрированного объекта?,C,B,B,False,True,4.0
MMBench-ru,lora,2167,"Объект, показанный на этой фигуре:",B,B,B,True,True,4.0
MMBench-ru,lora,1029,Какой из следующих подписей лучше всего описывает это изображение?,B,B,B,True,True,4.0
MMBench-ru,lora,2266,"На основе изображения, какова основная цель сцены?",C,C,C,True,True,4.0
MMBench-ru,lora,3525,Какого цвета этот объект?,C,C,C,True,True,4.0
MMBench-ru,lora,47,Какая картинка более красочная?,B,A,A,False,True,2.0
MMBench-ru,lora,2786,Сколько здесь собак?,A,A,A,True,True,4.0
MMBench-ru,lora,2952,В каком направлении находится Франция в Средиземном море?,B,C,C,False,True,4.0
MMBench-ru,lora,469,Кто изображен на этой фотографии?,B,D,D,False,True,4.0
MMBench-ru,lora,2792,Где велосипед?,C,D,D,False,True,4.0
MMBench-ru,lora,3624,Сколько бананов на изображении?,A,D,D,False,True,4.0
MMBench-ru,lora,2199,Какая подпись подходит к этому изображению?,C,C,C,True,True,4.0
MMBench-ru,lora,3075,Какой из вариантов является правильной подписью к этому изображению?,A,A,A,True,True,4.0
MMBench-ru,lora,1092,Какая из этих колоний была Южной Колонией?,A,A,A,True,True,2.0
MMBench-ru,lora,3148,Как называется показанная колония?,B,D,D,False,True,4.0
MMBench-ru,lora,2625,Каковы могут быть взаимоотношения между двумя людьми на этом изображении?,B,B,B,True,True,4.0
MMBench-ru,lora,3865,"В природе, какое отношение между этими двумя существами?",A,D,D,False,True,4.0
MMBench-ru,lora,3908,Какое человеческое поведение описывает эта картина?,A,A,A,True,True,4.0
MMBench-ru,lora,1202,Что произойдет дальше?,C,D,D,False,True,4.0
MMBench-ru,lora,1780,Что это?,B,D,D,False,True,4.0
MMBench-ru,lora,647,Какую эмоцию выражает этот эмодзи?,A,A,A,True,True,4.0
MMBench-ru,lora,1858,Какой стиль изображен на этой картине?,A,C,C,False,True,4.0
MMBench-ru,lora,13,Какая из картинок более красочная?,A,A,A,True,True,2.0
MMBench-ru,lora,2957,В каком направлении находится Северная Корея от Южной Кореи?,B,C,C,False,True,4.0
MMBench-ru,lora,3587,Какая профессия у людей на этой картинке?,C,C,C,True,True,4.0
MMBench-ru,lora,2947,Какой из следующих подписей лучше всего описывает это изображение?,C,C,C,True,True,4.0
MMBench-ru,lora,1078,Какая картинка более красочная?,A,B,B,False,True,2.0
MMBench-ru,lora,2050,Какой код на Python может сгенерировать содержимое изображения?,C,D,D,False,True,4.0
MMBench-ru,lora,3120,"Основываясь на изображении, какой аспект внешности женщины больше всего способствует впечатлению игривости?",A,D,D,False,True,4.0
MMBench-ru,lora,731,Какой может быть связь между двумя людьми на этом изображении?,B,C,C,False,True,4.0
MMBench-ru,lora,2079,Какой вид человеческого поведения описан на этой картинке?,C,C,C,True,True,4.0
MMBench-ru,lora,435,Что изображено на этой фотографии?,A,C,C,False,True,4.0
MMBench-ru,lora,3565,Какая профессия у людей на этой картинке?,C,C,C,True,True,4.0
MMBench-ru,lora,2561,Как называется это здание?,C,C,C,True,True,4.0
MMBench-ru,lora,1222,Что верно в отношении ураганов?,C,C,C,True,True,3.0
MMBench-ru,lora,3447,Какой тип окружающей среды изображен на картинке?,C,C,C,True,True,4.0
MMBench-ru,lora,2617,На картинке изображён гористый ландшафт или прибрежный ландшафт?,B,B,B,True,True,4.0
MMBench-ru,lora,3695,К какой категории относится это изображение?,A,C,C,False,True,4.0
MMBench-ru,lora,2494,Какое изображение показывает наибольшую яркость цветов?,D,C,C,False,True,4.0
MMBench-ru,lora,3883,"В природе, каковы отношения между этими двумя существами?",C,C,C,True,True,4.0
MMBench-ru,lora,3736,Какой код на Python может сгенерировать содержимое изображения?,D,D,D,True,True,4.0
MMBench-ru,lora,1531,Каковы отношения между людьми на изображении?,A,A,A,True,True,4.0
MMBench-ru,lora,3123,Какая столица Аляски?,C,C,C,True,True,4.0
MMBench-ru,lora,661,Какое настроение передает это изображение?,A,A,A,True,True,4.0
MMBench-ru,lora,2209,Какой из вариантов является правильным описанием этого изображения?,A,A,A,True,True,4.0
MMBench-ru,lora,3189,Определите художественный стиль этого изображения.,D,D,D,True,True,4.0
MMBench-ru,lora,2172,Подумайте о магнитной силе между магнитами в каждой паре. Какое из следующих утверждений верно?,C,B,B,False,True,3.0
MMBench-ru,lora,2,Это место многолюдное?,A,B,B,False,True,2.0
MMBench-ru,lora,2453,Кто изображён на этом снимке?,C,C,C,True,True,4.0
MMBench-ru,lora,1327,"Основываясь на изображении, что можно сказать об отношениях между мужчиной и его маленькой черной собакой в шляпе?",B,B,B,True,True,4.0
MMBench-ru,lora,2001,В каком направлении находится Сирия относительно Средиземного моря?,B,B,B,True,True,4.0
MMBench-ru,lora,79,"Есть объект, который находится и слева от серой сферы, и справа от маленького цилиндра; какой это формы?",A,C,C,False,True,3.0
MMBench-ru,lora,458,Какой категории сцены лучше всего соответствует это изображение?,B,B,B,True,True,4.0
MMBench-ru,lora,1486,"Какой текст может быть связан с этим изображением, размещённым в Твиттере?",B,B,B,True,True,4.0
MMBench-ru,lora,3599,Какая профессия у людей на этой картинке?,A,A,A,True,True,4.0
MMBench-ru,lora,3406,"На картинке изображена сцена химического эксперимента. Пожалуйста, выберите исходные материалы, которые могут быть использованы в этом эксперименте.",A,C,C,False,True,4.0
MMBench-ru,lora,3304,Какое изображение самое яркое?,D,A,A,False,True,4.0
MMBench-ru,lora,1259,Какой из предложенных вариантов является правильным заголовком для этого изображения?,B,B,B,True,True,4.0
MMBench-ru,lora,980,Какое поведение человека описывает эта картинка?,A,A,A,True,True,4.0
MMBench-ru,lora,237,"Основываясь на продвижении здорового баланса между временем перед экраном и другими видами деятельности, какая стратегия направлена на вовлечение ребёнка в семейные активности?",D,D,D,True,True,4.0
MMBench-ru,lora,986,Какое человеческое поведение описывает эта картинка?,A,A,A,True,True,4.0
MMBench-ru,lora,3596,Какая профессия у людей на этой картинке?,B,B,B,True,True,4.0
MMBench-ru,lora,3772,Какой из следующих подписей лучше всего описывает это изображение?,B,B,B,True,True,4.0
MMBench-ru,lora,3842,В каком направлении находится Замбия от Мадагаскара?,C,C,C,True,True,4.0
MMBench-ru,lora,350,Какого цвета крошечный блестящий цилиндр?,D,C,C,False,True,4.0
MMBench-ru,lora,2997,В каком направлении от Афганистана находится Туркменистан?,B,C,C,False,True,4.0
MMBench-ru,lora,1990,В каком направлении находится Китай от Японии?,D,B,B,False,True,4.0
MMBench-ru,lora,3342,"Какой текст может быть связан с этим изображением, опубликованным в Твиттере?",D,D,D,True,True,4.0
MMBench-ru,lora,283,"Что должен сделать мужчина перед тем, как начать заниматься серфингом, чтобы обеспечить свою безопасность?",A,A,A,True,True,4.0
MMBench-ru,lora,3115,"Исходя из изображения, что выделяет Quick Stop Groceries среди других продуктовых магазинов?",A,B,B,False,True,4.0
MMBench-ru,lora,2181,"Объект, показанный на рисунке:",C,C,C,True,True,4.0
MMBench-ru,lora,3136,"На основе изображения, как женщина на картинке защищается от дождя?",D,D,D,True,True,4.0
MMBench-ru,lora,515,Где это?,B,B,B,True,True,4.0
MMBench-ru,lora,525,Где это находится?,A,A,A,True,True,4.0
MMBench-ru,lora,2702,Какая профессия у людей на этой фотографии?,D,D,D,True,True,4.0
MMBench-ru,lora,1946,Какой код на Python может сгенерировать содержимое изображения?,D,D,D,True,True,4.0
MMBench-ru,lora,2251,Какие из следующих действий будут наименее ожидаемыми для женщины в дождливую погоду?,A,D,D,False,True,4.0
MMBench-ru,lora,676,Какое главное событие изображено на этом изображении?,B,D,D,False,True,4.0
MMBench-ru,lora,1085,Каким образом можно описать экосистему пустыни Большая Виктория?,A,A,A,True,True,2.0
MMBench-ru,lora,2161,"В природе, какова взаимосвязь между этими двумя существами?",B,B,B,True,True,4.0
MMBench-ru,lora,3573,Какое настроение передает это изображение?,B,B,B,True,True,4.0
MMBench-ru,lora,2484,Какая из картинок показывает самый высокий контраст?,B,C,C,False,True,4.0
MMBench-ru,lora,1733,Какое настроение передает это изображение?,A,A,A,True,True,4.0
MMBench-ru,lora,867,Какой код на Python может сгенерировать содержимое изображения?,B,D,D,False,True,4.0
MMBench-ru,lora,2208,"Объект, показанный на этой фигуре:",D,C,C,False,True,4.0
MMBench-ru,lora,3093,Какой из этих вариантов является правильной подписью к этому изображению?,B,B,B,True,True,4.0
MMBench-ru,lora,2989,В каком направлении находится Австралия от Новой Зеландии?,B,C,C,False,True,4.0
MMBench-ru,lora,2825,К какой категории относится это изображение?,B,B,B,True,True,4.0
MMBench-ru,lora,823,что это за достопримечательность? И где она находится?,B,B,B,True,True,4.0
MMBench-ru,lora,2920,"Какая формула даст тот же результат, что и формула на рисунке?",C,C,C,True,True,4.0
MMBench-ru,lora,1276,Какая подпись к этому изображению правильная?,A,A,A,True,True,4.0
MMBench-ru,lora,1634,"Можете определить, в какое время года была сделана фотография?",C,C,C,True,True,4.0
MMBench-ru,lora,2751,Где кошка?,D,D,D,True,True,4.0
MMBench-ru,lora,3881,"В природе, какое отношение между этими двумя существами?",A,A,A,True,True,4.0
MMBench-ru,lora,1529,Какое отношение между людьми на изображении?,A,B,B,False,True,4.0
MMBench-ru,lora,1794,Сколько бананов на картинке?,C,D,D,False,True,4.0
MMBench-ru,lora,2119,Каковы природные отношения между этими животными?,B,B,B,True,True,3.0
MMBench-ru,lora,1849,К какой категории относится это изображение?,D,D,D,True,True,4.0
MMBench-ru,lora,495,Какова функция продемонстрированного объекта?,B,B,B,True,True,4.0
MMBench-ru,lora,1015,"В природе, каковы отношения между этими двумя существами?",A,D,D,False,True,4.0
MMBench-ru,lora,920,Какой из следующих подписей лучше всего описывает это изображение?,C,C,C,True,True,4.0
MMBench-ru,lora,262,"Основываясь на изображении, что можно сказать о чувстве моды и стиле женщины?",A,A,A,True,True,4.0
MMBench-ru,lora,1384,"Основываясь на изображении, какие есть преимущества для здоровья от употребления блюда, описанного на картинке?",C,B,B,False,True,4.0
MMBench-ru,lora,86,Какой термин соответствует изображению?,B,B,B,True,True,2.0
MMBench-ru,lora,2409,Примерно какую часть изображения занимает слон на картинке?,B,B,B,True,True,4.0
MMBench-ru,lora,2268,"На основании изображения, какие факторы должны учитывать группа людей с досками для серфинга перед участием в их пляжной активности?",C,C,C,True,True,4.0
MMBench-ru,lora,942,Какой из следующих подписей лучше всего описывает это изображение?,C,C,C,True,True,4.0
MMBench-ru,lora,2410,Где на картинке находится брокколи?,A,A,A,True,True,4.0
MMBench-ru,lora,3877,"В природе, какие взаимоотношения между этими двумя существами?",A,A,A,True,True,4.0
MMBench-ru,lora,29,Какое изображение более яркое?,A,A,A,True,True,2.0
MMBench-ru,lora,290,Какое чувство изображено на этой картинке?,C,B,B,False,True,4.0
MMBench-ru,lora,2899,Какой код на Python может сгенерировать содержимое изображения?,C,D,D,False,True,4.0
MMBench-ru,lora,2584,Какой тип окружающей среды изображен на фотографии?,C,C,C,True,True,4.0
MMBench-ru,lora,241,Какой из этих штатов находится дальше всего на восток?,C,B,B,False,True,4.0
MMBench-ru,lora,937,Какой из следующих подписей лучше всего описывает это изображение?,C,C,C,True,True,4.0
MMBench-ru,lora,276,Какое название у показанной колонии?,D,B,B,False,True,4.0
MMBench-ru,lora,128,Что произойдет дальше? ,B,C,C,False,True,4.0
MMBench-ru,lora,3521,Какой формы этот объект?,D,C,C,False,True,4.0
MMBench-ru,lora,1353,Какой термин соответствует изображению?,A,A,A,True,True,2.0
MMBench-ru,lora,3615,Кто этот человек?,C,B,B,False,True,4.0
MMBench-ru,lora,2105,Каковы природные взаимоотношения этих животных?,A,A,A,True,True,3.0
MMBench-ru,lora,974,Какой из следующих заголовков лучше всего описывает это изображение?,A,A,A,True,True,4.0
MMBench-ru,lora,1140,Какая черта есть у этой рыжей белки?,B,B,B,True,True,2.0
MMBench-ru,lora,2740,Какая профессия у людей на этой картине?,D,D,D,True,True,4.0
MMBench-ru,lora,1988,Какая из следующих подписей лучше всего описывает это изображение?,C,C,C,True,True,4.0
MMBench-ru,lora,877,Какова наиболее вероятная цель этого постера?,B,B,B,True,True,4.0
MMBench-ru,lora,3641,В каком углу нет никакой еды?,C,A,A,False,True,4.0
MMBench-ru,lora,541,Где находится овца?,B,B,B,True,True,4.0
MMBench-ru,lora,2962,Какой из следующих подписей лучше всего описывает это изображение?,D,D,D,True,True,4.0
MMBench-ru,lora,2338,Какая эмоция изображена на этом изображении?,A,D,D,False,True,4.0
MMBench-ru,lora,2360,Какое чувство изображено на этом изображении?,A,A,A,True,True,4.0
MMBench-ru,lora,1936,"Площадь какой фигуры можно вычислить, используя формулу на этой картинке?",B,B,B,True,True,4.0
MMBench-ru,lora,995,"В природе, какова взаимосвязь между этими двумя существами?",D,D,D,True,True,4.0
MMBench-ru,lora,3213,Какое действие выполняется на этом изображении?,C,C,C,True,True,4.0
MMBench-ru,lora,1937,С каким особым днем связан этот постер?,B,B,B,True,True,4.0
MMBench-ru,lora,3307,На каком изображении самая высокая резкость?,A,A,A,True,True,4.0
MMBench-ru,lora,1667,Какое может быть отношение между двумя людьми на этом изображении?,D,C,C,False,True,4.0
MMBench-ru,lora,779,К какой категории принадлежит это изображение?,D,D,D,True,True,4.0
MMBench-ru,lora,386,Где на картинке находится медведь?,C,C,C,True,True,4.0
MMBench-ru,lora,397,Какое из следующих утверждений описывает жизнь в независимом городе-государстве?,A,D,D,False,True,4.0
MMBench-ru,lora,2699,Какое настроение передаёт это изображение?,A,A,A,True,True,4.0
MMBench-ru,lora,1765,Какое предложение правильно описывает капибар?,A,C,C,False,True,4.0
MMBench-ru,lora,1451,Какое движение изображение хочет передать?,C,D,D,False,True,4.0
MMBench-ru,lora,1734,Какая профессия у людей на этом изображении?,B,B,B,True,True,4.0
MMBench-ru,lora,1683,Каковы могут быть отношения между двумя людьми на этом изображении?,B,B,B,True,True,4.0
MMBench-ru,lora,1912,Какая операция с дробями представлена этой формулой?,B,A,A,False,True,4.0
MMBench-ru,lora,3538,Какую эмоцию выражает этот смайлик?,A,A,A,True,True,4.0
MMBench-ru,lora,3799,Какой из следующих заголовков лучше всего описывает это изображение?,B,B,B,True,True,4.0
MMBench-ru,lora,221,"Объект, показанный на этой фигуре:",D,A,A,False,True,4.0
MMBench-ru,lora,2758,Сколько здесь собак?,D,B,B,False,True,4.0
MMBench-ru,lora,2676,Какое настроение передает это изображение?,D,D,D,True,True,4.0
MMBench-ru,lora,2646,Какова может быть связь между двумя людьми на этом изображении?,C,C,C,True,True,4.0
MMBench-ru,lora,403,Что изображено на этой картинке?,C,C,C,True,True,4.0
MMBench-ru,lora,248,Какой город является столицей штата Небраска?,B,A,A,False,True,4.0
MMBench-ru,lora,1649,Какое из следующих утверждений соответствует изображению?,B,C,C,False,True,4.0
MMBench-ru,lora,2982,Какой из следующих описаний лучше всего описывает это изображение?,A,A,A,True,True,4.0
MMBench-ru,lora,1389,"Международная организация состоит из членов (), которые ().",C,D,D,False,True,4.0
MMBench-ru,lora,3279,Что изображено на этой картинке?,D,C,C,False,True,4.0
MMBench-ru,lora,3835,Какая из следующих подписей лучше всего описывает это изображение?,A,A,A,True,True,4.0
MMBench-ru,lora,447,Какое изображение является самым ярким?,B,A,A,False,True,4.0
MMBench-ru,lora,1018,Какое человеческое поведение описано на этом изображении?,C,C,C,True,True,4.0
MMBench-ru,lora,784,кто этот человек?,C,B,B,False,True,4.0
MMBench-ru,lora,3588,Какая профессия у людей на этом изображении?,A,D,D,False,True,4.0
MMBench-ru,lora,3846,"В природе, какова связь между этими двумя существами?",D,A,A,False,True,4.0
MMBench-ru,lora,1837,К какому стилю относится это изображение?,A,A,A,True,True,4.0
MMBench-ru,lora,574,Какое главное событие изображено на этом изображении?,C,D,D,False,True,4.0
MMBench-ru,lora,3893,Какое человеческое поведение описано на этой картинке?,D,D,D,True,True,4.0
MMBench-ru,lora,751,В каком углу находится яблоко?,C,A,A,False,True,4.0
MMBench-ru,lora,3603,Кто этот человек?,C,A,A,False,True,4.0
MMBench-ru,lora,1894,Какова функция демонстрируемого объекта?,D,D,D,True,True,4.0
MMBench-ru,lora,1023,Каковы взаимоотношения между этими двумя существами в природе?,B,B,B,True,True,4.0
MMBench-ru,lora,308,Этот образец изображает какой стиль?,A,A,A,True,True,4.0
MMBench-ru,lora,1815,Сколько здесь собак?,D,D,D,True,True,4.0
MMBench-ru,lora,3309,Кто изображен на этой фотографии?,C,C,C,True,True,4.0
MMBench-ru,lora,3528,Какого цвета этот объект?,D,D,D,True,True,4.0
MMBench-ru,lora,3506,Какой формы этот объект?,C,C,C,True,True,4.0
MMBench-ru,lora,2254,"Исходя из изображения, какое действие, вероятно, выполняется на основе предметов на столе?",A,D,D,False,True,4.0
MMBench-ru,lora,401,Сколько собак на этом изображении?,A,A,A,True,True,4.0
MMBench-ru,lora,207,Какой вариант является правильным описанием этого изображения?,B,B,B,True,True,4.0
MMBench-ru,lora,2671,Какова форма этого объекта?,A,A,A,True,True,4.0
MMBench-ru,lora,2214,Какой вариант является правильной подписью к этому изображению?,C,C,C,True,True,4.0
MMBench-ru,lora,3424,Что правильно?,B,B,B,True,True,4.0
MMBench-ru,lora,60,Что лучше описывает экосистемы приливных бассейнов в заповеднике Tongue Point Marine Life Sanctuary?,B,B,B,True,True,2.0
MMBench-ru,lora,382,Сколько компьютерных мониторов на этой картинке?,D,C,C,False,True,4.0
MMBench-ru,lora,3086,Какая из этих подписей правильно описывает это изображение?,B,B,B,True,True,4.0
MMBench-ru,lora,3476,Каковы могут быть отношения между двумя людьми на этом изображении?,D,D,D,True,True,4.0
MMBench-ru,lora,968,В каком направлении находится Канада в Атлантическом океане?,C,D,D,False,True,4.0
MMBench-ru,lora,681,Какая профессия у людей на этой картинке?,B,B,B,True,True,4.0
MMBench-ru,lora,1664,Какое отношение могут иметь эти люди на изображении?,C,C,C,True,True,4.0
MMBench-ru,lora,1989,В каком направлении находится Франция в Средиземном море?,A,B,B,False,True,4.0
MMBench-ru,lora,1971,Какой из следующих заголовков лучше всего описывает это изображение?,D,D,D,True,True,4.0
MMBench-ru,lora,875,Что хочет выразить эта картинка?,B,B,B,True,True,4.0
MMBench-ru,lora,1642,Какая погода изображена на картинке?,A,**A,A,True,True,4.0
MMBench-ru,lora,240,Какая из подписей к изображению правильная?,A,**A,A,True,True,4.0
MMBench-ru,lora,674,Какое настроение передает это изображение?,C,**C,C,True,True,4.0
MMBench-ru,lora,1552,Какой вариант правильно описывает взаимное расположение объектов на изображении?,D,**D,D,True,True,4.0
MMBench-ru,lora,8,Какая картина более яркая?,A,**A,A,True,True,2.0
MMBench-ru,lora,1599,"Исходя из изображения, где находится ноутбук?",C,**C,C,True,True,4.0
MMBench-ru,lora,1086,Кожа какого животного также адаптирована для выживания в холодных местах?,A,**A,A,True,True,2.0
MMBench-ru,lora,3211,Какое из следующих утверждений описывает жизнь в независимом городе-государстве?,D,The correct answer is D,C,False,True,4.0
MMBench-ru,lora,3215,"После окончания Аккадской империи, многие города и империи пытались контролировать Месопотамию. Около 1790 года до н.э., какая империя начала контролировать Месопотамию?",A,B,B,False,True,4.0
MMBench-ru,lora,1863,К какой категории относится это изображение?,A,A,A,True,True,4.0
MMBench-ru,lora,1168,"В изображении-сравнении, одинаковой ли формы левые и правые модули?",B,C,C,False,True,3.0
MMBench-ru,lora,1732,Какое настроение передаёт это изображение?,B,B,B,True,True,4.0
MMBench-ru,lora,2853,К какой категории относится это изображение?,C,C,C,True,True,4.0
MMBench-ru,lora,2992,В каком направлении от Кыргызстана находится Индия?,D,C,C,False,True,4.0
MMBench-ru,lora,3208,Определите стиль этого изображения.,C,D,D,False,True,4.0
MMBench-ru,lora,2276,"Судя по изображению, какова вероятная цель знака на пицце?",A,A,A,True,True,4.0
MMBench-ru,lora,2711,Какое настроение передает это изображение?,B,C,C,False,True,4.0
MMBench-ru,lora,2942,Какой из следующих подписей лучше всего описывает это изображение?,B,B,B,True,True,4.0
MMBench-ru,lora,1993,"Какой код на Python создаст результат, показанный на изображении?",D,D,D,True,True,4.0
MMBench-ru,lora,634,Какой формы этот объект?,C,C,C,True,True,4.0
MMBench-ru,lora,777,В каком направлении смотрит человек?,A,A,A,True,True,4.0
MMBench-ru,lora,1215,"В Соединённых Штатах существует федеральная система. Основываясь на этих определениях, какое из следующих утверждений скорее всего будет сделано человеком, который живет при федеральной системе?",B,B,B,True,True,3.0
MMBench-ru,lora,891,Какая операция с дробями представлена этой формулой?,B,B,B,True,True,4.0
MMBench-ru,lora,239,Что является столицей штата Вашингтон?,C,B,B,False,True,4.0
MMBench-ru,lora,2372,Какое из следующих утверждений описывает жизнь в независимом городе-государстве?,C,C,C,True,True,4.0
MMBench-ru,lora,3013,"В природе, каковы взаимоотношения между этими двумя существами?",C,B,B,False,True,4.0
MMBench-ru,lora,2220,Какой вариант является правильным описанием этого изображения?,D,D,D,True,True,4.0
MMBench-ru,lora,249,"Объект, показанный на этой фигуре:",D,D,D,True,True,4.0
MMBench-ru,lora,3063,Какая подпись правильно описывает это изображение?,B,B,B,True,True,4.0
MMBench-ru,lora,1284,"Исходя из изображения, какова вероятная цель знака на пицце?",D,D,D,True,True,4.0
MMBench-ru,lora,234,"Глядя на изображение, какова цель использования зонта человеком, идущим под дождем?",C,C,C,True,True,4.0
MMBench-ru,lora,205,Какой из этих вариантов является правильным описанием этого изображения?,C,C,C,True,True,4.0
MMBench-ru,lora,2392,Какое движение хочет передать это изображение?,C,C,C,True,True,4.0
MMBench-ru,lora,1952,Какая из следующих подписей лучше всего описывает это изображение?,B,B,B,True,True,4.0
MMBench-ru,lora,2059,"В природе, какова взаимосвязь между этими двумя существами?",B,A,A,False,True,4.0
MMBench-ru,lora,3492,Какова может быть связь между двумя людьми на этом изображении?,A,B,B,False,True,4.0
MMBench-ru,lora,2175,"Судя по карте, что было правдой в отношении Шелкового пути около 1300 года н.э.?",C,C,C,True,True,3.0
MMBench-ru,lora,644,Какое достижение на этом изображении?,D,D,D,True,True,4.0
MMBench-ru,lora,232,Что символизирует рукопожатие между двумя мужчинами на изображении?,A,D,D,False,True,4.0
MMBench-ru,lora,2080,Подумайте о магнитной силе между магнитами в каждой паре. Какое из следующих утверждений верно?,B,C,C,False,True,3.0
MMBench-ru,lora,328,Определите художественный стиль этого изображения.,D,A,A,False,True,4.0
MMBench-ru,lora,3487,Каковы могут быть отношения между двумя людьми на этом изображении?,A,D,D,False,True,4.0
MMBench-ru,lora,761,Сколько яблок на изображении? И сколько бананов?,A,B,B,False,True,4.0
MMBench-ru,lora,280,"Опираясь на изображение, что говорит контраст между ярко-синим скейтбордом и человеком, который его несет?",B,B,B,True,True,4.0
MMBench-ru,lora,2437,Сколько коров на этой картинке?,A,A,A,True,True,4.0
MMBench-ru,lora,278,Как называется показанная колония?,B,D,D,False,True,4.0
MMBench-ru,lora,2765,Кто этот человек?,B,B,B,True,True,4.0
MMBench-ru,lora,963,Какой из следующих описаний лучше всего соответствует этому изображению?,D,D,D,True,True,4.0
MMBench-ru,lora,1653,Какой может быть связь между двумя людьми на этом изображении?,D,**D,D,True,True,4.0
MMBench-ru,lora,491,Какой вариант правильно описывает взаимное расположение объектов на изображении?,C,**C,C,True,True,4.0
MMBench-ru,lora,2333,Определите художественный стиль этого изображения.,C,**C,C,True,True,4.0
MMBench-ru,lora,1008,Какое человеческое поведение описано на этой картинке?,B,The correct answer is B,C,False,True,4.0
MMBench-ru,lora,2371,Какое действие выполняется на этом изображении?,B,**B,B,True,True,4.0
MMBench-ru,lora,2435,Извлечь текст из изображения,A,**A,A,True,True,4.0
MMBench-ru,lora,162,"Объект, показанный на этой фигуре:",A,**B,B,False,True,4.0
MMBench-ru,lora,2536,Как называется этот город?,C,**C,C,True,True,4.0
MMBench-ru,lora,335,Международная организация состоит из членов () которые ().,B,B,B,True,True,4.0
MMBench-ru,lora,1717,Какое настроение передает это изображение?,A,A,A,True,True,4.0
MMBench-ru,lora,2692,Какое настроение передает это изображение?,C,C,C,True,True,4.0
MMBench-ru,lora,3748,"Какой код на Python сгенерирует результат, показанный на изображении?",D,D,D,True,True,4.0
MMBench-ru,lora,2315,Какое из следующих утверждений описывает жизнь в независимом городе-государстве?,C,B,B,False,True,4.0
MMBench-ru,lora,2141,Что произойдет дальше?,A,A,A,True,True,4.0
MMBench-ru,lora,1295,Какая столица штата Вашингтон?,D,C,C,False,True,4.0
MMBench-ru,lora,1068,Какое изображение более яркое?,B,B,B,True,True,2.0
MMBench-ru,lora,836,Какова функция демонстрируемого объекта?,C,B,B,False,True,4.0
MMBench-ru,lora,2743,Кто этот человек?,A,A,A,True,True,4.0
MMBench-ru,lora,2933,"Какая формула имеет такой же результат вычисления, как и формула на рисунке?",B,C,C,False,True,4.0
MMBench-ru,lora,1286,Какой из следующих вариантов является правильной подписью к этому изображению?,B,B,B,True,True,4.0
MMBench-ru,lora,977,Какой из следующих подписей лучше всего описывает это изображение?,B,B,B,True,True,4.0
MMBench-ru,lora,1087,"Дополните текст, чтобы описать диаграмму.
Частицы растворенного вещества двигались в обоих направлениях через проницаемую мембрану. Но больше частиц растворенного вещества перемещалось через мембрану (). Когда концентрация на обеих сторонах стала равной, частицы достигли равновесия.",B,B,B,True,True,2.0
MMBench-ru,lora,1621,Что является основной темой изображения?,C,A,A,False,True,4.0
MMBench-ru,lora,536,Какова основная тема изображения?,C,C,C,True,True,4.0
MMBench-ru,lora,3633,Сколько яблок на изображении? И сколько бананов?,C,C,C,True,True,4.0
MMBench-ru,lora,2643,"Можете ли вы определить время года, когда была сделана эта фотография?",A,A,A,True,True,4.0
MMBench-ru,lora,1228,"Объект, показанный на этом рисунке:",C,C,C,True,True,4.0
MMBench-ru,lora,1872,В каком стиле выполнена эта картина?,B,B,B,True,True,4.0
MMBench-ru,lora,3854,"В природе, какова связь между этими двумя существами?",D,C,C,False,True,4.0
MMBench-ru,lora,3079,Какой из этих вариантов наиболее подходит в качестве подписи к этому изображению?,B,B,B,True,True,4.0
MMBench-ru,lora,297,"Судя по изображению, какова вероятная цель использования этого утилитарного транспортного средства в данной ситуации?",A,A,A,True,True,4.0
MMBench-ru,lora,38,Какой из следующих ископаемых моложе? Выберите наиболее вероятный ответ.,B,A,A,False,True,2.0
MMBench-ru,lora,1877,К какому типу принадлежит это изображение?,A,A,A,True,True,4.0
MMBench-ru,lora,2544,Какова функция продемонстрированного объекта?,C,C,C,True,True,4.0
MMBench-ru,lora,2306,Как называется показанная колония?,D,B,B,False,True,4.0
MMBench-ru,lora,409,Извлечь текст из изображения,A,B,B,False,True,4.0
MMBench-ru,lora,300,Какое чувство представлено на этом изображении?,B,B,B,True,True,4.0
MMBench-ru,lora,2202,Какой из вариантов надписи для этого изображения является правильным?,A,A,A,True,True,4.0
MMBench-ru,lora,873,Какова функция продемонстрированного объекта?,A,D,D,False,True,4.0
MMBench-ru,lora,2072,Какое поведение человека описывает эта картина?,A,D,D,False,True,4.0
MMBench-ru,lora,3738,С каким особым днём связан этот постер?,A,A,A,True,True,4.0
MMBench-ru,lora,542,Какова функция демонстрируемого объекта?,D,D,D,True,True,4.0
MMBench-ru,lora,1429,В какую сторону смотрит этот человек на фотографии?,B,B,B,True,True,4.0
MMBench-ru,lora,281,"Объект, показанный на этом рисунке:",D,C,C,False,True,4.0
MMBench-ru,lora,1000,"В природе, каковы отношения между этими двумя существами?",A,B,B,False,True,4.0
MMBench-ru,lora,1513,Каковы отношения между людьми на изображении?,D,D,D,True,True,4.0
MMBench-ru,lora,1167,"На данном сравнительном изображении, имеют ли левые и правые модули одинаковую форму?",B,C,C,False,True,3.0
MMBench-ru,lora,646,Какого цвета этот объект?,D,D,D,True,True,4.0
MMBench-ru,lora,3630,Сколько видов фруктов изображено на картинке?,B,D,D,False,True,4.0
MMBench-ru,lora,3415,Как называется это здание?,D,D,D,True,True,4.0
MMBench-ru,lora,2225,"В Соединенных Штатах действует федеральная система. Исходя из этих определений, какое из следующих утверждений скорее всего будет сделано человеком, живущим при федеральной системе?",B,B,B,True,True,3.0
MMBench-ru,lora,2881,Какова функция показанного объекта?,A,A,A,True,True,4.0
MMBench-ru,lora,1239,Какая подпись правильная для этого изображения?,B,B,B,True,True,4.0
MMBench-ru,lora,2505,Что изображено на этом снимке?,A,A,A,True,True,4.0
MMBench-ru,lora,3850,"В природе, какая взаимосвязь между этими двумя существами?",D,C,C,False,True,4.0
MMBench-ru,lora,2678,Какова форма этого объекта?,C,B,B,False,True,4.0
MMBench-ru,lora,2166,"На основе временной шкалы, какое из следующих утверждений является верным?",C,C,C,True,True,3.0
MMBench-ru,lora,32,Какое изображение более яркое?,B,A,A,False,True,2.0
MMBench-ru,lora,2735,Каковы могут быть отношения между этими людьми на изображении?,B,D,D,False,True,4.0
MMBench-ru,lora,3346,"Какую работу, скорее всего, выполняет человек на изображении?",A,A,A,True,True,4.0
MMBench-ru,lora,2271,"Почему формирование сильных социальных связей с другими самками может повысить репродуктивный успех самки павиана? Завершите утверждение ниже, которое отвечает на этот вопрос и наиболее полно поддерживается приведённым отрывком.
Формирование сильных социальных связей с другими самками увеличивает шансы на то, что ().",C,B,B,False,True,3.0
MMBench-ru,lora,1226,Что такое пальцы бананового растения?,B,A,A,False,True,2.0
MMBench-ru,lora,2717,Какая профессия у людей на этой картинке?,D,D,D,True,True,4.0
MMBench-ru,lora,424,Какое изображение самое яркое?,B,C,C,False,True,4.0
MMBench-ru,lora,550,Какой тип окружающей среды изображён на картинке?,A,A,A,True,True,4.0
MMBench-ru,lora,3851,Какова природа взаимоотношений между этими двумя существами в природе?,D,A,A,False,True,4.0
MMBench-ru,lora,472,"Какой текст может быть связан с этим изображением, опубликованным в твиттере?",A,D,D,False,True,4.0
MMBench-ru,lora,438,Какое изображение самое четкое?,C,A,A,False,True,4.0
MMBench-ru,lora,3040,Какое поведение человека описывает эта картинка?,C,C,C,True,True,4.0
MMBench-ru,lora,3722,Какова функция продемонстрированного объекта?,B,B,B,True,True,4.0
MMBench-ru,lora,3863,Какое человеческое поведение описывает эта картинка?,D,D,D,True,True,4.0
MMBench-ru,lora,1115,Какова природа взаимоотношений этих животных?,A,C,C,False,True,3.0
MMBench-ru,lora,1154,Какой термин соответствует картинке?,B,B,B,True,True,2.0
MMBench-ru,lora,2477,Сколько грузовиков на этом фото?,C,C,C,True,True,4.0
MMBench-ru,lora,862,Какова функция продемонстрированного объекта?,B,B,B,True,True,4.0
MMBench-ru,lora,2939,Какой из следующих подписей лучше всего описывает это изображение?,A,A,A,True,True,4.0
MMBench-ru,lora,1404,Где находятся две зебры на рисунке?,C,B,B,False,True,4.0
MMBench-ru,lora,833,Какова функция продемонстрированного объекта?,C,D,D,False,True,4.0
MMBench-ru,lora,2815,К какой категории относится это изображение?,C,C,C,True,True,4.0
MMBench-ru,lora,2597,"На основе изображения, каково отношение между цветами и вазой?",C,C,C,True,True,4.0
MMBench-ru,lora,1081,"Согласно цепочке событий, когда Тинкер Белл была отравлена?",A,B,B,False,True,2.0
MMBench-ru,lora,2070,Подумай о магнитной силе между магнитами в каждой паре. Какое из следующих утверждений верное?,C,C,C,True,True,3.0
MMBench-ru,lora,3675,В каком стиле выполнена эта картина?,D,C,C,False,True,4.0
MMBench-ru,lora,1028,Какое человеческое поведение описывает эта картина?,A,A,A,True,True,4.0
MMBench-ru,lora,208,Какой из вариантов правильно описывает это изображение?,C,C,C,True,True,4.0
MMBench-ru,lora,378,Сколько грузовиков на этой фотографии?,A,B,B,False,True,4.0
MMBench-ru,lora,2598,Какой тип погоды изображен на картинке?,A,C,C,False,True,4.0
MMBench-ru,lora,3582,Какая профессия у людей на этой фотографии?,D,D,D,True,True,4.0
MMBench-ru,lora,3839,В каком направлении находится Новая Зеландия от Австралии?,B,D,D,False,True,4.0
MMBench-ru,lora,1133,Какое изображение более яркое?,A,B,B,False,True,2.0
MMBench-ru,lora,180,Какой из вариантов правильно описывает эту картинку?,A,A,A,True,True,4.0
MMBench-ru,lora,14,Какая из изображений более яркое?,A,A,A,True,True,2.0
MMBench-ru,lora,1366,Какое чувство изображено на этой картинке?,D,C,C,False,True,4.0
MMBench-ru,lora,3158,Какое человеческое поведение описывает эта картина?,C,C,C,True,True,4.0
MMBench-ru,lora,535,Какая основная тема изображения?,A,A,A,True,True,4.0
MMBench-ru,lora,2609,Какой тип окружающей среды изображен на картинке?,B,B,B,True,True,4.0
MMBench-ru,lora,1072,Какая из картинок более красочная?,B,B,B,True,True,2.0
MMBench-ru,lora,3682,К какой категории относится это изображение?,C,C,C,True,True,4.0
MMBench-ru,lora,3036,Какое человеческое поведение описывает эта картина?,B,B,B,True,True,4.0
MMBench-ru,lora,1809,Пончик укушен с какой стороны?,B,C,C,False,True,4.0
MMBench-ru,lora,2259,"На основе продвижения здорового баланса между временем у экрана и другими занятиями, какая стратегия направлена на участие ребенка в семейных делах?",B,B,B,True,True,4.0
MMBench-ru,lora,2890,Какова функция демонстрируемого объекта?,C,C,C,True,True,4.0
MMBench-ru,lora,1751,Какая профессия у людей на этой картинке?,D,D,D,True,True,4.0
MMBench-ru,lora,2297,"Судя по изображению, как женщина на картине защищается от дождя?",C,C,C,True,True,4.0
MMBench-ru,lora,39,Какая черта есть у этой рыжей белки?,A,A,A,True,True,2.0
MMBench-ru,lora,3673,К какой категории относится это изображение?,D,D,D,True,True,4.0
MMBench-ru,lora,3554,Каковы могут быть отношения между двумя людьми на этом изображении?,B,B,B,True,True,4.0
MMBench-ru,lora,2830,К какой категории относится это изображение?,D,A,A,False,True,4.0
MMBench-ru,lora,610,На изображении изображен горный ландшафт или прибрежный ландшафт?,D,C,C,False,True,4.0
MMBench-ru,lora,2234,Какое из этих описаний правильно подписывает это изображение?,B,B,B,True,True,4.0
MMBench-ru,lora,147,Что будет дальше?,A,B,B,False,True,4.0
MMBench-ru,lora,1512,Какое отношение между людьми на изображении?,A,C,C,False,True,4.0
MMBench-ru,lora,2385,"Какого цвета другой маленький блестящий предмет, той же формы, что и крошечный желтый блестящий объект?",D,A,A,False,True,4.0
MMBench-ru,lora,2263,"Основываясь на изображении, какова может быть основная причина, по которой человек на картинке использует черный зонт?",D,D,D,True,True,4.0
MMBench-ru,lora,606,Какое отношение могут иметь эти люди на изображении?,A,C,C,False,True,4.0
MMBench-ru,lora,1760,Какая профессия у людей на этой фотографии?,C,C,C,True,True,4.0
MMBench-ru,lora,522,Где это находится?,A,B,B,False,True,4.0
MMBench-ru,lora,171,"На основе карты, что было верно о Великом шёлковом пути около 1300 года н.э.?",A,A,A,True,True,3.0
MMBench-ru,lora,1262,Какой из вариантов является правильной подписью к этому изображению?,B,B,B,True,True,4.0
MMBench-ru,lora,1493,На каком изображении самая высокая резкость?,A,C,C,False,True,4.0
MMBench-ru,lora,3260,Сколько грузовиков на этой фотографии?,D,D,D,True,True,4.0
MMBench-ru,lora,163,Что могло бы показать тестирование Эрнесто?,A,C,C,False,True,3.0
MMBench-ru,lora,1465,Что изображено на этом рисунке?,C,C,C,True,True,4.0
MMBench-ru,lora,860,Какова функция продемонстрированного объекта?,D,D,D,True,True,4.0
MMBench-ru,lora,2793,В каком углу нет тарелок?,A,D,D,False,True,4.0
MMBench-ru,lora,1022,Какое человеческое поведение описывает эта картинка?,A,A,A,True,True,4.0
MMBench-ru,lora,2731,Какая профессия у людей справа?,A,A,A,True,True,4.0
MMBench-ru,lora,421,На каком изображении наивысшая резкость?,C,A,A,False,True,4.0
MMBench-ru,lora,1448,Что изображено на этой картинке?,C,C,C,True,True,4.0
MMBench-ru,lora,3195,Какой стиль представлен на этом изображении?,D,D,D,True,True,4.0
MMBench-ru,lora,2293,Что является столицей Северной Каролины?,B,D,D,False,True,4.0
MMBench-ru,lora,3537,Какое настроение передает это изображение?,C,D,D,False,True,4.0
MMBench-ru,lora,2542,Где это находится?,C,C,C,True,True,4.0
MMBench-ru,lora,3069,Какая подпись к изображению является правильной?,D,D,D,True,True,4.0
MMBench-ru,lora,633,Какую связь могут иметь два человека на этом изображении?,C,B,B,False,True,4.0
MMBench-ru,lora,969,В каком направлении находится Иран от Туркменистана?,B,A,A,False,True,4.0
MMBench-ru,lora,665,Какое настроение передает это изображение?,A,B,B,False,True,4.0
MMBench-ru,lora,3276,"Какого цвета другой маленький блестящий объект, имеющий ту же форму, что и крошечный желтый блестящий объект?",A,B,B,False,True,4.0
MMBench-ru,lora,3320,Какое изображение показывает наибольшую резкость?,B,D,D,False,True,4.0
MMBench-ru,lora,725,кто этот человек?,C,D,D,False,True,4.0
MMBench-ru,lora,1688,Какова форма этого объекта?,D,D,D,True,True,4.0
MMBench-ru,lora,101,На этой картинке крылья бабочки имеют одинаковую форму?,B,A,A,False,True,3.0
MMBench-ru,lora,734,какая это достопримечательность? и где она находится?,C,C,C,True,True,4.0
MMBench-ru,lora,3901,Какое человеческое поведение описывает эта картина?,D,D,D,True,True,4.0
MMBench-ru,lora,1360,"Что могут обменять Гордон и Роксана, чтобы каждый получил то, что хочет?",C,C,C,True,True,4.0
MMBench-ru,lora,3204,Какое действие выполняется на этом изображении?,A,B,B,False,True,4.0
MMBench-ru,lora,1686,Какого цвета этот объект?,B,B,B,True,True,4.0
MMBench-ru,lora,3285,Что изображено на этой картинке?,B,B,B,True,True,4.0
MMBench-ru,lora,3468,"Можете ли вы определить время года, когда была сделана фотография?",C,C,C,True,True,4.0
MMBench-ru,lora,3010,"В природе, какая связь между этими двумя существами?",C,D,D,False,True,4.0
MMBench-ru,lora,3347,Какое изображение показывает самый высокий контраст?,A,D,D,False,True,4.0
MMBench-ru,lora,1016,Какой вид человеческого поведения описывает эта картина?,C,C,C,True,True,4.0
MMBench-ru,lora,3712,Какова функция продемонстрированного объекта?,B,B,B,True,True,4.0
MMBench-ru,lora,652,Какова форма этого объекта?,C,C,C,True,True,4.0
MMBench-ru,lora,3225,В каком направлении этот человек смотрит на изображении?,D,D,D,True,True,4.0
MMBench-ru,lora,3880,"В природе, какова взаимосвязь между этими двумя существами?",D,C,C,False,True,4.0
MMBench-ru,lora,442,Какая из изображений самая яркая?,D,D,D,True,True,4.0
MMBench-ru,lora,1566,Какой вариант правильно описывает взаимное расположение объектов на изображении?,B,D,D,False,True,4.0
MMBench-ru,lora,158,Что произойдет дальше?,A,C,C,False,True,4.0
MMBench-ru,lora,1927,"какой код на Python сгенерирует результат, показанный на изображении?",A,C,C,False,True,4.0
MMBench-ru,lora,911,Что значит этот знак?,C,C,C,True,True,4.0
MMBench-ru,lora,817,Какой стиль изображён на этом изображении?,D,B,B,False,True,4.0
MMBench-ru,lora,1885,Какова функция демонстрируемого объекта?,D,D,D,True,True,4.0
MMBench-ru,lora,1432,Какое действие выполняется на этом изображении?,C,A,A,False,True,4.0
MMBench-ru,lora,1250,Какой из вариантов является правильным описанием этого изображения?,D,D,D,True,True,4.0
MMBench-ru,lora,3257,Примерно какая часть изображения занята кошкой на картинке?,D,D,D,True,True,4.0
MMBench-ru,lora,932,В каком направлении от Средиземного моря находится Сирия?,A,A,A,True,True,4.0
MMBench-ru,lora,913,"На этом рисунке показано домашнее задание Анны на каждый будний день. Можешь сказать, что Анна должна делать во вторник?",C,D,D,False,True,4.0
MMBench-ru,lora,96,"Исходя из временной шкалы, какое из следующих утверждений является верным?",A,C,C,False,True,3.0
MMBench-ru,lora,2703,Какая профессия у людей на этом изображении?,B,B,B,True,True,4.0
MMBench-ru,lora,791,Какой это ориентир? И где он находится?,A,A,A,True,True,4.0
MMBench-ru,lora,1632,На картинке изображен горный пейзаж или прибрежный?,A,D,D,False,True,4.0
MMBench-ru,lora,1344,Какую эмоцию изображает этот рисунок?,C,C,C,True,True,4.0
MMBench-ru,lora,1141,Два стула на картинке одного цвета?,C,C,C,True,True,3.0
MMBench-ru,lora,3830,Какая из следующих подписей лучше всего описывает это изображение?,B,B,B,True,True,4.0
MMBench-ru,lora,3167,"Основываясь на изображении, каковы некоторые преимущества для здоровья от употребления такой пищи, как описано?",A,D,D,False,True,4.0
MMBench-ru,lora,1143,Подумайте о магнитной силе между магнитами в каждой паре. Какое из следующих утверждений верно?,A,B,B,False,True,3.0
MMBench-ru,lora,1438,Сколько людей вы видите на этой картинке?,C,D,D,False,True,4.0
MMBench-ru,lora,2627,Какова форма этого объекта?,C,C,C,True,True,4.0
MMBench-ru,lora,2086,Какое человеческое поведение описано на этой картинке?,C,C,C,True,True,4.0
MMBench-ru,lora,1637,"Можешь определить, в какое время года была сделана эта фотография?",B,B,B,True,True,4.0
MMBench-ru,lora,2783,В каком направлении смотрит человек?,C,C,C,True,True,4.0
MMBench-ru,lora,3562,Какое настроение передает это изображение?,C,D,D,False,True,4.0
MMBench-ru,lora,1356,Какой художественный стиль преобладает на этом изображении?,C,C,C,True,True,4.0
MMBench-ru,lora,113,"На этой картинке, являются ли две помады одного цвета?",B,B,B,True,True,3.0
MMBench-ru,lora,3419,Где это?,B,D,D,False,True,4.0
MMBench-ru,lora,1069,Какое изображение более яркое?,A,B,B,False,True,2.0
MMBench-ru,lora,3696,Какой это достопримечательность и где она находится?,D,D,D,True,True,4.0
MMBench-ru,lora,2378,Какое движение хочет передать это изображение?,A,A,A,True,True,4.0
MMBench-ru,lora,3464,Какое основное событие на этом изображении?,B,B,B,True,True,4.0
MMBench-ru,lora,156,"США имеют федеральную систему. Основываясь на этих определениях, какое из этих утверждений скорее всего сделает человек, живущий при федеральной системе?",C,C,C,True,True,3.0
MMBench-ru,lora,444,Какая работа наиболее вероятна для человека на изображении?,C,C,C,True,True,4.0
MMBench-ru,lora,2443,"Какой текст может быть связан с этим изображением, опубликованным в Twitter?",C,C,C,True,True,4.0
MMBench-ru,lora,1779,Что это?,D,D,D,True,True,4.0
MMBench-ru,lora,1415,Где на картинке находится жираф?,A,D,D,False,True,4.0
MMBench-ru,lora,2984,Какая из следующих подписей лучше всего описывает это изображение?,A,A,A,True,True,4.0
MMBench-ru,lora,3221,Какое из следующих утверждений описывает жизнь в независимом городе-государстве?,B,B,B,True,True,4.0
MMBench-ru,lora,3504,Каковы могут быть отношения между этими людьми на изображении?,D,D,D,True,True,4.0
MMBench-ru,lora,1787,кто этот человек?,C,A,A,False,True,4.0
MMBench-ru,lora,2483,Какое изображение самое яркое?,A,C,C,False,True,4.0
MMBench-ru,lora,2094,Какова природа взаимоотношений этих животных?,C,C,C,True,True,3.0
MMBench-ru,lora,473,Каковы отношения между людьми на изображении?,D,D,D,True,True,4.0
MMBench-ru,lora,1577,Какова функция продемонстрированного объекта?,D,D,D,True,True,4.0
MMBench-ru,lora,2361,"Судя по изображению, что указывает на наличие двух пицц, трёх стаканов напитков и столовых приборов на сцене?",D,D,D,True,True,4.0
MMBench-ru,lora,778,Что это за достопримечательность и где она находится?,A,A,A,True,True,4.0
MMBench-ru,lora,1043,Какое человеческое поведение описывает эта картинка?,A,A,A,True,True,4.0
MMBench-ru,lora,181,Какой из этих подписей правильно описывает данное изображение?,D,D,D,True,True,4.0
MMBench-ru,lora,2903,Какова наиболее вероятная цель этого плаката?,B,B,B,True,True,4.0
MMBench-ru,lora,1786,что это за достопримечательность? и где она находится?,B,B,B,True,True,4.0
MMBench-ru,lora,6,Какое изображение более яркое?,A,A,A,True,True,2.0
MMBench-ru,lora,2129,Одинакового ли цвета два стула на картинке?,A,C,C,False,True,3.0
MMBench-ru,lora,2205,Какой из вариантов является правильной подписью к этому изображению?,A,A,A,True,True,4.0
MMBench-ru,lora,2813,"Объект, показанный на этом рисунке:",C,B,B,False,True,4.0
MMBench-ru,lora,2946,Какой из следующих заголовков лучше всего описывает это изображение?,D,D,D,True,True,4.0
MMBench-ru,lora,3039,Какое человеческое поведение описывает эта картинка?,A,A,A,True,True,4.0
MMBench-ru,lora,3018,"В природе, какова связь между этими двумя существами?",D,D,D,True,True,4.0
MMBench-ru,lora,2746,Кто этот человек?,A,D,D,False,True,4.0
MMBench-ru,lora,807,К какой категории относится это изображение?,C,C,C,True,True,4.0
MMBench-ru,lora,1491,На каком изображении самая высокая резкость?,D,B,B,False,True,4.0
MMBench-ru,lora,1766,Какая профессия у людей на этой фотографии?,C,C,C,True,True,4.0
MMBench-ru,lora,286,"Основываясь на описании, чем отличается холодильник на кухне от современных?",A,D,D,False,True,4.0
MMBench-ru,lora,2720,Какая профессия у людей на этой картине?,B,B,B,True,True,4.0
MMBench-ru,lora,1352,Какая эмоция изображена на этой картинке?,C,C,C,True,True,4.0
MMBench-ru,lora,2552,Какое из следующих утверждений соответствует изображению?,D,D,D,True,True,4.0
MMBench-ru,lora,1285,Какой из вариантов является правильной подписью к этому изображению?,B,B,B,True,True,4.0
MMBench-ru,lora,3423,Какое из следующих утверждений соответствует изображению?,D,A,A,False,True,4.0
MMBench-ru,lora,510,Где это находится?,A,A,A,True,True,4.0
MMBench-ru,lora,2948,Какой из следующих подписей лучше всего описывает это изображение?,C,C,C,True,True,4.0
MMBench-ru,lora,1230,Что произойдет дальше?,C,A,A,False,True,4.0
MMBench-ru,lora,2077,Какой раствор имеет более высокую концентрацию зеленых частиц?,B,A,A,False,True,3.0
MMBench-ru,lora,1266,Какой из этих вариантов является правильным названием для этого изображения?,D,D,D,True,True,4.0
MMBench-ru,lora,3359,"Какая работа, скорее всего, у человека на изображении?",C,C,C,True,True,4.0
MMBench-ru,lora,1672,Какой может быть взаимоотношение этих людей на изображении?,A,C,C,False,True,4.0
MMBench-ru,lora,1336,Как называется показанная колония?,A,C,C,False,True,4.0
MMBench-ru,lora,1648,"Можете определить время года, когда был сделан этот снимок?",D,D,D,True,True,4.0
MMBench-ru,lora,2855,Кто это человек?,A,A,A,True,True,4.0
MMBench-ru,lora,1211,"Объект, показанный на этой фигуре:",B,B,B,True,True,4.0
MMBench-ru,lora,2270,Какой из этих штатов находится дальше всего на восток?,A,D,D,False,True,4.0
MMBench-ru,lora,521,Какова главная тема изображения?,B,C,C,False,True,4.0
MMBench-ru,lora,785,К какой категории относится это изображение?,C,C,C,True,True,4.0
MMBench-ru,lora,1722,Какое настроение передает это изображение?,B,B,B,True,True,4.0
MMBench-ru,lora,2723,Какое настроение передает это изображение?,C,C,C,True,True,4.0
MMBench-ru,lora,3530,Какого цвета этот объект?,D,D,D,True,True,4.0
MMBench-ru,lora,2774,Какое настроение передает это изображение?,D,D,D,True,True,4.0
MMBench-ru,lora,3064,Какое человеческое поведение описано на этой картинке?,D,D,D,True,True,4.0
MMBench-ru,lora,712,Какая профессия у людей на этой картине?,B,B,B,True,True,4.0
MMBench-ru,lora,2521,"Если жидкость на картинке содержит только один растворённый элемент, что, скорее всего, это за элемент?",B,D,D,False,True,4.0
MMBench-ru,lora,2331,Какое чувство изображено на этой картинке?,D,D,D,True,True,4.0
MMBench-ru,lora,1232,Что произойдет дальше?,A,C,C,False,True,4.0
MMBench-ru,lora,1663,Какой тип погоды изображен на картинке?,B,B,B,True,True,4.0
MMBench-ru,lora,2244,Какая из этих подписей правильно описывает это изображение?,D,D,D,True,True,4.0
MMBench-ru,lora,1,Из какого материала сделана эта лопатка?,A,A,A,True,True,2.0
MMBench-ru,lora,1244,Какая подпись к этому изображению верная?,D,D,D,True,True,4.0
MMBench-ru,lora,1175,Два банана одного размера?,C,C,C,True,True,3.0
MMBench-ru,lora,3362,Какова основная тема изображения?,A,A,A,True,True,4.0
MMBench-ru,lora,3370,Какой вариант правильно описывает взаимоотношение объектов на изображении?,D,D,D,True,True,4.0
MMBench-ru,lora,3218,"Что могут обменять Дженни и Оливия, чтобы каждая получила то, что она хочет?",D,D,D,True,True,4.0
MMBench-ru,lora,2375,Какой вариант показывает территорию Македонии?,B,D,D,False,True,4.0
MMBench-ru,lora,3644,В каком углу нет ни одной тарелки?,C,B,B,False,True,4.0
MMBench-ru,lora,2681,Какого цвета этот объект?,B,B,B,True,True,4.0
MMBench-ru,lora,1319,"Исходя из изображения, чем можно предположить, что занимается мужчина?",A,A,A,True,True,4.0
MMBench-ru,lora,1904,Какова функция продемонстрированного объекта?,B,A,A,False,True,4.0
MMBench-ru,lora,3386,Какое из следующих утверждений соответствует изображению?,A,C,C,False,True,4.0
MMBench-ru,lora,1811,что это за достопримечательность? и где она находится?,B,B,B,True,True,4.0
MMBench-ru,lora,2767,С какой стороны надкушен пончик?,C,C,C,True,True,4.0
MMBench-ru,lora,3534,Какое настроение передает это изображение?,B,B,B,True,True,4.0
MMBench-ru,lora,2093,Какой тип человеческого поведения описывает эта картинка?,C,C,C,True,True,4.0
MMBench-ru,lora,1938,Какова функция продемонстрированного объекта?,B,B,B,True,True,4.0
MMBench-ru,lora,3014,Какова связь между этими двумя существами в природе?,D,D,D,True,True,4.0
MMBench-ru,lora,695,Какая профессия у людей на этой фотографии?,B,B,B,True,True,4.0
MMBench-ru,lora,2698,Какое настроение передает это изображение?,A,A,A,True,True,4.0
MMBench-ru,lora,347,Какое движение хочет передать это изображение?,D,C,C,False,True,4.0
MMBench-ru,lora,1162,"На этом сравнительном изображении, верхний и нижний модули одного цвета?",C,C,C,True,True,3.0
MMBench-ru,lora,2111,Диваны на картинке одного цвета?,A,C,C,False,True,3.0
MMBench-ru,lora,2719,Какое настроение передает это изображение?,C,C,C,True,True,4.0
MMBench-ru,lora,2592,Какой тип погоды изображён на картинке?,A,A,A,True,True,4.0
MMBench-ru,lora,3478,"Можете ли вы определить, в какое время года была сделана эта фотография?",A,A,A,True,True,4.0
MMBench-ru,lora,1372,Какую эмоцию изображает это изображение?,C,A,A,False,True,4.0
MMBench-ru,lora,3542,Какое настроение передает это изображение?,B,B,B,True,True,4.0
MMBench-ru,lora,3076,Какой вариант является правильной подписью к этому изображению?,A,A,A,True,True,4.0
MMBench-ru,lora,962,В каком направлении Чили от Уругвая?,C,A,A,False,True,4.0
MMBench-ru,lora,2755,Что это за достопримечательность? И где она находится?,B,B,B,True,True,4.0
MMBench-ru,lora,1271,Какой вариант правильно описывает это изображение?,B,B,B,True,True,4.0
MMBench-ru,lora,3625,В каком углу сок?,C,D,D,False,True,4.0
MMBench-ru,lora,815,"Объект, показанный на этой фигуре:",A,C,C,False,True,4.0
MMBench-ru,lora,603,Каковы могут быть отношения между двумя людьми на этом изображении?,A,A,A,True,True,4.0
MMBench-ru,lora,100,Какое утверждение описывает экосистему Большой пустыни Виктория?,B,B,B,True,True,2.0
MMBench-ru,lora,189,Какой из вариантов правильно описывает это изображение?,A,A,A,True,True,4.0
MMBench-ru,lora,3798,Какой из следующих подписей лучше всего описывает это изображение?,D,D,D,True,True,4.0
MMBench-ru,lora,3650,В каком направлении стоит человек?,D,D,D,True,True,4.0
MMBench-ru,lora,2503,Какими отношениями связаны люди на изображении?,B,C,C,False,True,4.0
MMBench-ru,lora,3785,Какой из следующих подписей лучше всего описывает это изображение?,D,D,D,True,True,4.0
MMBench-ru,lora,298,Какая эмоция изображена на этом изображении?,A,A,A,True,True,4.0
MMBench-ru,lora,1865,Какой стиль изображен на этом изображении?,A,C,C,False,True,4.0
MMBench-ru,lora,1697,Какую форму имеет этот объект?,D,D,D,True,True,4.0
MMBench-ru,lora,2579,"Исходя из изображения, какова взаимосвязь между белой лошадью и черной лошадью?",C,D,D,False,True,4.0
MMBench-ru,lora,2357,Международная организация состоит из членов (). которые (),D,D,D,True,True,4.0
MMBench-ru,lora,796,К какой категории относится это изображение?,A,A,A,True,True,4.0
MMBench-ru,lora,3516,Каковы могут быть отношения между двумя людьми на этом изображении?,D,D,D,True,True,4.0
MMBench-ru,lora,2852,Какова функция продемонстрированного объекта?,B,B,B,True,True,4.0
MMBench-ru,lora,1572,Какова основная тема изображения?,C,C,C,True,True,4.0
MMBench-ru,lora,2024,Какой из следующих подписей лучше всего описывает это изображение?,D,D,D,True,True,4.0
MMBench-ru,lora,1636,Какой тип погоды изображен на картинке?,D,D,D,True,True,4.0
MMBench-ru,lora,999,"В природе, какие отношения существуют между этими двумя существами?",B,B,B,True,True,4.0
MMBench-ru,lora,604,Каковы могут быть отношения между двумя главными персонажами на этом изображении?,A,A,A,True,True,4.0
MMBench-ru,lora,2687,Какой неприятный исход на этом изображении?,A,C,C,False,True,4.0
MMBench-ru,lora,2816,К какой категории относится это изображение?,D,A,A,False,True,4.0
MMBench-ru,lora,22,Какое изображение более красочное?,A,A,A,True,True,2.0
MMBench-ru,lora,3713,Какова функция продемонстрированного объекта?,B,B,B,True,True,4.0
MMBench-ru,lora,3154,"Основываясь на изображении, в чем одно из преимуществ тренировки на скейтборде в помещении по сравнению с катанием на улице?",D,D,D,True,True,4.0
MMBench-ru,lora,436,Какой категории сцены лучше всего соответствует это изображение?,C,C,C,True,True,4.0
MMBench-ru,lora,1741,Какое отношение могут иметь друг к другу эти люди на изображении?,B,D,D,False,True,4.0
MMBench-ru,lora,896,"Площадь какой фигуры можно рассчитать, используя формулу, показанную на этом изображении?",C,A,A,False,True,4.0
MMBench-ru,lora,720,Какое настроение передает это изображение?,C,C,C,True,True,4.0
MMBench-ru,lora,2850,"Объект, показанный на этой фигуре:",C,B,B,False,True,4.0
MMBench-ru,lora,2121,На этом сравнительном изображении левый и правый модули одного цвета?,C,C,C,True,True,3.0
MMBench-ru,lora,1902,Какова функция продемонстрированного объекта?,B,D,D,False,True,4.0
MMBench-ru,lora,3502,Какое отношение эти люди могут иметь друг к другу на этой картинке?,A,A,A,True,True,4.0
MMBench-ru,lora,2283,Какой из этих штатов находится дальше всего на восток?,C,D,D,False,True,4.0
MMBench-ru,lora,1020,Какое человеческое поведение описывает эта картина?,A,A,A,True,True,4.0
MMBench-ru,lora,497,Как называется этот город?,A,A,A,True,True,4.0
MMBench-ru,lora,1869,В каком стиле выполнена эта картина?,A,C,C,False,True,4.0
MMBench-ru,lora,546,Как называется этот университет?,A,D,D,False,True,4.0
MMBench-ru,lora,1903,Какова функция демонстрируемого объекта?,B,B,B,True,True,4.0
MMBench-ru,lora,2734,Кто этот человек?,C,C,C,True,True,4.0
MMBench-ru,lora,3497,Каковы могут быть отношения между двумя людьми на этом изображении?,B,B,B,True,True,4.0
MMBench-ru,lora,2289,"Исходя из изображения, что способствует беспорядку и неорганизованному виду в углу кухни?",D,C,C,False,True,4.0
MMBench-ru,lora,2438,Извлеките текст из изображения.,A,D,D,False,True,4.0
MMBench-ru,lora,1299,"Основываясь на изображении, какова цель использования зонтика человеком, который идет под дождем?",D,D,D,True,True,4.0
MMBench-ru,lora,3640,К какой категории относится это изображение?,D,D,D,True,True,4.0
MMBench-ru,lora,1812,где находится собака?,A,A,A,True,True,4.0
MMBench-ru,lora,2509,Какое изображение показывает наибольший контраст?,C,A,A,False,True,4.0
MMBench-ru,lora,3272,Сколько самолётов видно на этой картинке?,B,B,B,True,True,4.0
MMBench-ru,lora,2067,Какой тип человеческого поведения описывается на этой картинке?,B,B,B,True,True,4.0
MMBench-ru,lora,1747,Какая профессия у людей на этой картинке?,A,A,A,True,True,4.0
MMBench-ru,lora,3235,Где на картинке находится женщина?,A,D,D,False,True,4.0
MMBench-ru,lora,1826,К какой категории относится это изображение?,C,D,D,False,True,4.0
MMBench-ru,lora,651,Какое настроение передает это изображение?,C,D,D,False,True,4.0
MMBench-ru,lora,3046,Какое поведение человека описывает эта картина?,A,A,A,True,True,4.0
MMBench-ru,lora,1944,Какой код на Python может сгенерировать содержимое изображения?,B,B,B,True,True,4.0
MMBench-ru,lora,1843,К какой категории относится это изображение?,B,B,B,True,True,4.0
MMBench-ru,lora,1061,Какое человеческое поведение описывает эта картинка?,A,A,A,True,True,4.0
MMBench-ru,lora,3456,Какой тип погоды изображен на картинке?,A,A,A,True,True,4.0
MMBench-ru,lora,1012,Каковы взаимоотношения между этими двумя существами в природе?,A,D,D,False,True,4.0
MMBench-ru,lora,2611,"Можете ли вы определить, в какое время года была сделана эта фотография?",B,B,B,True,True,4.0
MMBench-ru,lora,1135,Какова природа взаимоотношений этих животных?,C,C,C,True,True,3.0
MMBench-ru,lora,3897,Какое человеческое поведение описывает эта картина?,D,D,D,True,True,4.0
MMBench-ru,lora,2135,На этой картинке два попугая одного цвета?,A,C,C,False,True,3.0
MMBench-ru,lora,1984,В каком направлении находится Канада в Атлантическом океане?,D,A,A,False,True,4.0
MMBench-ru,lora,2567,Какой вариант правильно описывает отношение объектов на изображении?,D,D,D,True,True,4.0
MMBench-ru,lora,979,Какой из следующих подписей лучше всего описывает это изображение?,C,C,C,True,True,4.0
MMBench-ru,lora,1124,"Исходя из временной шкалы, какое событие происходит после того, как Джеймс Маршалл обнаруживает золото и до того, как золото становится труднее находить?",B,B,B,True,True,2.0
MMBench-ru,lora,1801,Какой это памятник и где он находится?,B,B,B,True,True,4.0
MMBench-ru,lora,317,Какую эмоцию изображает эта картинка?,B,B,B,True,True,4.0
MMBench-ru,lora,2922,Для чего может использоваться формула на этом изображении?,D,A,A,False,True,4.0
MMBench-ru,lora,1170,Что из перечисленного могло показать испытание Девина?,B,B,B,True,True,2.0
MMBench-ru,lora,960,В каком направлении находится Китай от Монголии?,B,A,A,False,True,4.0
MMBench-ru,lora,1112,Какое изображение более яркое?,B,B,B,True,True,2.0
MMBench-ru,lora,1375,Какой художественный стиль представлен на этом изображении?,C,D,D,False,True,4.0
MMBench-ru,lora,1309,"Основываясь на изображении, какой аспект внешности женщины больше всего способствует впечатлению игривости?",C,A,A,False,True,4.0
MMBench-ru,lora,2212,"Объект, показанный на этом рисунке:",A,A,A,True,True,4.0
MMBench-ru,lora,330,Какое чувство изображено на этом изображении?,D,C,C,False,True,4.0
MMBench-ru,lora,3744,Какой особенный день связан с этим постером?,B,D,D,False,True,4.0
MMBench-ru,lora,617,Какой тип окружения изображён на картинке?,B,B,B,True,True,4.0
MMBench-ru,lora,947,В каком направлении находится Туркменистан от Кыргызстана?,C,A,A,False,True,4.0
MMBench-ru,lora,1568,Какова функция продемонстрированного объекта?,B,B,B,True,True,4.0
MMBench-ru,lora,2842,Какой стиль изображен на этом изображении?,B,D,D,False,True,4.0
MMBench-ru,lora,625,Какими могут быть отношения между двумя главными людьми на этом изображении?,A,A,A,True,True,4.0
MMBench-ru,lora,2893,Какова функция демонстрируемого объекта?,D,D,D,True,True,4.0
MMBench-ru,lora,876,Площадь какой фигуры можно вычислить с помощью формулы на этой картинке?,A,C,C,False,True,4.0
MMBench-ru,lora,263,"Основываясь на изображении, какие факторы должны учесть люди с досками для серфинга перед тем, как заняться своей деятельностью на пляже?",A,A,A,True,True,4.0
MMBench-ru,lora,1699,Какого цвета этот объект?,A,A,A,True,True,4.0
MMBench-ru,lora,1669,Каковы могут быть отношения между двумя людьми на этом изображении?,C,C,C,True,True,4.0
MMBench-ru,lora,1355,Какое чувство изображено на этой картинке?,B,A,A,False,True,4.0
MMBench-ru,lora,2222,Какой из вариантов является правильным описанием этого изображения?,B,B,B,True,True,4.0
MMBench-ru,lora,1908,Какова функция демонстрируемого объекта?,C,C,C,True,True,4.0
MMBench-ru,lora,1703,Какое настроение передает это изображение?,B,B,B,True,True,4.0
MMBench-ru,lora,255,"Объект, показанный на этом рисунке:",D,A,A,False,True,4.0
MMBench-ru,lora,847,"Объект, показанный на этом рисунке:",A,D,D,False,True,4.0
MMBench-ru,lora,1720,Какую форму имеет этот объект?,A,A,A,True,True,4.0
MMBench-ru,lora,1595,"На изображении показана сцена химического эксперимента. Пожалуйста, выберите сырьевые материалы, которые могут использоваться в этом эксперименте.",C,A,A,False,True,4.0
MMBench-ru,lora,3501,Какова может быть взаимосвязь этих людей на изображении?,D,B,B,False,True,4.0
MMBench-ru,lora,2848,В каком стиле выполнена эта картина?,B,C,C,False,True,4.0
MMBench-ru,lora,80,"Судя по цепочке событий, когда Тинкер Белл была отравлена?",B,B,B,True,True,2.0
MMBench-ru,lora,2358,Какой художественный стиль изображен на картинке?,C,C,C,True,True,4.0
MMBench-ru,lora,1558,Где это находится?,B,B,B,True,True,4.0
MMBench-ru,lora,1953,"Какая формула имеет тот же результат вычисления, что и формула на рисунке?",A,D,D,False,True,4.0
MMBench-ru,lora,24,Какая изображение более красочная?,A,A,A,True,True,2.0
MMBench-ru,lora,1440,Какой обозначение показывает территорию Македонии?,A,C,C,False,True,4.0
MMBench-ru,lora,1223,"Объект, показанный на этом рисунке:",D,B,B,False,True,4.0
MMBench-ru,lora,3541,Какое настроение передает это изображение?,D,D,D,True,True,4.0
MMBench-ru,lora,1597,Что верно?,B,B,B,True,True,4.0
MMBench-ru,lora,1716,Какое настроение передаёт это изображение?,A,A,A,True,True,4.0
MMBench-ru,lora,2204,"На основе изображения, где находится мальчик?",A,C,C,False,True,4.0
MMBench-ru,lora,3061,Какой из этих подписей правильно описывает изображение?,D,D,D,True,True,4.0
MMBench-ru,lora,3009,Какое взаимодействие характерно для этих двух существ в природе?,B,B,B,True,True,4.0
MMBench-ru,lora,2236,Какая подпись к этому изображению правильная?,B,B,B,True,True,4.0
MMBench-ru,lora,2470,Какое изображение показывает наибольшую четкость?,C,A,A,False,True,4.0
MMBench-ru,lora,903,Какая из следующих подписей лучше всего описывает это изображение?,A,A,A,True,True,4.0
MMBench-ru,lora,1999,В каком направлении находится Италия в Средиземном море?,A,B,B,False,True,4.0
MMBench-ru,lora,3763,"Объем какого объекта можно вычислить, используя формулу на рисунке?",B,B,B,True,True,4.0
MMBench-ru,lora,1117,Какой термин соответствует изображению?,B,B,B,True,True,2.0
MMBench-ru,lora,1785,Кто этот человек?,C,D,D,False,True,4.0
MMBench-ru,lora,3536,"Согласно тексту, что из следующего делало миграцию странствующего голубя особенным событием?",C,C,C,True,True,4.0
MMBench-ru,lora,118,"На изображении два объекта, сложенные из кубов. Они одинаковой формы?",B,A,A,False,True,3.0
MMBench-ru,lora,1592,Где это находится?,B,B,B,True,True,4.0
MMBench-ru,lora,1376,Какое чувство изображено на этой картинке?,C,C,C,True,True,4.0
MMBench-ru,lora,2739,Какая профессия у людей на этой картинке?,A,A,A,True,True,4.0
MMBench-ru,lora,2781,В каком углу нет тарелок?,B,A,A,False,True,4.0
MMBench-ru,lora,1656,Какой тип окружения изображен на картинке?,A,A,A,True,True,4.0
MMBench-ru,lora,2966,В каком направлении находится Чили от Уругвая?,A,C,C,False,True,4.0
MMBench-ru,lora,3648,что это за достопримечательность? и где она находится?,D,D,D,True,True,4.0
MMBench-ru,lora,1914,Что означает этот знак?,D,D,D,True,True,4.0
MMBench-ru,lora,3369,Где это?,B,B,B,True,True,4.0
MMBench-ru,lora,2548,Какая основная тема изображения?,D,D,D,True,True,4.0
MMBench-ru,lora,3800,В каком направлении от Средиземного моря находится Франция?,C,D,D,False,True,4.0
MMBench-ru,lora,110,Одинакового ли размера два банана?,B,B,B,True,True,3.0
MMBench-ru,lora,1613,Где это находится?,B,C,C,False,True,4.0
MMBench-ru,lora,2424,"На изображении, в каком направлении смотрит этот человек?",C,C,C,True,True,4.0
MMBench-ru,lora,2311,"На основе изображения, какие эмоции может вызвать у зрителей образ пожилого мужчины, сидящего на скамейке?",C,C,C,True,True,4.0
MMBench-ru,lora,2715,Какая профессия у людей на этой картинке?,D,D,D,True,True,4.0
MMBench-ru,lora,111,Какой тип породы представляет собой сланец?,C,B,B,False,True,3.0
MMBench-ru,lora,343,Какое действие выполняется на этом изображении?,B,B,B,True,True,4.0
MMBench-ru,lora,2632,Как могут быть связаны два человека на этой фотографии?,D,C,C,False,True,4.0
MMBench-ru,lora,1755,Какова профессия людей на этой картинке?,D,D,D,True,True,4.0
MMBench-ru,lora,555,Что правильно?,C,C,C,True,True,4.0
MMBench-ru,lora,1891,Какова функция продемонстрированного объекта?,D,C,C,False,True,4.0
MMBench-ru,lora,744,Какова профессия людей на этой фотографии?,A,A,A,True,True,4.0
MMBench-ru,lora,3168,Какую эмоцию изображает данное изображение?,D,D,D,True,True,4.0
MMBench-ru,lora,1065,Какая картинка более яркая?,B,B,B,True,True,2.0
MMBench-ru,lora,3243,Примерно какую часть изображения занимает автобус на картинке?,B,C,C,False,True,4.0
MMBench-ru,lora,1340,Какой континент выделен?,A,B,B,False,True,4.0
MMBench-ru,lora,866,Какой код на Python может сгенерировать содержимое изображения?,B,D,D,False,True,4.0
MMBench-ru,lora,1862,Какой стиль изображен на этом изображении?,C,C,C,True,True,4.0
MMBench-ru,lora,1338,"Основываясь на изображении, какое значение для мальчика может иметь объятие с огромным плюшевым мишкой?",B,D,D,False,True,4.0
MMBench-ru,lora,1382,"Какая буква обозначает территорию, контролируемую древней цивилизацией Майя?",C,A,A,False,True,4.0
MMBench-ru,lora,3055,Какой код на Python может сгенерировать содержимое изображения?,D,D,D,True,True,4.0
MMBench-ru,lora,3874,Каковы взаимоотношения между этими двумя существами в природе?,D,C,C,False,True,4.0
MMBench-ru,lora,1726,Какого цвета этот объект?,C,C,C,True,True,4.0
MMBench-ru,lora,1033,Какое человеческое поведение описывает эта картинка?,C,D,D,False,True,4.0
MMBench-ru,lora,3477,Каковы могут быть отношения между двумя людьми на этом изображении?,D,D,D,True,True,4.0
MMBench-ru,lora,1926,Что хочет выразить эта картинка?,C,C,C,True,True,4.0
MMBench-ru,lora,3674,К какой категории относится это изображение?,D,D,D,True,True,4.0
MMBench-ru,lora,3681,Какой стиль изображен на этой картине?,D,D,D,True,True,4.0
MMBench-ru,lora,213,Какой из этих вариантов является правильной подписью к этому изображению?,C,C,C,True,True,4.0
MMBench-ru,lora,1433,Примерно какую часть фотографии занимает человек на изображении?,B,C,C,False,True,4.0
MMBench-ru,lora,918,Какой из следующих подписей лучше всего описывает данное изображение?,C,C,C,True,True,4.0
MMBench-ru,lora,2662,Какова форма этого объекта?,A,A,A,True,True,4.0
MMBench-ru,lora,3442,Какое главное событие на этом изображении?,B,D,D,False,True,4.0
MMBench-ru,lora,2669,Какой формы этот объект?,B,D,D,False,True,4.0
MMBench-ru,lora,164,Что произойдёт дальше?,C,B,B,False,True,4.0
MMBench-ru,lora,127,Два стула на картинке одного цвета?,B,B,B,True,True,3.0
MMBench-ru,lora,3142,"Основываясь на изображении, какова возможная причина почти пустой миски?",D,D,D,True,True,4.0
MMBench-ru,lora,816,В каком стиле выполнена эта картина?,D,D,D,True,True,4.0
MMBench-ru,lora,83,Каковы природные взаимоотношения этих животных?,B,B,B,True,True,3.0
MMBench-ru,lora,3786,Какой из следующих подписей лучше всего описывает это изображение?,D,D,D,True,True,4.0
MMBench-ru,lora,624,Какую связь могут иметь два человека на этом изображении?,C,C,C,True,True,4.0
MMBench-ru,lora,3465,"Можете определить, в каком сезоне была сделана эта фотография?",C,C,C,True,True,4.0
MMBench-ru,lora,517,Показанный на рисунке газ:,A,B,B,False,True,4.0
MMBench-ru,lora,1939,Площадь какой фигуры можно вычислить с помощью формулы на этом изображении?,C,B,B,False,True,4.0
MMBench-ru,lora,2742,Какое настроение передает это изображение?,A,A,A,True,True,4.0
MMBench-ru,lora,468,Какой категории сцены лучше всего соответствует это изображение?,C,B,B,False,True,4.0
MMBench-ru,lora,2310,"Основываясь на описании, как люди на изображении взаимодействуют с игрой?",C,C,C,True,True,4.0
MMBench-ru,lora,892,"Объем какого предмета можно рассчитать, используя формулу на рисунке?",B,B,B,True,True,4.0
MMBench-ru,lora,3224,Какого цвета этот маленький блестящий цилиндр?,C,B,B,False,True,4.0
MMBench-ru,lora,2865,Какова функция продемонстрированного предмета?,C,C,C,True,True,4.0
MMBench-ru,lora,1049,"Основываясь на таблице, что изобрела Рут Хэндлер?",A,B,B,False,True,2.0
MMBench-ru,lora,1510,Какая категория сцены лучше всего соответствует этому изображению?,C,C,C,True,True,4.0
MMBench-ru,lora,687,Какое настроение передает это изображение?,A,A,A,True,True,4.0
MMBench-ru,lora,2481,Какое изображение показывает наибольший контраст?,D,C,C,False,True,4.0
MMBench-ru,lora,2487,Какова связь между людьми на изображении?,C,C,C,True,True,4.0
MMBench-ru,lora,3187,Какая эмоция изображена на этом изображении?,A,C,C,False,True,4.0
MMBench-ru,lora,3717,Какова функция демонстрируемого объекта?,A,A,A,True,True,4.0
MMBench-ru,lora,670,Какое настроение передает это изображение?,B,C,C,False,True,4.0
MMBench-ru,lora,1274,"На основании изображения, какова может быть основная причина, по которой человек на картинке использует черный зонтик?",C,C,C,True,True,4.0
MMBench-ru,lora,3329,"Какой текст может быть связан с этим изображением, размещённым в Твиттере?",D,A,A,False,True,4.0
MMBench-ru,lora,2370,Определите художественный стиль этого изображения.,B,C,C,False,True,4.0
MMBench-ru,lora,105,Обручи на картинке одного размера?,A,A,A,True,True,3.0
MMBench-ru,lora,1277,"Исходя из изображения, какова может быть цель металлической конструкции вокруг двухэтажного автобуса?",B,B,B,True,True,4.0
MMBench-ru,lora,3101,Какой из вариантов является правильным описанием этого изображения?,D,D,D,True,True,4.0
MMBench-ru,lora,3242,Какой художественный стиль представлен на этом изображении?,A,B,B,False,True,4.0
MMBench-ru,lora,1537,Какая категория сцены лучше всего соответствует этому изображению?,D,D,D,True,True,4.0
MMBench-ru,lora,1624,Где это находится?,A,A,A,True,True,4.0
MMBench-ru,lora,2928,Какой код на Python может сгенерировать содержимое изображения?,C,B,B,False,True,4.0
MMBench-ru,lora,812,Сколько яблок на изображении? И сколько бананов на изображении?,D,D,D,True,True,4.0
MMBench-ru,lora,311,"Основываясь на изображении, какова возможная цель данного места?",A,A,A,True,True,4.0
MMBench-ru,lora,2425,Какое движение хочет передать это изображение?,D,D,D,True,True,4.0
MMBench-ru,lora,2828,К какой категории относится это изображение?,C,C,C,True,True,4.0
MMBench-ru,lora,2569,Как называется это место?,C,D,D,False,True,4.0
MMBench-ru,lora,994,Какое человеческое поведение описано на этой картинке?,B,B,B,True,True,4.0
MMBench-ru,lora,417,Что изображено на этой картинке?,D,D,D,True,True,4.0
MMBench-ru,lora,3250,"Что могут обменять Маккензи и Зейн, чтобы каждый из них получил то, что он хочет?",D,D,D,True,True,4.0
MMBench-ru,lora,1235,Какая подпись правильно описывает это изображение?,C,C,C,True,True,4.0
MMBench-ru,lora,2802,Что это за достопримечательность и где она находится?,D,D,D,True,True,4.0
MMBench-ru,lora,2459,Кто изображен на этом фото?,D,B,B,False,True,4.0
MMBench-ru,lora,3627,что это за достопримечательность? и где это находится?,C,C,C,True,True,4.0
MMBench-ru,lora,2318,"Судя по изображению, в чем люди на пляже находят радость, несмотря на пасмурную погоду?",C,C,C,True,True,4.0
MMBench-ru,lora,168,"Объект, показанный на этой фигуре:",C,A,A,False,True,4.0
MMBench-ru,lora,1422,На картинке в каком направлении смотрит мужчина?,C,C,C,True,True,4.0
MMBench-ru,lora,2182,Какой из следующих вариантов является правильным описанием изображения?,D,D,D,True,True,4.0
MMBench-ru,lora,3750,Какое действие с дробями представлено этой формулой?,C,B,B,False,True,4.0
MMBench-ru,lora,2709,Какое настроение передает это изображение?,A,D,D,False,True,4.0
MMBench-ru,lora,1517,Какой категории сцены лучше всего соответствует это изображение?,C,C,C,True,True,4.0
MMBench-ru,lora,282,"Глядя на изображение, что может сказать о взаимоотношениях мужчины и его маленькой черной собаки в шляпе?",A,A,A,True,True,4.0
MMBench-ru,lora,3446,Какой тип окружения изображен на картинке?,C,C,C,True,True,4.0
MMBench-ru,lora,2652,"Основываясь на изображении, где находится ноутбук?",D,D,D,True,True,4.0
MMBench-ru,lora,1397,Какое движение хочет передать это изображение?,D,D,D,True,True,4.0
MMBench-ru,lora,51,Описывает ли этот отрывок погоду или климат?,A,B,B,False,True,2.0
MMBench-ru,lora,3106,Какое из следующих действий будет наименее ожидаемым поведением для женщины в дождливую погоду?,B,B,B,True,True,4.0
MMBench-ru,lora,2007,Какая из следующих подписей лучше всего описывает это изображение?,A,A,A,True,True,4.0
MMBench-ru,lora,432,Какое изображение показывает самый высокий контраст?,A,D,D,False,True,4.0
MMBench-ru,lora,1775,Кто этот человек?,D,B,B,False,True,4.0
MMBench-ru,lora,1483,Какая из изображений показывает наибольшую контрастность?,A,B,B,False,True,4.0
MMBench-ru,lora,3816,В каком направлении находится Китай от Кыргызстана?,D,D,D,True,True,4.0
MMBench-ru,lora,1883,Какова функция продемонстрированного объекта?,D,D,D,True,True,4.0
MMBench-ru,lora,2897,С каким особым днем связан этот плакат?,A,A,A,True,True,4.0
MMBench-ru,lora,3685,"Объект, показанный на этой фигуре:",D,B,B,False,True,4.0
MMBench-ru,lora,1783,Что это?,A,A,A,True,True,4.0
MMBench-ru,lora,721,Какой тип окружающей среды изображён на картинке?,D,D,D,True,True,4.0
MMBench-ru,lora,2137,На этом изображении две помады одного цвета?,A,C,C,False,True,3.0
MMBench-ru,lora,2664,Какого цвета этот объект?,B,B,B,True,True,4.0
MMBench-ru,lora,1106,Какой раствор имеет более высокую концентрацию розовых частиц?,A,C,C,False,True,3.0
MMBench-ru,lora,2522,Какой вариант правильно описывает взаиморасположение объектов на изображении?,C,B,B,False,True,4.0
MMBench-ru,lora,3092,Какой из вариантов является правильным описанием этого изображения?,D,D,D,True,True,4.0
MMBench-ru,lora,1980,В каком направлении находится Румыния от Средиземного моря?,D,B,B,False,True,4.0
MMBench-ru,lora,3021,Какова взаимосвязь между этими двумя существами в природе?,D,D,D,True,True,4.0
MMBench-ru,lora,1784,В каком углу нет никаких тарелок?,D,D,D,True,True,4.0
MMBench-ru,lora,2426,"Что могут обменять Дуэйн и Маделин, чтобы каждый получил то, что он хочет?",C,C,C,True,True,4.0
MMBench-ru,lora,1099,Какой из следующих ископаемых моложе? Выберите наиболее вероятный ответ.,A,A,A,True,True,2.0
MMBench-ru,lora,1320,Как называется показанная колония?,D,B,B,False,True,4.0
MMBench-ru,lora,1005,"В природе, какое отношение между этими двумя существами?",D,D,D,True,True,4.0
MMBench-ru,lora,354,Какое действие выполняется на этом изображении?,C,B,B,False,True,4.0
MMBench-ru,lora,1142,Каковы природные взаимоотношения этих животных?,A,A,A,True,True,3.0
MMBench-ru,lora,1846,К какой категории относится это изображение?,C,B,B,False,True,4.0
MMBench-ru,lora,998,Какое человеческое поведение описывает эта картинка?,D,D,D,True,True,4.0
MMBench-ru,lora,3162,"Основываясь на изображении, чему способствуют большая джакузи и мраморные столешницы в ванной комнате?",D,D,D,True,True,4.0
MMBench-ru,lora,2334,"Определите эмоцию, выраженную на этом изображении.",C,C,C,True,True,4.0
MMBench-ru,lora,2499,Какова связь между людьми на изображении?,A,A,A,True,True,4.0
MMBench-ru,lora,2736,Какова профессия людей на этом изображении?,D,D,D,True,True,4.0
MMBench-ru,lora,3049,Какой из вариантов является правильной подписью к этому изображению?,C,C,C,True,True,4.0
MMBench-ru,lora,1377,Этот образец соответствует какому стилю?,B,B,B,True,True,4.0
MMBench-ru,lora,117,"На этой картинке, двое людей стоят на одной высоте?",B,B,B,True,True,3.0
MMBench-ru,lora,3184,Международная организация состоит из членов () которые ().,A,B,B,False,True,4.0
MMBench-ru,lora,1331,Какая из подписей к этому изображению является правильной?,D,D,D,True,True,4.0
MMBench-ru,lora,3058,Какая из подписей правильно описывает это изображение?,A,A,A,True,True,4.0
MMBench-ru,lora,1997,Какое из следующих описаний лучше всего подходит к этому изображению?,D,D,D,True,True,4.0
MMBench-ru,lora,868,Какой особенный день связан с этим постером?,B,B,B,True,True,4.0
MMBench-ru,lora,1453,"Какой текст может быть связан с этим изображением, опубликованным в Twitter?",B,A,A,False,True,4.0
MMBench-ru,lora,1058,Это место переполнено?,B,да,,False,True,2.0
MMBench-ru,lora,1394,Какое чувство изображено на этой картинке?,A,A,A,True,True,4.0
MMBench-ru,lora,1145,На этом эскизе объекты одинакового размера и формы?,C,B,B,False,True,3.0
MMBench-ru,lora,2441,Что изображено на этой картинке?,C,D,D,False,True,4.0
MMBench-ru,lora,3330,На каком изображении показан самый высокий контраст?,D,D,D,True,True,4.0
MMBench-ru,lora,1131,Каковы природные отношения между этими животными?,C,C,C,True,True,3.0
MMBench-ru,lora,3518,Какова форма этого объекта?,D,C,C,False,True,4.0
MMBench-ru,lora,41,Пластик является минералом?,B,B,B,True,True,2.0
MMBench-ru,lora,2116,Какой из следующих подписей лучше всего описывает это изображение?,D,D,D,True,True,4.0
MMBench-ru,lora,782,К какой категории относится это изображение?,D,D,D,True,True,4.0
MMBench-ru,lora,3661,Сколько здесь собак?,A,C,C,False,True,4.0
MMBench-ru,lora,988,"В природе, какова взаимоотношения между этими двумя существами?",D,D,D,True,True,4.0
MMBench-ru,lora,3354,Какое отношение между людьми на изображении?,C,D,D,False,True,4.0
MMBench-ru,lora,3403,Как называется эта река?,A,A,A,True,True,4.0
MMBench-ru,lora,2274,Какой из вариантов является правильным описанием этого изображения?,A,A,A,True,True,4.0
MMBench-ru,lora,984,Какая взаимосвязь между этими двумя существами в природе?,A,D,D,False,True,4.0
MMBench-ru,lora,2998,В каком направлении находится Туркменистан от Ирана?,B,C,C,False,True,4.0
MMBench-ru,lora,1950,Какой из следующих заголовков лучше всего описывает это изображение?,A,A,A,True,True,4.0
MMBench-ru,lora,2645,Какова может быть связь между двумя людьми на этом изображении?,A,C,C,False,True,4.0
MMBench-ru,lora,2915,Какова наиболее вероятная цель этого плаката?,D,D,D,True,True,4.0
MMBench-ru,lora,2010,В каком направлении находится Северная Корея от Южной Кореи?,A,B,B,False,True,4.0
MMBench-ru,lora,1835,Где находится велосипед?,B,D,D,False,True,4.0
MMBench-ru,lora,70,Какой термин соответствует картинке?,B,B,B,True,True,2.0
MMBench-ru,lora,381,Какое движение хочет передать это изображение?,C,C,C,True,True,4.0
MMBench-ru,lora,1205,Почему кенгуру называют боксерами?,B,B,B,True,True,3.0
MMBench-ru,lora,907,Какая из следующих подписей лучше всего описывает это изображение?,D,D,D,True,True,4.0
MMBench-ru,lora,3206,Какое действие выполняется на этом изображении?,A,C,C,False,True,4.0
MMBench-ru,lora,2833,В каком стиле выполнена эта картина?,D,C,C,False,True,4.0
